"trade_date","country","beta","size","momentum","book_to_price","residual_volatility","liquidity","profitability","investment_quality"
"2008-01-02",0.019577,-0.001842,-0.002088,-0.00264,0.000801,-0.001924,0.003261,-0.001446,-0.001578
"2008-01-03",0.011697,0.001641,-0.002245,-0.002731,0.001292,0.001407,-0.000578,-0.000797,0.000216
"2008-01-04",0.009627,0.000363,0.002575,-0.001386,0.000959,0.005816,-0.000687,-0.001219,0.000163
"2008-01-07",0.01452,0.001328,-0.002407,0.000932,0.004119,0.003961,-0.000656,-0.003625,-0.002049
"2008-01-08",-0.014146,0.000957,0.004539,0.000934,-0.001825,-0.000245,-0.00216,0.001156,0.00105
"2008-01-09",0.020492,0.002087,-0.003371,-0.000614,-0.000249,0.000073,0.000605,-0.000279,0.000125
"2008-01-10",0.009861,0.000209,0.000417,-0.000841,0.000114,0.003957,-0.00214,-0.00159,-0.000499
"2008-01-11",0.002592,0.001458,-0.001553,0.001564,0.001263,-0.000747,-0.000314,0.000547,0.001991
"2008-01-14",0.00967,0.000427,-0.003805,0.003577,0.003566,-0.003935,0.000448,0.002175,-0.000301
"2008-01-15",-0.001558,0.001055,-0.004657,0.000902,0.000632,-0.000667,0.000006,-0.000799,-0.000075
"2008-01-16",-0.028034,-0.003551,-0.005999,0.001128,0.001011,-0.002438,0.00232,0.00086,-0.000381
"2008-01-17",-0.024083,-0.001725,-0.000092,-0.003252,-0.000599,-0.000375,-0.00342,0.000823,0.000087
"2008-01-18",0.009017,0.001468,0.002876,-0.00099,0.000612,0.000511,-0.002195,-0.001204,0.002195
"2008-01-21",-0.047688,-0.004626,-0.000795,0.001085,-0.000858,-0.002048,-0.005049,-0.001997,0.000285
"2008-01-22",-0.081314,-0.002629,0.002169,0.002506,-0.002101,-0.001881,-0.005126,0.002636,0.001149
"2008-01-23",0.051291,-0.001719,0.002445,0.002438,0.001769,-0.002908,0.002202,0.002653,-0.001545
"2008-01-24",0.01821,-0.003313,-0.003126,-0.002479,0.00036,0.001466,-0.00005,-0.002836,-0.002443
"2008-01-25",0.007721,0.005555,0.001673,-0.001178,0.00073,0.003496,-0.003757,-0.001447,0.000716
"2008-01-28",-0.070361,-0.005747,0.003584,-0.003771,0.000152,0.003381,-0.006393,0.00101,0.000357
"2008-01-29",0.010439,0.002543,-0.003858,-0.001872,0.004527,0.000067,0.001752,-0.000652,-0.000383
"2008-01-30",-0.003223,0.003766,-0.00532,-0.000435,-0.000415,0.000806,0.000327,0.001049,0.000055
"2008-01-31",-0.025355,0.003012,-0.000052,0.004871,0.001,-0.004784,-0.00597,-0.000728,-0.000929
"2008-02-01",-0.022289,-0.001065,0.004953,0.004828,0.000825,-0.003156,-0.005875,0.000543,-0.00031
"2008-02-04",0.084219,0.003758,-0.000067,0.000623,0.000709,0.001978,0.003467,0.000203,-0.000523
"2008-02-05",-0.002688,0.001622,-0.000031,0.001956,0.001018,0.002,0.003508,-0.000408,-0.000048
"2008-02-13",-0.015806,-0.000813,-0.004579,-0.001871,0.000268,0.002016,-0.001279,-0.001154,0.001357
"2008-02-14",0.015689,0.00074,-0.003143,0.001399,0.000245,-0.001018,0.002883,0.000152,-0.000342
"2008-02-15",-0.011168,-0.001353,-0.00252,0.000125,-0.000248,-0.000666,0.000896,0.000738,-0.000988
"2008-02-18",0.024044,-0.000767,-0.004216,0.001052,-0.000803,0.000057,0.001486,-0.000225,-0.001331
"2008-02-19",0.021757,0.002876,-0.001691,0.001297,-0.001422,0.000645,0.001181,-0.000015,0.000275
"2008-02-20",-0.017588,0.000235,-0.002687,0.000447,-0.000103,0.001281,0.001101,0.001233,0.00019
"2008-02-21",-0.000576,-0.000957,-0.006701,0.001172,0.000373,-0.00221,0.0021,-0.000104,-0.000529
"2008-02-22",-0.031279,-0.001272,-0.001521,-0.00167,-0.00142,-0.002119,-0.000713,0.001475,0.000349
"2008-02-25",-0.036638,-0.003488,-0.000668,-0.001882,0.001145,-0.000378,-0.000899,-0.001142,-0.000554
"2008-02-26",0.000826,0.004417,-0.001164,-0.004947,0.003335,0.001928,0.001519,-0.002786,0.000445
"2008-02-27",0.026206,0.002294,-0.000845,0.001064,-0.000054,-0.000643,0.001195,-0.00058,0.000328
"2008-02-28",-0.001794,0.000431,-0.00337,-0.000648,-0.00106,0.000639,0.000434,0.000467,-0.001466
"2008-02-29",0.012832,-0.000516,-0.001541,-0.000244,-0.000436,0.001665,0.00144,0.000468,-0.000128
"2008-03-03",0.027041,0.00006,-0.003757,0.004375,-0.001537,-0.002404,0.004597,0.000579,-0.001663
"2008-03-04",-0.01999,-0.001559,-0.002604,-0.00088,-0.000278,-0.001694,0.001072,-0.001542,0.001369
"2008-03-05",-0.004522,0.00001,-0.005955,-0.002237,0.000412,0.00057,0.004373,-0.001204,-0.000518
"2008-03-06",0.008445,0.002993,0.00125,-0.000948,0.001509,0.000286,-0.004878,-0.000033,0.001515
"2008-03-07",-0.015988,0.001238,0.000946,-0.001674,-0.001448,0.002808,-0.004014,-0.000775,-0.00012
"2008-03-10",-0.038815,-0.001204,-0.002477,-0.001086,0.000514,-0.000707,0.002084,0.000358,-0.001565
"2008-03-11",0.003882,-0.000635,-0.003703,-0.00135,0.000825,-0.000425,0.004979,-0.00113,0.001553
"2008-03-12",-0.030024,-0.001858,-0.001924,-0.001484,-0.000594,-0.000812,-0.001606,0.000479,0.000659
"2008-03-13",-0.033098,-0.003833,-0.000247,-0.000724,-0.000564,-0.003433,-0.004527,-0.001306,-0.000712
"2008-03-14",-0.009565,0.000444,-0.000868,-0.000855,0.003269,0.0017,0.000591,0.003635,-0.000969
"2008-03-17",-0.059344,-0.002963,0.004826,0.000317,0.001554,0.001437,-0.008125,0.001802,-0.000439
"2008-03-18",-0.062273,-0.005437,0.001486,0.002281,0.00032,-0.000578,-0.001927,0.000154,0.000795
"2008-03-19",0.036906,-0.001165,-0.003331,0.001098,-0.000682,0.00024,0.007646,-0.002082,-0.000232
"2008-03-20",0.033915,-0.001233,-0.001481,0.00203,-0.001473,0.000091,0.00587,-0.002851,-0.001213
"2008-03-21",0.009965,0.002036,-0.001508,0.000259,0.000299,-0.000223,0.00222,-0.000575,-0.000238
"2008-03-24",-0.037828,-0.003092,-0.00463,0.001535,-0.001858,-0.003137,0.004221,0.000002,0.000598
"2008-03-25",0.016046,0.000874,-0.001752,-0.000814,-0.001001,-0.001236,0.002817,-0.002622,-0.000287
"2008-03-26",0.000272,0.001345,-0.00235,0.001493,0.001249,0.001819,-0.004089,0.000743,0.000535
"2008-03-27",-0.044219,-0.004324,0.00024,0.000726,0.001137,0.000878,-0.008929,0.002073,0.000644
"2008-03-28",0.042912,0.003869,0.003229,-0.00345,-0.000208,0.001632,0.002703,0.001319,-0.001385
"2008-03-31",-0.036228,-0.000752,0.005219,-0.003692,-0.001924,-0.002622,-0.004671,0.001863,0.000481
"2008-04-01",-0.064775,-0.00432,0.004961,-0.000408,-0.000384,0.001134,-0.001682,0.003065,0.000959
"2008-04-02",-0.01946,-0.002813,0.013013,-0.001712,0.002073,-0.001956,-0.005456,0.001957,-0.000493
"2008-04-03",0.028683,0.003019,0.001718,0.001526,0.002284,-0.001299,0.001339,0.000661,-0.000778
"2008-04-07",0.057975,0.005084,0.000201,0.00101,0.000249,0.003791,-0.00117,0.000047,-0.000513
"2008-04-08",0.015685,0.004035,-0.00102,-0.001843,-0.000886,0.006679,-0.000326,0.001556,0.000152
"2008-04-09",-0.05513,-0.000843,0.004001,0.004669,0.003307,-0.001596,-0.009538,0.002818,-0.000521
"2008-04-10",0.022123,0.003827,-0.001502,0.001881,0.001759,0.003806,0.004664,0.000926,-0.000511
"2008-04-11",0.008562,0.000262,-0.005322,-0.002177,-0.001152,0.000113,0.001022,0.000314,0.001065
"2008-04-14",-0.066864,-0.006378,0.001342,0.001588,-0.002092,-0.003834,-0.001647,0.000997,0.000077
"2008-04-15",0.019744,0.004022,-0.003838,0.002179,0.003593,0.001657,0.008185,0.002274,-0.000453
"2008-04-16",-0.025865,-0.003262,-0.002547,0.002849,0.000782,-0.00334,-0.002756,0.001256,-0.00081
"2008-04-17",-0.032786,-0.003882,-0.000174,0.00312,0.002296,-0.000814,0.00221,0.003863,-0.000201
"2008-04-18",-0.040762,-0.005156,0.004071,0.002985,0.001993,0.002131,-0.005377,0.003261,0.000691
"2008-04-21",0.001853,0.00027,-0.002709,-0.002247,0.001772,-0.000199,0.003543,-0.000173,-0.001814
"2008-04-22",0.006107,-0.000066,0.006536,-0.001221,0.000395,0.000465,-0.000111,-0.001357,-0.001337
"2008-04-23",0.050498,0.005426,0.000067,-0.001278,-0.000712,0.003355,-0.001172,0.001233,-0.002358
"2008-04-24",0.095495,0.00199,0.000163,-0.000965,0.00051,0.001002,0.000883,-0.000268,-0.000369
"2008-04-25",0.005025,0.012681,0.002812,-0.003012,0.001081,0.004789,-0.001943,-0.001167,-0.000816
"2008-04-28",-0.016334,0.001838,-0.003642,0.003308,0.000203,-0.001678,0.006629,0.000403,-0.002142
"2008-04-29",0.015047,0.000482,-0.000854,0.000739,0.001615,0.001398,-0.002141,0.001587,-0.000067
"2008-04-30",0.045888,0.002603,0.004324,-0.003265,-0.000778,0.002924,-0.001649,0.000074,0.000085
"2008-05-05",0.025538,0.000703,-0.001837,-0.002642,-0.000751,0.004911,0.001194,0.003118,-0.000587
"2008-05-06",-0.007932,-0.000294,-0.002554,0.004391,-0.000086,0.003279,-0.001771,-0.001021,0.000393
"2008-05-07",-0.045973,-0.006321,-0.003492,0.000424,-0.003009,0.000047,-0.000355,-0.002698,0.001891
"2008-05-08",0.0293,0.00088,-0.000943,-0.000217,-0.002436,-0.0018,0.002753,0.000628,-0.000305
"2008-05-09",-0.009621,0.000116,-0.002097,0.000391,0.000229,0.00168,0.000047,0.002152,-0.001065
"2008-05-12",0.011982,0.00373,-0.005081,0.000958,0.001675,0.001547,-0.00037,0.001766,-0.003047
"2008-05-13",-0.009319,0.000985,-0.00796,-0.000349,0.00071,0.000608,-0.007406,-0.002754,-0.001852
"2008-05-14",0.031659,0.002369,0.000299,-0.002142,0.00295,0.003261,-0.000361,0.000471,0.000851
"2008-05-15",-0.007312,-0.000036,0.00105,0.000001,0.001733,0.001195,-0.002565,0.00015,0.000993
"2008-05-16",-0.004855,0.00279,0.001852,0.002099,-0.000044,0.000296,-0.000243,0.00098,0.00011
"2008-05-19",-0.004348,-0.000973,-0.003198,-0.00064,-0.000822,-0.001283,0.000493,0.001256,-0.001371
"2008-05-20",-0.05677,-0.00012,0.002095,0.000766,0.001265,0.001822,-0.003955,0.003023,0.000982
"2008-05-21",0.02165,0.000833,-0.000308,0.001074,0.002621,0.000906,0.001862,0.002521,0.003621
"2008-05-22",-0.01848,-0.002451,-0.005716,-0.001956,-0.000978,0.000343,-0.001776,-0.001368,-0.00004
"2008-05-23",-0.008596,-0.001481,-0.001357,0.000369,0.003274,-0.001678,-0.002346,-0.000469,0.00162
"2008-05-26",-0.032534,-0.005105,0.001239,-0.000729,-0.000193,-0.002897,0.000136,-0.001314,-0.000631
"2008-05-27",0.006619,0.002953,-0.002012,0.00052,0.000769,-0.00187,0.0003,0.000858,-0.000711
"2008-05-28",0.0298,0.004079,0.00057,0.000457,-0.001416,0.001223,0.001839,-0.00273,-0.001025
"2008-05-29",-0.026108,-0.003273,0.000658,-0.001414,-0.00085,0.000201,-0.002775,-0.002342,0.000281
"2008-05-30",0.010552,0.004496,0.001822,0.000031,0.001309,-0.000951,-0.002112,-0.000461,-0.001044
"2008-06-02",0.006301,0.000796,0.000054,-0.002322,0.000627,0.001953,-0.000266,-0.000043,0.000918
"2008-06-03",-0.004655,0.000733,-0.000358,0.000862,-0.000649,0.001276,-0.000662,-0.000676,0.000886
"2008-06-04",-0.016347,-0.001462,0.000116,-0.001538,-0.002403,0.000355,-0.001095,-0.001183,-0.000784
"2008-06-05",-0.009237,0.000089,-0.002912,-0.000464,0.00126,-0.000613,-0.001521,0.000911,-0.000518
"2008-06-06",-0.005058,-0.000522,-0.003886,0.00046,0.001595,-0.001949,-0.000618,0.001269,-0.001138
"2008-06-10",-0.084423,-0.003234,0.003031,0.003144,-0.001869,-0.000014,-0.002773,0.000466,-0.000996
"2008-06-11",-0.019452,-0.005376,0.003774,0.003325,-0.001977,-0.007033,0.003233,-0.001421,-0.001022
"2008-06-12",-0.016886,0.00017,-0.004185,-0.001442,0.000037,0.002495,0.002151,0.000122,-0.000143
"2008-06-13",-0.035487,-0.003568,-0.001263,0.000662,-0.000236,-0.004906,-0.008381,0.000947,-0.000546
"2008-06-16",-0.011646,-0.001159,0.001362,-0.003169,-0.000794,-0.00377,-0.000309,0.000829,0.001931
"2008-06-17",-0.042435,-0.006717,0.002337,0.000191,-0.002552,0.000377,-0.003472,0.00175,-0.001058
"2008-06-18",0.055685,0.006024,0.001149,0.00258,0.002395,0.00048,0.004693,0.001375,-0.000507
"2008-06-19",-0.078073,-0.003764,0.004332,0.001862,-0.001942,-0.000255,-0.001565,0.001109,0.000693
"2008-06-20",0.030589,0.004066,0.008825,0.003585,0.006483,-0.000919,0.000231,0.002325,-0.000426
"2008-06-23",-0.020167,0.001531,0.00439,0.001764,0.00599,0.000208,-0.002117,0.001073,0.002302
"2008-06-24",0.027414,0.004261,-0.001145,0.002868,0.002091,-0.000212,0.001089,0.001512,-0.000159
"2008-06-25",0.047476,0.003444,-0.002147,-0.00045,0.000664,0.003225,0.000219,-0.000344,-0.000628
"2008-06-26",0.006263,0.001785,-0.004582,-0.000853,-0.002041,0.003802,-0.001692,-0.00027,-0.000912
"2008-06-27",-0.062657,-0.004696,0.004758,0.001501,-0.001291,-0.002447,-0.002127,0.002971,0.002528
"2008-06-30",-0.001456,-0.00231,0.000558,-0.001916,0.001822,-0.00198,0.004925,0.000996,-0.000007
"2008-07-01",-0.027979,-0.002025,-0.001249,0.00227,0.00144,-0.003245,0.002735,0.002182,0.000212
"2008-07-02",0.007876,0.002042,-0.002018,-0.000579,0.000988,0.000542,0.003575,0.002175,0.000006
"2008-07-03",0.030832,0.003923,-0.001195,0.000237,-0.000177,0.000672,0.004082,0.001657,-0.001018
"2008-07-04",-0.003841,0.002656,-0.001347,-0.001043,-0.000193,0.001048,-0.002123,-0.000555,-0.001224
"2008-07-07",0.0541,0.004616,-0.002555,-0.001439,0.000232,0.001715,-0.001347,0.000239,-0.000768
"2008-07-08",0.008524,0.002336,-0.003491,-0.003107,-0.001753,0.004957,0.000473,-0.00091,-0.000119
"2008-07-09",0.036394,0.001437,-0.000537,-0.003221,-0.000094,0.003116,-0.003121,-0.002096,0.000248
"2008-07-10",-0.014691,-0.002749,-0.00104,-0.000882,-0.001123,-0.000666,-0.005911,-0.000091,-0.000302
"2008-07-11",-0.00723,-0.002496,0.000312,0.0029,-0.002087,-0.001066,0.004147,-0.001144,0.00212
"2008-07-14",0.012131,0.000435,-0.00589,-0.00165,-0.000537,0.001518,0.003065,-0.001692,0.000087
"2008-07-15",-0.038226,-0.001056,-0.003997,0.001812,0.001411,-0.000693,0.00125,0.001836,0.00297
"2008-07-16",-0.04053,-0.007392,0.002665,0.003154,0.000169,-0.005142,-0.000748,0.00063,-0.000089
"2008-07-17",-0.009225,-0.000902,-0.000798,0.00004,-0.000527,-0.002924,-0.004881,-0.002055,-0.000115
"2008-07-18",0.035417,0.00635,0.00142,-0.000791,0.001502,0.001457,0.000678,0.000273,0.001194
"2008-07-21",0.035705,0.001998,-0.000565,-0.003321,0.000359,0.003666,0.000131,0.0009,-0.000647
"2008-07-22",-0.000418,0.000641,-0.002615,-0.001208,-0.000647,0.000687,-0.001029,-0.002082,-0.001722
"2008-07-23",-0.007694,0.00053,-0.000334,-0.002112,0.000572,0.00088,-0.000884,-0.000465,0.000465
"2008-07-24",0.029594,0.001739,-0.000578,-0.001796,-0.000508,0.001562,0.000266,-0.001484,-0.000741
"2008-07-25",-0.011985,-0.000627,-0.003008,0.000314,-0.00061,0.001167,-0.002718,0.000708,-0.000626
"2008-07-28",0.011491,0.002887,-0.00275,-0.00138,-0.00013,0.001399,-0.002437,-0.000601,0.000714
"2008-07-29",-0.019767,-0.001413,-0.001436,0.000933,0.00019,0.001339,-0.003045,-0.000287,0.000559
"2008-07-30",-0.00559,0.000043,-0.001678,-0.00283,0.001412,-0.001152,-0.000665,0.001764,0.000594
"2008-07-31",-0.030105,-0.002298,0.001316,0.000442,-0.002268,-0.002062,-0.001633,0.000174,-0.001983
"2008-08-01",0.014882,0.002793,-0.001799,-0.000937,0.001966,0.000583,0.001939,0.001347,0.000048
"2008-08-04",-0.024663,-0.0033,-0.000105,-0.000113,-0.001051,-0.001113,-0.003378,-0.001605,-0.000084
"2008-08-05",-0.025688,-0.002041,-0.001029,-0.004722,0.000084,-0.002341,-0.003571,0.000265,-0.000708
"2008-08-06",0.004262,0.001203,-0.001772,-0.003376,0.001398,0.000548,0.000517,0.001907,-0.002028
"2008-08-07",0.000845,0.000715,-0.000475,-0.002472,0.001426,0.001464,0.000333,0.00062,0.00114
"2008-08-08",-0.054776,-0.005527,0.006235,0.003304,-0.002905,-0.000163,-0.008958,-0.000065,0.000035
"2008-08-11",-0.05986,-0.006338,0.0086,0.001408,-0.003306,0.000352,-0.00665,-0.000848,-0.000419
"2008-08-12",-0.006884,-0.003678,0.005109,0.001433,0.002023,-0.006076,-0.005544,-0.001166,0.001118
"2008-08-13",0.000438,-0.000716,0.001088,0.002738,0.001054,-0.001096,0.000108,0.00207,-0.003255
"2008-08-14",0.001254,-0.001544,-0.001627,0.000544,-0.000847,0.000308,0.001854,-0.000065,-0.001656
"2008-08-15",0.000438,-0.002568,-0.002687,-0.003132,-0.000615,-0.00079,-0.000297,-0.000689,-0.00081
"2008-08-18",-0.061274,-0.007962,0.005472,-0.001543,-0.001888,-0.003502,-0.00356,0.002285,-0.000685
"2008-08-19",0.014284,-0.000941,-0.001942,-0.003134,0.002266,0.00105,0.002994,0.001603,-0.002119
"2008-08-20",0.080166,0.005522,-0.00176,-0.000029,0.000754,0.001533,0.002078,-0.001891,-0.000878
"2008-08-21",-0.035566,0.003518,0.000507,-0.001672,-0.000174,0.001999,-0.001577,0.00016,-0.001396
"2008-08-22",-0.01629,0.002175,0.000247,-0.001296,0.000452,0.000756,-0.003247,-0.000164,-0.000139
"2008-08-25",-0.002271,-0.001728,-0.00314,0.0002,0.000256,-0.003203,0.001409,-0.002283,0.000302
"2008-08-26",-0.034767,-0.006704,0.003073,0.000582,0.000597,-0.004089,-0.002701,0.000911,0.002807
"2008-08-27",-0.003006,0.004156,-0.004447,-0.002483,0.004999,0.002139,0.002448,-0.000231,0.001389
"2008-08-28",0.002766,0.002164,-0.001878,-0.00061,0.002987,0.00057,-0.000059,0.001038,-0.000005
"2008-08-29",0.026831,0.003879,-0.000435,-0.002034,0.000812,0.000358,0.002167,0.001048,-0.001428
"2008-09-01",-0.033752,-0.002719,-0.000556,-0.003414,-0.00021,-0.001939,-0.000153,0.000947,0.001065
"2008-09-02",-0.004856,0.002178,-0.005978,-0.003414,0.004206,-0.00017,-0.001204,-0.003262,-0.000809
"2008-09-03",-0.015375,0.003859,-0.003658,-0.004244,0.003986,-0.001243,-0.000646,-0.001746,0.00088
"2008-09-04",0.003702,0.001021,-0.001173,-0.00014,0.000582,0.000984,0.001369,0.001163,-0.001757
"2008-09-05",-0.035886,-0.003965,0.006323,0.001052,-0.002524,-0.000502,-0.004476,0.000966,-0.001614
"2008-09-08",-0.031561,-0.006637,0.004591,-0.002432,-0.001179,-0.000915,-0.003834,0.002125,0.000452
"2008-09-09",0.007323,0.002454,-0.001076,-0.002484,0.001596,-0.000121,0.001527,0.000103,-0.000947
"2008-09-10",0.00573,0.003811,0.000085,-0.0004,0.000903,0.00156,-0.000177,0.00076,0.000322
"2008-09-11",-0.026494,-0.000348,0.000159,0.002642,0.003103,0.001397,-0.002607,0.002099,-0.001848
"2008-09-12",0.002118,0.000292,-0.000406,-0.0016,0.001444,-0.002808,-0.00066,-0.000003,0.000201
"2008-09-16",-0.030054,-0.000884,0.003871,0.003509,0.001872,-0.000107,-0.0031,0.001837,-0.000619
"2008-09-17",-0.027999,-0.001748,-0.000837,0.003732,0.000004,-0.000958,0.003191,0.002523,-0.002675
"2008-09-18",-0.021061,-0.002701,0.00206,0.003901,-0.000596,0.000973,0.003478,0.001274,-0.000889
"2008-09-19",0.099967,0.000032,-0.000029,0.000047,0.000067,0.000034,-0.000028,-0.000002,-0.000035
"2008-09-22",0.060536,0.012071,0.004993,0.000433,-0.000371,0.002736,0.002001,-0.004742,0.000071
"2008-09-23",-0.045907,0.004069,0.010761,0.000618,-0.002817,0.002455,-0.000966,-0.00068,0.002137
"2008-09-24",0.010916,0.002868,-0.001007,0.001978,-0.000593,0.005743,0.002828,-0.002836,-0.000017
"2008-09-25",0.037963,0.003811,0.004146,-0.00021,0.002726,0.001614,-0.00188,0.001594,-0.000897
"2008-09-26",0.010049,0.001236,0.004155,0.000912,-0.000509,0.000404,-0.004608,0.001763,-0.0008
"2008-10-06",-0.049574,-0.001921,-0.002049,0.004554,0.002909,-0.002615,0.00352,0.000112,-0.000252
"2008-10-07",-0.004884,-0.002426,-0.0012,0.000822,0.002481,0.002862,0.000096,0.001462,-0.000353
"2008-10-08",-0.035805,-0.005112,-0.003459,-0.001174,-0.00121,-0.002885,0.000372,-0.000522,0.002245
"2008-10-09",-0.014148,0.000299,-0.002508,0.001728,0.001835,-0.002342,-0.001947,-0.000481,0.000632
"2008-10-10",-0.050729,-0.005971,0.009014,-0.00154,0.001035,-0.003738,-0.002518,0.002876,0.00108
"2008-10-13",0.038478,0.006208,0.003724,0.001643,0.001815,0.002212,0.002351,-0.001994,-0.000299
"2008-10-14",-0.028256,-0.005679,0.000846,-0.003079,-0.000877,-0.000939,-0.003555,-0.000896,0.000944
"2008-10-15",-0.009079,0.000504,-0.004129,0.000307,0.001487,-0.001354,0.000827,-0.000113,0.00075
"2008-10-16",-0.051441,-0.007135,0.000837,0.000272,0.000056,-0.003021,-0.000635,-0.000367,0.001495
"2008-10-17",0.00908,0.003163,-0.004397,0.001093,0.001375,0.000208,0.000459,-0.002158,-0.000131
"2008-10-20",0.034471,0.006526,-0.000593,0.00147,0.001082,0.003916,0.001397,-0.000402,-0.000172
"2008-10-21",-0.006747,-0.000091,-0.00302,-0.001498,-0.001046,0.001103,-0.002024,0.000989,0.001006
"2008-10-22",-0.023105,-0.001224,-0.003993,-0.000342,-0.000864,-0.00201,-0.004413,-0.00059,0.000427
"2008-10-23",0.002842,0.00165,-0.000591,0.001493,0.001425,0.003408,0.001205,0.001523,0.000171
"2008-10-24",-0.02456,-0.002522,-0.003845,-0.001284,0.002221,-0.004389,0.002181,0.001808,-0.001072
"2008-10-27",-0.07808,-0.007557,-0.000156,-0.001279,-0.000318,-0.00477,0.002988,0.003869,-0.000551
"2008-10-28",0.031593,0.003565,-0.001046,-0.001056,0.001582,-0.00016,0.003619,0.002022,-0.001062
"2008-10-29",-0.032464,-0.006876,-0.002933,-0.005721,-0.00016,-0.006036,-0.00407,0.002662,-0.00101
"2008-10-30",0.022077,0.001785,0.001541,-0.002021,0.000133,0.001351,-0.000686,-0.000777,-0.002005
"2008-10-31",-0.017637,0.000548,-0.000377,0.001657,0.00091,0.001994,-0.003463,0.000676,-0.000647
"2008-11-03",-0.008018,-0.004357,0.000851,-0.004736,-0.001235,0.001668,-0.000125,-0.000042,0.001321
"2008-11-04",-0.015549,-0.003221,-0.000193,-0.002836,-0.001881,-0.001959,0.000359,-0.000638,0.00303
"2008-11-05",0.036881,0.002727,-0.001625,-0.001837,0.002877,0.002002,-0.000041,-0.000343,-0.000061
"2008-11-06",-0.023793,0.000287,-0.003725,-0.001666,0.001015,-0.002811,0.001342,-0.001042,0.001628
"2008-11-07",0.016056,0.003261,-0.003111,-0.001342,0.001298,0.001714,-0.000205,-0.003226,0.000712
"2008-11-10",0.076577,0.007217,0.001014,-0.000299,0.001062,0.003269,-0.000089,-0.000757,-0.000948
"2008-11-11",-0.010797,0.002509,-0.000111,0.000301,-0.000074,0.006566,-0.004495,-0.000972,0.000798
"2008-11-12",0.01546,0.00568,-0.005646,-0.002337,0.001723,0.00283,0.000487,-0.000527,-0.000307
"2008-11-13",0.044374,0.002018,-0.000106,-0.00211,-0.000007,0.00033,-0.000093,-0.000941,-0.001751
"2008-11-14",0.042512,0.002447,-0.00112,-0.001915,-0.001327,0.00386,0.000938,0.001141,-0.001591
"2008-11-17",0.030255,0.00248,-0.001836,-0.006039,0.000077,-0.001522,0.001488,-0.001952,0.00106
"2008-11-18",-0.077719,-0.004755,0.001368,0.000337,-0.001626,-0.001374,0.000332,-0.002535,0.002953
"2008-11-19",0.066886,0.00559,-0.000931,0.000159,0.002202,0.00149,-0.00101,0.002925,0.000501
"2008-11-20",-0.005479,0.005104,-0.001692,0.002498,0.002557,0.005484,-0.005927,0.001861,0.003356
"2008-11-21",-0.005955,0.001363,0.003485,0.001986,-0.001743,0.001779,-0.002657,-0.000371,0.003083
"2008-11-24",-0.042578,-0.006011,-0.002697,0.003119,0.000373,-0.003138,-0.000024,0.000712,-0.000271
"2008-11-25",-0.004852,0.000337,-0.002683,0.001189,-0.000385,-0.003144,0.000925,0.001635,0.000173
"2008-11-26",0.006178,0.001978,-0.001002,0.001146,0.00175,0.000481,-0.002856,0.000238,0.00077
"2008-11-27",0.016581,0.001238,0.001739,-0.002788,0.000452,0.001592,-0.003668,0.001612,0.000068
"2008-11-28",-0.019547,0.000373,-0.001092,-0.001202,-0.002857,-0.000928,0.000746,-0.000493,-0.001891
"2008-12-01",0.024677,0.002851,-0.006654,-0.004072,-0.003008,0.00151,0.00461,-0.000675,-0.000313
"2008-12-02",0.006707,0.000972,-0.003463,-0.002887,0.002333,-0.001074,-0.000176,0.002301,-0.000682
"2008-12-03",0.044448,0.00156,-0.000586,-0.001881,0.000134,0.002779,0.000343,-0.00053,-0.00125
"2008-12-04",0.012964,0.002083,0.00225,0.001288,0.000533,0.00326,-0.003664,0.001552,0.001028
"2008-12-05",0.016847,0.003013,-0.006841,-0.001746,0.00005,0.00152,0.001563,-0.00154,-0.000089
"2008-12-08",0.042063,0.000975,-0.002073,-0.00362,0.000491,0.003047,0.000942,-0.000417,0.000392
"2008-12-09",-0.025327,-0.001332,0.00089,-0.00203,-0.003395,0.001616,-0.001023,-0.000156,-0.000883
"2008-12-10",0.028799,0.001891,-0.005546,-0.001505,0.00082,0.001071,-0.000434,-0.000524,-0.000855
"2008-12-11",-0.026107,-0.002376,0.002362,0.000764,-0.000075,0.000582,-0.003058,-0.000276,0.001945
"2008-12-12",-0.041655,-0.001676,0.002605,0.003825,-0.00059,-0.003425,-0.002843,0.001254,0.003109
"2008-12-15",0.010884,0.001082,-0.003848,0.000147,0.000626,0.000214,0.001097,0.000325,-0.000219
"2008-12-16",0.011933,0.000113,-0.003381,-0.000104,0.000994,0.002073,0.000876,0.002238,-0.002365
"2008-12-17",0.006821,0.000447,-0.003103,-0.002248,0.000871,0.002688,-0.004333,0.002167,0.001658
"2008-12-18",0.020557,0.000687,-0.001294,-0.002987,0.00007,0.000402,-0.00154,0.000526,0.000277
"2008-12-19",0.006358,-0.000249,-0.001019,0.000618,0.001375,0.001156,-0.00148,0.001665,-0.001864
"2008-12-22",-0.010703,-0.000697,-0.009571,-0.002774,-0.001301,-0.000974,0.000761,0.00293,-0.002092
"2008-12-23",-0.05456,-0.005676,0.001358,-0.00034,-0.0036,-0.00206,-0.002565,-0.002486,0.00051
"2008-12-24",-0.017018,-0.001105,0.000587,-0.000483,-0.001174,-0.001652,-0.001677,0.001694,0.000559
"2008-12-25",-0.006067,-0.001236,-0.003584,0.001674,-0.000414,-0.002689,0.003802,0.000061,-0.00031
"2008-12-26",-0.003308,-0.002208,-0.000753,-0.000124,0.000579,-0.002512,0.000104,0.001733,-0.001656
"2008-12-29",0.00036,0.000401,0.003492,0.002583,0.000606,0.002628,-0.001154,0.00167,0.001391
"2008-12-30",-0.00916,-0.00246,-0.003306,-0.000762,-0.002912,-0.001508,-0.000659,0.000997,-0.001997
"2008-12-31",-0.009164,-0.001931,0.001225,0.002783,-0.000068,-0.001938,-0.002147,0.001798,-0.002001
"2009-01-05",0.038319,0.00649,-0.002376,0.000287,0.001696,0.004298,0.003205,-0.000799,-0.000371
"2009-01-06",0.033246,0.00682,0.000809,-0.001023,0.002392,0.005314,-0.000501,-0.001126,0.001425
"2009-01-07",-0.00312,0.002421,-0.002115,-0.001697,-0.000047,0.001061,-0.000642,-0.001825,0.000063
"2009-01-08",-0.021967,-0.002166,0.000738,0.001819,-0.001354,-0.000395,0.000977,0.001097,-0.001211
"2009-01-09",0.020943,0.003192,-0.004862,-0.000857,0.000491,0.001756,0.000472,0.002191,-0.001029
"2009-01-12",0.00423,0.004154,-0.002254,-0.000478,0.000432,0.003367,-0.002413,0.000009,0.000456
"2009-01-13",-0.025253,-0.002626,0.001307,0.002154,0.001418,0.000008,-0.002903,-0.003598,0.001119
"2009-01-14",0.041573,0.005298,-0.001537,-0.000508,-0.000737,0.001427,0.002927,0.001276,-0.001062
"2009-01-15",0.002443,0.005564,-0.001158,0.000965,0.001201,0.003493,-0.001527,-0.001108,-0.000038
"2009-01-16",0.01472,0.002695,0.002871,-0.003677,0.001514,-0.000757,-0.000649,0.000064,0.000019
"2009-01-19",0.006789,-0.001082,0.002034,-0.001332,0.000849,-0.000293,0.001306,-0.000378,0.001787
"2009-01-20",0.008257,0.00273,-0.001487,0.000088,0.000015,0.000247,0.000867,0.000555,-0.001067
"2009-01-21",-0.002759,0.001451,0.000354,0.000093,0.001314,0.001392,-0.001733,-0.001699,-0.000312
"2009-01-22",0.012676,0.002143,-0.000877,-0.003105,0.000033,0.000615,-0.000167,-0.000009,-0.000018
"2009-01-23",-0.005147,0.000228,0.001161,0.00232,0.001834,0.001263,-0.003376,0.000147,-0.000338
"2009-02-02",0.019062,0.002608,-0.000709,-0.001734,-0.000939,0.001055,0.001074,-0.000087,0.001323
"2009-02-03",0.025624,0.002513,-0.001979,-0.003713,0.001592,0.001257,-0.000578,0.000199,0.000092
"2009-02-04",0.025111,0.002463,0.00034,-0.001553,0.003886,0.004728,-0.001307,-0.000047,-0.001271
"2009-02-05",-0.010594,-0.001985,0.000392,-0.000401,-0.000762,0.001587,0.000995,-0.000875,0.00166
"2009-02-06",0.041045,0.002206,-0.002387,-0.004184,0.004024,0.00035,0.000775,0.001828,-0.000146
"2009-02-09",0.028733,0.002435,-0.000935,-0.002569,0.00191,0.00394,0.001399,0.00147,-0.000284
"2009-02-10",0.018911,0.004739,-0.00116,-0.006364,0.001947,0.003066,0.001282,0.003464,0.00007
"2009-02-11",0.002734,-0.00137,-0.001025,-0.001118,0.002141,-0.000619,-0.000934,-0.000849,0.000129
"2009-02-12",0.00378,-0.000339,-0.002656,0.001092,0.001329,-0.001025,-0.000278,-0.001975,0.001682
"2009-02-13",0.036064,0.003362,-0.000045,-0.003213,0.00296,-0.000383,-0.001416,-0.001189,-0.000479
"2009-02-16",0.02405,0.002039,-0.00214,-0.002694,0.004051,-0.000224,0.000029,-0.001297,-0.000113
"2009-02-17",-0.034964,-0.003962,0.000016,-0.00004,-0.00302,-0.00024,0.00096,0.001553,-0.000528
"2009-02-18",-0.044918,-0.003843,-0.000662,0.003914,-0.00287,-0.000434,-0.000605,-0.001923,0.001641
"2009-02-19",0.015647,0.000675,-0.00116,0.003067,0.000372,-0.000193,-0.000783,-0.000725,-0.000332
"2009-02-20",0.02432,0.003196,-0.002659,-0.000269,0.000616,0.001015,0.000695,0.001555,-0.000667
"2009-02-23",0.028923,0.00212,-0.003521,-0.000981,0.003338,0.001229,0.000739,0.000335,-0.000387
"2009-02-24",-0.043347,-0.000907,0.00179,0.001287,0.000781,-0.000411,-0.002516,0.001297,0.000746
"2009-02-25",0.001147,0.000887,-0.009467,-0.001454,0.001386,-0.001288,0.000903,0.000556,0.000019
"2009-02-26",-0.057449,-0.005391,0.000859,-0.001398,0.000454,-0.000637,-0.002781,-0.002013,-0.000903
"2009-02-27",-0.034329,-0.008915,0.011792,0.004023,-0.001698,-0.002694,-0.001105,0.000985,-0.001963
"2009-03-02",0.016331,0.001481,-0.000887,0.004895,0.001282,0.000514,0.000236,0.000427,0.00066
"2009-03-03",-0.004762,0.000986,-0.002168,0.004044,-0.000343,0.000294,-0.000725,-0.001615,0.000635
"2009-03-04",0.065391,0.006524,-0.000973,-0.001038,0.001089,0.003479,-0.001862,0.000855,-0.000484
"2009-03-05",0.009074,0.002448,-0.005729,-0.001242,0.002159,0.002295,-0.00135,0.001254,0.000386
"2009-03-06",-0.008457,0.002054,-0.003761,-0.00301,0.001394,-0.000419,-0.002533,0.000312,-0.00158
"2009-03-09",-0.038633,-0.004034,-0.000451,0.003339,-0.000383,-0.002854,-0.002776,0.000791,0.000551
"2009-03-10",0.020888,0.004048,-0.003062,-0.00127,-0.000105,0.001246,0.00026,0.000908,0.000853
"2009-03-11",-0.007947,0.000109,-0.004262,0.001405,0.000568,0.000032,-0.001326,-0.000212,0.000436
"2009-03-12",-0.001934,-0.000182,-0.002718,-0.0005,0.000636,-0.002036,0.003505,-0.001405,0.000943
"2009-03-13",-0.005625,-0.000051,0.001191,0.002739,-0.000472,0.000376,-0.00215,-0.000582,-0.00074
"2009-03-16",0.016289,0.00296,-0.000803,0.000597,-0.00006,0.000624,-0.001103,-0.000699,-0.000649
"2009-03-17",0.03654,0.004461,0.0005,-0.000234,0.001489,0.002476,-0.000433,0.001194,-0.000457
"2009-03-18",0.007132,0.003828,0.000347,-0.000121,0.00076,0.00384,-0.001694,-0.000085,-0.001047
"2009-03-19",0.022257,0.00361,0.000207,-0.001126,0.000312,0.002541,-0.000824,0.000285,0.00005
"2009-03-20",-0.001466,0.001386,0.001897,-0.000834,0.000153,0.001678,-0.000128,0.001621,0.001226
"2009-03-23",0.025355,0.00489,0.001254,0.001427,0.003004,0.0023,-0.000012,0.000929,-0.001595
"2009-03-24",0.006008,0.000162,0.00028,0.000045,-0.000213,0.00064,0.000549,-0.002245,-0.001106
"2009-03-25",-0.02331,-0.002873,-0.001865,0.000937,-0.003591,-0.001412,-0.001962,-0.002836,0.000198
"2009-03-26",0.031667,0.00743,0.001741,-0.002307,-0.002224,0.00085,0.00045,-0.002091,0.000504
"2009-03-27",0.008738,0.0033,0.000747,-0.00109,-0.000521,0.000053,-0.000097,-0.002837,-0.000466
"2009-03-30",-0.002265,-0.000002,-0.0057,-0.000562,-0.000417,-0.000114,-0.000829,0.001706,-0.001708
"2009-03-31",0.010694,0.00125,0.001074,0.00004,-0.001418,0.001192,-0.000554,-0.00084,-0.000881
"2009-04-01",0.016567,0.001732,-0.001169,-0.002834,0.001746,0.000937,0.000266,0.001257,-0.000396
"2009-04-02",0.00774,0.000645,0.000175,-0.000612,0.002078,0.002332,-0.002456,0.002136,-0.002044
"2009-04-03",-0.005284,-0.000572,-0.003652,0.001035,0.000359,-0.000807,-0.000185,0.002825,-0.001013
"2009-04-07",0.005735,-0.000912,-0.003471,0.00156,0.00053,-0.000029,0.002704,-0.00059,0.000934
"2009-04-08",-0.036459,-0.002809,-0.001283,-0.000096,-0.001136,-0.000095,-0.003829,0.000474,-0.000846
"2009-04-09",0.016559,-0.000346,-0.001655,0.000844,-0.001183,-0.000843,0.001994,-0.001756,0.000392
"2009-04-10",0.033259,0.003343,0.002246,-0.000222,-0.001432,0.002614,-0.001299,-0.000595,-0.001665
"2009-04-13",0.022028,0.002423,0.002642,-0.00115,-0.000602,0.000622,-0.000247,0.00007,-0.001245
"2009-04-14",0.01143,0.000241,-0.002262,0.002046,-0.000837,-0.000719,0.000988,-0.000382,-0.001416
"2009-04-15",0.008476,0.001598,-0.003329,-0.001598,0.000562,0.00181,-0.00232,0.000122,-0.00192
"2009-04-16",0.002383,0.002146,-0.003134,-0.002721,0.002756,0.000222,-0.003355,-0.00003,-0.00129
"2009-04-17",-0.012127,-0.001368,0.001719,-0.001119,0.000012,0.000671,-0.004019,-0.000537,0.000297
"2009-04-20",0.024349,0.001989,-0.004978,-0.003701,0.000687,-0.000501,-0.000932,-0.000486,0.001822
"2009-04-21",-0.009689,-0.001347,-0.00159,-0.000915,0.001912,-0.000525,0.000254,-0.003721,-0.000488
"2009-04-22",-0.041,-0.004911,0.004495,0.001865,0.00098,-0.004232,0.000889,-0.000008,0.001137
"2009-04-23",0.008024,0.002111,0.000575,-0.00118,-0.002416,0.002229,-0.001862,0.001648,-0.00108
"2009-04-24",-0.007312,-0.00216,-0.001622,0.001219,-0.001288,-0.002909,-0.000636,-0.000157,-0.000843
"2009-04-27",-0.029346,-0.003693,0.004311,0.001727,0.000057,-0.000013,-0.001949,0.001326,0.00031
"2009-04-28",0.00712,0.004335,-0.004253,0.000696,0.002133,-0.000549,-0.001735,0.000628,0.000032
"2009-04-29",0.03135,0.004356,0.001665,0.000761,-0.000126,0.001921,-0.001974,-0.00221,0.000642
"2009-04-30",0.01001,0.002217,0.000245,0.001047,-0.002309,0.000513,-0.003692,-0.002167,-0.000373
"2009-05-04",0.035077,0.004156,-0.00134,-0.001434,0.001364,0.002746,-0.000743,0.000461,-0.000878
"2009-05-05",0.005861,0.000098,-0.003006,0.000658,0.000184,0.002649,0.00065,-0.001723,0.000839
"2009-05-06",0.014592,0.00319,-0.00038,0.000365,-0.000038,0.000235,-0.000251,0.000197,-0.000846
"2009-05-07",-0.002116,0.002643,-0.0045,-0.001928,-0.000786,0.000145,-0.000151,-0.0017,-0.000998
"2009-05-08",0.005295,0.001267,-0.004335,-0.003219,0.003529,-0.002013,-0.003001,0.000067,0.001245
"2009-05-11",-0.030314,-0.003276,0.002851,-0.002609,0.001675,-0.002314,-0.001642,-0.000324,-0.001619
"2009-05-12",0.024271,0.002984,-0.000796,0.001288,0.001759,0.002846,-0.000494,-0.000141,-0.00047
"2009-05-13",0.008806,0.00197,-0.002304,-0.000504,0.003904,0.001199,-0.000913,0.001863,-0.000735
"2009-05-14",-0.003503,0.001643,-0.002033,-0.000261,-0.000069,0.002052,-0.002044,-0.001073,0.00023
"2009-05-15",0.003474,-0.000598,-0.002801,-0.000497,0.000218,0.001442,0.000259,-0.002153,-0.00078
"2009-05-18",0.00585,0.000021,-0.003484,0.000707,0.000657,0.00053,-0.001058,-0.000614,0.000548
"2009-05-19",0.009622,0.002658,-0.001319,0.000044,-0.000484,0.000653,-0.000133,-0.001106,-0.000531
"2009-05-20",-0.008388,0.00062,-0.00143,0.001822,0.001297,0.00053,-0.001021,0.000621,-0.000999
"2009-05-21",-0.021544,-0.003488,0.000077,-0.000439,-0.001864,-0.002976,0.002323,-0.000582,0.002492
"2009-05-22",-0.000793,0.000549,-0.000269,-0.000275,0.000444,0.000134,-0.001336,-0.0008,0.000528
"2009-05-25",0.00481,0.002732,0.002551,0.000581,-0.001144,0.000743,0.000198,-0.000055,-0.001033
"2009-05-26",-0.007265,-0.002488,-0.004512,-0.001367,0.002328,0.000326,-0.000835,0.001784,-0.000869
"2009-05-27",0.010835,0.000687,0.000328,-0.000417,0.000477,0.000863,-0.002618,0.000043,0.000982
"2009-06-01",0.028947,0.003314,0.00167,0.00016,0.000906,0.001489,0.000134,0.000646,-0.00032
"2009-06-02",0.004026,0.001947,-0.001313,-0.001174,0.001419,0.002165,0.001459,0.00019,0.000568
"2009-06-03",0.019761,0.002026,-0.002264,-0.000452,0.00097,0.001429,-0.001164,0.001124,-0.000015
"2009-06-04",0.000424,0.000048,-0.001224,-0.001745,0.001198,-0.000634,-0.000388,0.000059,0.000356
"2009-06-05",-0.005257,-0.001957,-0.000731,-0.001673,-0.000348,0.001347,0.000244,0.002478,0.001461
"2009-06-08",0.001351,0.000517,-0.005228,-0.003131,-0.000356,-0.001696,-0.002734,-0.002447,0.002077
"2009-06-09",0.005772,-0.001713,-0.00251,-0.000978,0.000617,-0.000572,-0.001151,-0.001352,-0.002043
"2009-06-10",0.011077,-0.001364,0.000107,-0.002628,0.001994,-0.0007,-0.001413,-0.000432,0.000173
"2009-06-11",-0.008682,-0.001312,-0.001048,-0.0003,-0.001919,-0.000556,0.000949,0.001079,-0.000168
"2009-06-12",-0.019903,-0.001842,0.000526,0.001988,-0.000381,-0.001602,-0.000525,-0.001666,-0.000564
"2009-06-15",0.018221,-0.000657,-0.002138,0.000493,0.001018,-0.002519,0.000095,-0.000409,-0.001263
"2009-06-16",-0.000802,0.00097,0.000589,0.001021,0.001034,0.000999,-0.000419,0.002263,0.000124
"2009-06-17",0.0158,0.001292,0.001621,0.001119,0.000366,0.000841,-0.000794,0.000545,0.000097
"2009-06-18",0.012934,0.001131,0.001473,0.000309,0.001408,0.002478,0.000456,0.001214,-0.000422
"2009-06-19",0.006414,-0.001942,0.000818,-0.000784,0.001112,-0.004214,0.000197,-0.001113,-0.000936
"2009-06-22",-0.001612,-0.001724,0.000162,-0.000797,0.001613,0.000899,0.000604,0.000597,-0.000285
"2009-06-23",-0.000641,-0.000701,-0.002279,0.001041,-0.000381,-0.00057,-0.000084,0.000035,0.00029
"2009-06-24",0.014477,0.001781,0.003164,0.002433,0.00083,0.001449,-0.000673,0.000239,-0.000114
"2009-06-25",-0.000442,-0.001613,-0.003486,0.000896,-0.001062,0.002633,-0.000307,-0.000467,-0.000185
"2009-06-26",0.003692,0.001563,-0.000851,0.000638,-0.000055,0.00096,0.000418,-0.00107,0.001651
"2009-06-29",0.013647,0.001315,0.002921,0.00127,-0.00024,-0.00159,-0.001609,-0.000616,0.000558
"2009-06-30",-0.006473,-0.000746,0.001029,0.00157,-0.000529,0.00271,0.000388,0.000686,-0.000523
"2009-07-01",0.01837,0.00276,0.001478,0.001516,0.001199,-0.000101,-0.000698,0.000463,0.000343
"2009-07-02",0.011544,0.00122,-0.000185,-0.000439,0.001298,0.000801,-0.000654,-0.000078,0.000367
"2009-07-03",0.011855,0.002511,0.00051,0.002807,0.001049,-0.001752,-0.001097,0.001204,-0.000725
"2009-07-06",0.011866,0.003394,0.002241,-0.001978,0.001884,-0.001201,-0.000025,0.000488,-0.000236
"2009-07-07",-0.00677,-0.001668,-0.00226,-0.002186,0.000774,0.002384,-0.000271,0.000408,-0.000846
"2009-07-08",0.003895,0.003366,-0.002806,0.003894,0.0008,-0.001251,-0.000324,0.001277,-0.000448
"2009-07-09",0.014794,0.00047,-0.001236,-0.000651,0.000041,0.003057,-0.000937,-0.001109,-0.00151
"2009-07-10",0.002785,0.000176,0.001235,0.000011,-0.000183,0.00138,-0.002277,-0.000559,0.00115
"2009-07-13",-0.005854,-0.001578,-0.000781,0.000172,-0.000421,-0.00054,-0.000589,-0.001029,0.000903
"2009-07-14",0.024405,0.00151,0.000962,0.001555,0.001782,0.000993,-0.000962,-0.000855,-0.000378
"2009-07-15",0.0104,0.003919,0.000524,-0.000477,0.002471,0.00353,-0.000048,-0.000079,0.000048
"2009-07-16",0.002287,0.001649,-0.001243,-0.001322,-0.001081,0.001665,-0.000965,-0.002897,0.000965
"2009-07-17",0.004427,0.002631,-0.002478,-0.002141,-0.00047,0.000033,-0.000458,-0.001464,0.000277
"2009-07-20",0.019884,0.003119,-0.000602,-0.004779,0.000865,-0.000009,0.001265,0.002048,-0.000818
"2009-07-21",-0.018209,0.001443,0.001257,-0.000833,-0.00082,0.000465,-0.000333,0.002947,0.001769
"2009-07-22",0.017283,0.003772,-0.000934,-0.00182,0.001262,-0.00057,0.000193,-0.001557,-0.000805
"2009-07-23",0.011319,0.00038,0.000012,0.001526,0.001192,-0.000953,-0.000832,-0.000523,-0.000354
"2009-07-24",0.000427,0.001507,0.001945,-0.002395,-0.000227,0.000155,-0.001773,-0.001634,0.000013
"2009-07-27",0.020458,0.002885,0.000687,-0.001318,0.00181,0.00127,0.000655,0.000827,0.000035
"2009-07-28",0.005987,0.001286,-0.001126,-0.002899,0.003221,0.000051,0.00135,0.000653,-0.000772
"2009-07-29",-0.051985,-0.00376,0.002273,0.00131,0.000212,0.002562,-0.003589,0.001319,-0.000759
"2009-07-30",0.021771,0.000956,0.00049,-0.002101,-0.001513,-0.00295,0.000137,-0.001895,-0.001199
"2009-07-31",0.029251,0.004126,0.000778,-0.002136,-0.00001,0.001086,-0.000339,-0.002864,0.000192
"2009-08-03",0.017689,0.006622,-0.001101,-0.009145,0.00214,0.003422,-0.002122,-0.001503,-0.000522
"2009-08-04",0.002875,0.002205,-0.000938,-0.006822,0.000693,0.00268,-0.002355,-0.000628,-0.002434
"2009-08-05",-0.006583,-0.002934,-0.002907,-0.000215,-0.000178,-0.002177,0.002892,0.001583,0.000363
"2009-08-06",-0.019488,-0.004844,-0.001785,0.001943,-0.00067,-0.000931,0.001113,-0.000627,-0.001115
"2009-08-07",-0.029559,-0.00446,-0.004388,0.002565,0.001053,-0.00327,-0.002365,0.001374,0.000825
"2009-08-10",0.00159,0.000491,-0.002703,-0.003088,-0.00088,-0.002129,-0.000403,-0.002233,-0.000351
"2009-08-11",0.005098,-0.001808,-0.001151,0.003538,-0.000484,-0.000681,-0.001414,-0.000958,0.001051
"2009-08-12",-0.044928,-0.002084,0.00277,0.004473,0.000202,0.000695,-0.003236,-0.000645,0.000476
"2009-08-13",0.010343,0.002799,-0.000415,0.001406,-0.00005,-0.000418,0.000032,0.000303,-0.001958
"2009-08-14",-0.033178,-0.000787,0.004857,0.006103,-0.001875,-0.001732,-0.003716,-0.000857,-0.003126
"2009-08-17",-0.062532,-0.007206,0.001783,0.001023,-0.000759,-0.004783,0.000321,0.000699,-0.000412
"2009-08-18",0.014664,0.003242,-0.000477,-0.005581,0.002006,0.005136,-0.001925,0.000364,0.000569
"2009-08-19",-0.049256,-0.009306,0.003809,0.001377,-0.002983,-0.000201,-0.00242,0.000224,0.000351
"2009-08-20",0.041826,0.00283,-0.000348,0.000863,0.000068,0.002271,-0.00015,-0.000745,0.000433
"2009-08-21",0.021758,0.000995,-0.004238,0.001094,-0.000026,0.005197,-0.000404,-0.000604,0.000305
"2009-08-24",0.010798,-0.000469,-0.003342,0.002463,-0.000878,0.002911,-0.002102,0.001107,-0.000699
"2009-08-25",-0.030474,-0.005009,-0.00135,-0.001505,-0.002509,0.000002,-0.001407,0.001258,0.002138
"2009-08-26",0.024117,0.003677,-0.002857,-0.001658,0.00159,0.00179,-0.001782,-0.001454,0.000637
"2009-08-27",0.001032,0.001491,-0.006365,-0.002684,0.000887,0.000776,-0.002467,-0.001745,0.001001
"2009-08-28",-0.032265,-0.004956,-0.000538,-0.001787,-0.00106,-0.00133,0.000806,-0.001439,0.0023
"2009-08-31",-0.071419,-0.007266,-0.000251,-0.003478,-0.00165,-0.00085,-0.000691,0.000272,0.00166
"2009-09-01",0.00469,-0.001716,-0.003457,-0.002266,0.001443,-0.001503,-0.003732,-0.000677,-0.001352
"2009-09-02",0.014806,-0.000407,-0.001924,0.000543,0.000504,0.001076,-0.000289,0.00098,-0.000351
"2009-09-03",0.051972,0.005188,0.002387,0.003364,0.000871,0.002527,0.000248,0.00026,-0.00087
"2009-09-04",0.009,0.001352,0.000079,0.000449,-0.001359,0.001983,0.000118,-0.000405,0.000555
"2009-09-07",0.009444,-0.000889,-0.000251,-0.000787,0.001098,0.003636,0.001679,0.003889,0.000768
"2009-09-08",0.020212,0.002754,0.00207,0.000898,0.000471,0.004177,-0.001264,0.000964,-0.000796
"2009-09-09",0.007754,0.003699,0.000666,0.001534,-0.000495,0.002202,-0.000784,-0.000105,-0.001847
"2009-09-10",-0.009042,-0.002799,0.000498,0.001227,-0.000284,-0.000272,-0.001565,0.00003,0.00215
"2009-09-11",0.022346,0.002492,-0.000464,-0.000545,0.00134,0.001988,0.001158,-0.000112,0.000967
"2009-09-14",0.018811,0.00193,-0.001415,0.000671,0.000901,-0.000279,-0.00157,-0.000366,-0.00023
"2009-09-15",0.004304,0.001613,-0.003427,-0.001483,-0.000609,0.002704,-0.000361,0.001146,-0.000977
"2009-09-16",-0.009714,-0.001207,-0.003052,0.000176,-0.00091,-0.001058,0.000323,-0.000982,0.001123
"2009-09-17",0.020557,0.000485,-0.002247,-0.003536,-0.000041,-0.000095,-0.000975,-0.001702,-0.000323
"2009-09-18",-0.034438,-0.003831,-0.00112,0.001719,-0.000856,-0.003132,-0.001309,-0.000242,-0.001465
"2009-09-21",0.007749,-0.002099,-0.002461,0.001833,-0.000472,-0.002733,-0.000431,0.001492,-0.001987
"2009-09-22",-0.022741,-0.004246,-0.00064,0.002746,-0.000732,-0.001696,-0.001932,0.004257,0.00086
"2009-09-23",-0.023255,-0.003116,-0.002165,-0.001389,-0.001613,-0.002616,-0.002715,0.000013,-0.000921
"2009-09-24",0.002902,0.000364,-0.000501,0.002642,0.00117,-0.001726,0.001289,-0.000441,-0.000585
"2009-09-25",-0.007215,-0.002568,0.000033,0.001121,0.001339,-0.003267,-0.000492,0.000554,0.000898
"2009-09-28",-0.027149,-0.003687,0.002057,-0.000213,-0.000684,-0.001278,-0.00235,0.00301,0.000067
"2009-09-29",-0.004628,-0.000218,0.004345,0.001445,0.000398,-0.003696,-0.002028,0.000504,-0.000449
"2009-09-30",0.01098,0.000356,0.000726,0.000912,0.000425,0.001185,-0.000626,0.001094,-0.000544
"2009-10-09",0.050605,0.006464,0.000458,-0.000793,0.000909,0.005019,0.001578,0.002111,-0.000453
"2009-10-12",-0.00172,-0.000402,-0.002293,0.000254,-0.000331,0.001985,-0.000384,0.0001,0.001804
"2009-10-13",0.014899,0.001723,-0.001847,0.000655,0.00135,0.000004,0.000693,-0.000525,0.000656
"2009-10-14",0.00888,0.003294,-0.001263,-0.000013,-0.000347,0.002789,-0.000382,-0.002023,0.000507
"2009-10-15",0.003297,0.002422,-0.001684,0.000227,0.000404,0.001045,-0.001809,0.000256,-0.000279
"2009-10-16",0.00104,0.000707,-0.000475,0.001887,-0.001462,0.000869,0.000195,-0.001182,0.001511
"2009-10-19",0.025635,0.004497,-0.000593,0.000122,0.00101,0.002824,-0.000472,-0.001664,-0.002232
"2009-10-20",0.014073,0.001885,-0.00164,-0.001812,0.001332,0.002513,0.000376,0.001438,-0.00039
"2009-10-21",-0.003944,0.000541,-0.000237,-0.000345,0.000074,-0.000722,-0.002388,-0.001493,0.000335
"2009-10-22",-0.004649,-0.000471,-0.003566,-0.002708,-0.000531,0.000496,0.001494,-0.000565,-0.000451
"2009-10-23",0.017429,0.002311,0.000959,-0.00084,0.000037,-0.000636,-0.00231,0.000706,-0.000988
"2009-10-26",-0.000776,-0.000194,-0.001732,-0.000718,-0.000724,0.001711,0.001107,0.000714,-0.001033
"2009-10-27",-0.028166,-0.00461,0.002191,0.002018,-0.00089,0.000787,-0.000702,0.001383,0.000973
"2009-10-28",0.005885,0.000765,-0.001895,0.000326,0.000402,-0.003821,0.00141,0.000434,-0.000279
"2009-10-29",-0.020506,-0.004123,0.000115,-0.000967,-0.001642,-0.00179,-0.000125,0.001476,0.000861
"2009-10-30",0.010831,-0.000151,0.000108,0.000078,-0.00039,-0.000224,-0.000536,-0.000184,0.000227
"2009-11-02",0.033185,0.002108,-0.000071,-0.000835,-0.000086,0.001187,-0.002021,0.000708,-0.000251
"2009-11-03",0.012785,0.001345,-0.002268,-0.001013,0.000687,0.001119,0.000148,-0.001076,0.000937
"2009-11-04",0.006197,0.001268,-0.002015,-0.003152,0.001123,0.002155,-0.000416,0.001253,0.000495
"2009-11-05",0.004622,-0.000822,-0.001611,-0.001696,-0.000362,-0.002137,0.000814,-0.001289,-0.000355
"2009-11-06",0.004322,0.002703,0.000083,-0.00062,0.000895,0.000807,-0.001369,-0.000552,-0.000546
"2009-11-09",0.003722,0.000118,-0.00117,0.001036,0.000315,-0.000561,0.000172,0.001001,0.001065
"2009-11-10",0.002512,0.000114,-0.000172,-0.001203,-0.001026,0.002398,-0.001086,0.00022,-0.000192
"2009-11-11",-0.001246,0.000425,-0.002253,0.000528,0.000662,-0.002359,-0.000143,0.000162,-0.000185
"2009-11-12",0.001529,-0.00058,-0.00117,0.001579,0.000593,-0.001684,-0.000241,0.001314,-0.00079
"2009-11-13",0.006266,-0.000649,-0.001203,-0.000854,0.000364,-0.003445,0.001216,0.001423,0.000037
"2009-11-16",0.027348,0.003753,-0.000933,0.000273,0.000637,-0.000574,-0.000544,0.001276,-0.000523
"2009-11-17",0.002,-0.000684,-0.00255,-0.000742,0.001335,0.001315,0.001633,-0.000332,0.000371
"2009-11-18",0.002591,-0.000411,-0.002027,-0.001284,0.00173,-0.000752,0.001456,-0.00052,0.00136
"2009-11-19",0.005999,0.000118,-0.004358,-0.002167,0.002464,0.000106,0.000756,0.001132,0.000846
"2009-11-20",-0.001005,-0.000943,-0.002801,0.001534,0.000477,0.000232,-0.001394,-0.001325,0.000313
"2009-11-23",0.0111,0.000419,-0.002365,-0.000394,0.000107,-0.001016,0.000909,-0.00016,0.000506
"2009-11-24",-0.035797,-0.001355,0.003261,0.001526,0.00067,0.001998,-0.003039,-0.001056,-0.002121
"2009-11-25",0.024943,0.000765,-0.005013,0.00046,0.000258,-0.003111,0.000215,0.000027,0.000114
"2009-11-26",-0.040677,-0.001595,0.000265,-0.001649,-0.001062,0.000252,-0.001663,0.000955,0.000164
"2009-11-27",-0.026245,-0.0041,-0.00052,-0.001011,0.000428,0.000537,-0.003027,0.002863,-0.001225
"2009-11-30",0.039195,0.003064,-0.002288,-0.000758,-0.000751,-0.000757,0.00032,0.00169,-0.000823
"2009-12-01",0.014853,0.000811,-0.006699,-0.002863,0.00187,0.003181,-0.000085,0.001494,0.000648
"2009-12-02",0.009855,0.001024,-0.002121,0.001995,0.000806,-0.000888,0.001727,-0.000572,-0.000311
"2009-12-03",-0.000076,0.00279,-0.005616,-0.002711,0.002539,0.001304,-0.000381,0.000351,0.000019
"2009-12-04",0.010069,0.001816,0.005126,0.00225,0.003904,-0.001044,-0.002687,-0.000541,-0.001787
"2009-12-07",0.008371,0.002312,-0.004842,-0.001999,0.000963,0.000741,0.000396,-0.001064,-0.000178
"2009-12-08",-0.010226,-0.000719,-0.003164,0.000336,-0.000521,-0.000899,-0.000266,0.001178,0.001518
"2009-12-09",-0.017946,-0.0015,0.000949,0.003538,0.000451,0.000422,-0.000208,0.001699,0.000683
"2009-12-10",0.006992,-0.00007,-0.00224,0.000345,0.001397,-0.000955,-0.000109,0.00025,-0.000368
"2009-12-11",0.000037,-0.000295,-0.000394,0.000435,-0.001397,0.001148,-0.001752,-0.001565,-0.000649
"2009-12-14",0.012234,-0.000184,0.002988,-0.001023,0.000406,-0.000589,-0.000059,-0.000167,-0.00027
"2009-12-15",-0.00485,0.000567,-0.004641,-0.001094,0.0006,0.00256,-0.001679,0.001248,-0.000179
"2009-12-16",-0.006222,0.000905,-0.002244,0.000549,0.000985,-0.00162,0.000003,0.001498,0.000448
"2009-12-17",-0.024385,-0.001711,0.001488,-0.000552,0.000458,-0.000239,0.001406,0.001137,0.000885
"2009-12-18",-0.024961,-0.003369,0.001628,-0.00118,0.000272,-0.002238,-0.001929,0.000786,0.000091
"2009-12-21",0.003428,0.000843,-0.002272,0.000269,0.00075,-0.000438,-0.000751,0.000408,-0.000819
"2009-12-22",-0.023657,-0.004792,0.00213,0.000828,-0.000187,0.000302,-0.002857,0.002085,-0.001833
"2009-12-23",0.010575,0.000858,-0.001607,0.000023,0.000113,-0.000756,-0.000887,0.001143,-0.001592
"2009-12-24",0.02901,0.003551,-0.000729,0.003208,0.000357,0.001415,0.000052,0.001131,-0.000023
"2009-12-25",-0.00144,-0.000523,0.000505,0.001457,0.000046,0.000662,-0.001012,0.000638,0.000575
"2009-12-28",0.015652,0.00173,-0.002273,-0.001564,0.000791,0.002178,0.00025,-0.000016,0.001146
"2009-12-29",0.005754,0.000653,-0.002206,-0.000154,-0.001241,-0.000837,-0.001362,0.000738,-0.000536
"2009-12-30",0.013854,0.001621,0.004351,-0.000327,-0.00088,-0.000225,0.000647,-0.00092,0.001151
"2009-12-31",0.004835,-0.00087,-0.001158,0.001131,-0.000576,-0.001869,0.001019,-0.001354,0.000661
"2010-01-04",-0.009387,-0.000189,-0.002984,-0.001389,-0.000613,0.001836,0.000694,-0.00151,-0.00036
"2010-01-05",0.006874,0.000202,-0.004052,-0.002934,0.000961,0.00069,0.00119,0.00182,-0.001526
"2010-01-06",-0.006128,0.001949,-0.000868,-0.000441,-0.000637,0.001218,-0.001261,-0.000252,-0.000771
"2010-01-07",-0.019693,-0.00056,0.000053,-0.000468,-0.000145,-0.000131,-0.000687,-0.000634,-0.00023
"2010-01-08",0.005207,-0.0006,-0.003356,-0.001101,-0.000053,-0.001817,0.001067,-0.001269,0.000007
"2010-01-11",0.001192,-0.001014,-0.002102,-0.000379,0.000641,-0.001845,0.001339,0.000162,0.000192
"2010-01-12",0.01657,-0.000599,-0.000842,0.001665,0.001338,-0.001856,-0.001254,0.001385,-0.000514
"2010-01-13",-0.0275,-0.00327,-0.002687,-0.000424,0.000602,-0.002475,-0.00012,0.001694,0.000295
"2010-01-14",0.016016,-0.000546,-0.003307,0.000911,0.000241,0.000321,-0.000227,0.001651,0.000354
"2010-01-15",0.004501,0.000144,0.000315,0.003745,-0.00126,-0.001637,0.00002,-0.001372,-0.00055
"2010-01-18",0.007058,0.001209,-0.000106,-0.000265,-0.001488,-0.000359,0.000902,-0.00052,-0.000019
"2010-01-19",0.000653,0.000534,-0.002346,0.000167,0.001315,0.001857,0.000025,-0.002604,0.00095
"2010-01-20",-0.03304,-0.002803,0.000403,-0.000627,-0.001699,-0.000415,-0.00105,-0.00008,0.000991
"2010-01-21",0.007138,-0.002213,-0.002996,-0.003041,-0.001302,-0.001932,0.000235,-0.000457,0.001523
"2010-01-22",-0.011741,-0.002665,0.001489,-0.001444,0.001498,-0.002003,-0.000163,-0.000402,0.000209
"2010-01-25",-0.013124,0.000069,-0.001365,0.001264,0.001274,-0.000409,-0.001134,0.001436,-0.002246
"2010-01-26",-0.02379,-0.002218,0.002845,0.00076,0.000266,-0.003599,-0.000492,0.002286,-0.000085
"2010-01-27",-0.012583,-0.000977,0.000967,0.001902,-0.000244,-0.002404,-0.000015,0.000934,-0.000189
"2010-01-28",0.003193,-0.000098,0.000342,0.001334,-0.000256,-0.001779,0.000402,0.000682,-0.000439
"2010-01-29",0.000268,-0.001441,-0.002467,0.000663,-0.000439,0.001874,0.000445,0.000065,-0.000168
"2010-02-01",-0.015798,-0.002833,0.000431,-0.001072,0.000609,0.000337,0.000539,0.001048,0.000615
"2010-02-02",-0.002664,0.000039,-0.002281,-0.000858,0.002093,0.002326,-0.000521,-0.000021,0.000066
"2010-02-03",0.021811,0.004849,-0.001814,-0.004165,0.000057,0.003454,0.001065,-0.001765,0.000466
"2010-02-04",-0.003153,0.00111,-0.002237,-0.002986,-0.000508,0.002806,0.001048,-0.000665,0.002558
"2010-02-05",-0.019461,-0.002384,-0.001806,0.00074,0.000058,-0.004428,0.00026,0.001146,0.001458
"2010-02-08",-0.001058,0.001113,-0.001003,-0.003804,-0.000887,0.000776,-0.000297,-0.001708,0.000296
"2010-02-09",0.004973,-0.001011,-0.000769,0.001319,0.001156,-0.002708,0.000636,0.00048,-0.000501
"2010-02-10",0.013353,0.001649,0.000013,0.004112,0.00037,-0.000116,-0.000963,0.000727,-0.001818
"2010-02-11",0.000787,0.000428,0.002826,0.002208,-0.000153,-0.002235,-0.001388,-0.001556,-0.000159
"2010-02-12",0.010469,-0.000076,0.000832,0.001172,-0.000555,0.001943,0.000025,-0.00013,-0.000971
"2010-02-22",-0.004904,-0.000703,-0.003999,-0.001554,-0.000364,0.001287,0.001086,-0.001026,-0.000153
"2010-02-23",-0.006152,-0.001624,-0.003131,0.001008,0.001211,0.000964,0.001213,-0.000047,0.002894
"2010-02-24",0.015897,0.001392,-0.002394,0.002607,0.000229,-0.000207,-0.000775,0.002072,-0.001374
"2010-02-25",0.013727,0.001684,-0.001571,-0.001023,-0.00086,0.003975,-0.000054,-0.001374,-0.00037
"2010-02-26",-0.002291,-0.000967,-0.002426,-0.000164,0.000629,0.000252,0.000125,-0.000474,0.000801
"2010-03-01",0.012782,0.000864,-0.003043,-0.000651,-0.000607,0.000092,0.001804,-0.001327,0.000908
"2010-03-02",-0.003645,-0.000601,-0.001975,-0.000327,-0.000928,-0.001521,0.000144,-0.002015,-0.00035
"2010-03-03",0.008323,0.001284,-0.001048,-0.000917,-0.00053,-0.002331,-0.000281,-0.002179,-0.000718
"2010-03-04",-0.027017,-0.001696,0.001708,0.000522,-0.000756,-0.000253,-0.001526,0.001666,-0.000152
"2010-03-05",0.003608,0.000321,-0.000835,-0.00081,-0.000792,-0.002848,-0.000754,-0.000753,0.001103
"2010-03-08",0.008907,0.001007,-0.002161,-0.000539,0.000176,0.001174,-0.000918,-0.000047,0.000118
"2010-03-09",0.00526,0.001392,-0.000116,0.000403,0.001541,0.001214,-0.001632,-0.000366,-0.000549
"2010-03-10",-0.009125,-0.000313,-0.000579,-0.000305,0.000149,0.000328,-0.000082,0.001242,-0.000192
"2010-03-11",-0.001345,-0.000928,-0.00327,0.000111,-0.000212,-0.00227,0.000872,0.000734,-0.000559
"2010-03-12",-0.015154,-0.000797,0.000724,0.001487,0.000049,0.000137,-0.000421,-0.000578,-0.001222
"2010-03-15",-0.014401,-0.002681,-0.000221,0.000731,0.000392,-0.000912,0.002413,-0.001392,0.001014
"2010-03-16",0.007222,0.001059,-0.002621,0.000884,0.000076,-0.000619,0.000151,-0.000601,0.000102
"2010-03-17",0.021569,0.002726,-0.001059,0.000249,0.000382,0.001391,0.000265,0.000899,-0.000772
"2010-03-18",-0.001652,0.000239,-0.002555,-0.001801,-0.000378,0.000437,-0.000163,-0.000669,0.000471
"2010-03-19",0.00774,0.002869,-0.000245,0.000234,-0.000238,-0.000803,-0.001109,-0.00058,-0.000288
"2010-03-22",0.003144,0.000901,-0.001866,0.000173,0.000218,0.000441,-0.000484,-0.00018,0.000269
"2010-03-23",-0.008017,-0.000996,-0.001128,0.001826,0.000324,0.001209,-0.001514,0.001269,-0.000865
"2010-03-24",0.001721,-0.001871,-0.001027,0.003805,0.000537,-0.003316,0.000034,0.000226,-0.001299
"2010-03-25",-0.013567,-0.001823,-0.000589,0.001724,-0.000499,-0.002327,-0.000351,0.001153,-0.000543
"2010-03-26",0.015743,0.001931,0.000341,0.000497,-0.001883,-0.002097,-0.000962,-0.001625,0.001734
"2010-03-29",0.020877,0.003293,0.002175,-0.001059,0.000209,0.000283,-0.001822,-0.000114,-0.000379
"2010-03-30",0.001458,0.000646,-0.00241,-0.000122,-0.000725,0.00113,0.000627,0.001218,-0.0001
"2010-03-31",-0.00386,-0.000951,-0.002252,0.002464,-0.001967,-0.001301,0.000447,-0.001114,-0.001493
"2010-04-01",0.013274,0.000983,-0.001151,-0.001296,-0.000112,0.001409,-0.00077,-0.00017,-0.000863
"2010-04-02",0.003489,0.001642,0.000422,-0.001298,0.000032,0.001114,-0.001432,-0.000436,-0.000782
"2010-04-06",-0.000168,0.000442,-0.002653,0.002096,0.000562,-0.001463,0.000735,-0.000311,0.000779
"2010-04-07",-0.003475,-0.00133,-0.00162,0.000634,-0.000609,0.000704,-0.000376,0.000584,-0.000741
"2010-04-08",-0.009122,-0.001459,-0.001177,0.002203,-0.000619,-0.001181,-0.00047,0.000712,-0.000293
"2010-04-09",0.010714,0.000225,-0.000799,0.001707,-0.000086,-0.000047,-0.001358,0.000651,-0.001146
"2010-04-12",-0.003447,-0.001422,-0.001658,0.003799,-0.003429,-0.004665,0.000194,0.00082,-0.000706
"2010-04-13",0.00851,0.000313,0.00689,-0.002844,-0.000586,0.000485,-0.003162,-0.000653,0.003325
"2010-04-14",0.003542,0.001385,-0.002641,-0.000352,0.000476,0.000797,-0.000606,0.002243,0.00056
"2010-04-15",-0.004071,0.001248,0.000258,-0.000735,0.000499,-0.000951,-0.001861,-0.000376,0.00019
"2010-04-16",-0.009758,-0.001435,-0.000522,0.002466,-0.000061,-0.000749,0.000379,-0.000241,-0.000486
"2010-04-19",-0.052104,-0.006396,-0.000868,0.002247,-0.00117,-0.00256,-0.000714,0.002936,-0.000176
"2010-04-20",0.000716,-0.003451,-0.000497,0.00232,-0.002539,-0.005218,0.001152,0.001838,0.001376
"2010-04-21",0.022028,0.002541,-0.000132,0.002368,-0.002089,-0.000803,-0.000118,0.001262,0.000932
"2010-04-22",-0.009907,-0.001619,-0.003181,-0.000075,-0.001204,0.000553,-0.000283,0.003424,-0.000861
"2010-04-23",-0.00441,0.00199,-0.001166,0.000254,-0.000652,-0.00221,0.000133,0.001828,-0.002143
"2010-04-26",-0.004201,0.000049,0.000546,-0.001533,-0.000241,-0.000031,0.000068,-0.000971,-0.000201
"2010-04-27",-0.0225,-0.001969,-0.000068,-0.000929,-0.000336,0.001596,0.000503,0.00092,0.000342
"2010-04-28",-0.002804,-0.001897,-0.004207,-0.002876,0.00081,0.000762,-0.001278,0.00094,-0.000774
"2010-04-29",-0.01362,0.001226,0.001575,0.000138,0.001516,-0.00204,-0.002528,0.00025,0.000828
"2010-04-30",-0.000167,0.001079,0.010201,-0.001114,-0.000396,0.000963,-0.002744,0.000083,0.000885
"2010-05-04",-0.011656,-0.003402,-0.000449,0.000369,-0.000495,0.000395,0.001157,0.00127,0.001895
"2010-05-05",0.011423,-0.001682,-0.005812,0.001482,-0.000366,0.001639,0.002992,-0.000295,-0.000035
"2010-05-06",-0.041135,-0.005238,0.000582,0.001533,-0.001422,-0.001656,0.000192,0.001042,0.000102
"2010-05-07",-0.022539,-0.00272,-0.000233,-0.000002,-0.000511,-0.002037,0.00342,0.000623,0.000446
"2010-05-10",0.002887,0.003676,-0.001371,-0.00575,0.002297,0.000928,-0.003515,-0.001437,0.00016
"2010-05-11",-0.022843,-0.000631,-0.000657,-0.002779,-0.000329,-0.000364,-0.003258,0.000295,-0.002991
"2010-05-12",0.002749,0.001292,0.001218,-0.004897,0.004281,0.003985,-0.002693,0.000153,-0.001825
"2010-05-13",0.025142,0.000922,0.002171,0.003667,0.001151,0.004048,-0.001489,0.000715,0.001066
"2010-05-14",-0.004199,-0.001741,0.00072,0.002473,-0.001241,0.001255,-0.000287,-0.000125,0.000709
"2010-05-17",-0.05305,-0.006655,0.007507,0.003577,-0.001633,-0.002687,0.000689,0.001814,0.000235
"2010-05-18",0.018562,0.005057,0.001171,-0.000542,0.003757,0.006439,-0.000974,0.00036,-0.001621
"2010-05-19",-0.003902,-0.00117,0.002206,0.003192,-0.000889,0.001797,0.000542,0.000967,-0.00137
"2010-05-20",-0.013147,0.00018,0.000786,0.001803,0.00094,-0.000481,-0.002862,0.001837,-0.00365
"2010-05-21",0.013607,0.002058,-0.000583,-0.000507,-0.000381,0.005408,0.001831,0.000705,-0.002325
"2010-05-24",0.036498,0.003285,-0.003233,-0.000656,0.000402,0.004325,0.000773,-0.000575,-0.000524
"2010-05-25",-0.020084,-0.002021,-0.003043,0.000141,-0.00165,-0.00063,0.001744,0.000224,0.001676
"2010-05-26",0.001052,0.000899,-0.001002,-0.000862,-0.000014,0.001617,-0.001045,-0.001896,0.000659
"2010-05-27",0.015645,0.000495,-0.000082,0.001351,-0.000319,-0.000071,0.001796,-0.000768,0.000098
"2010-05-28",-0.000664,-0.001944,-0.002114,0.003538,0.000967,-0.001154,-0.000718,0.002035,-0.000623
"2010-05-31",-0.025565,-0.004693,0.001579,0.002514,0.000341,-0.002887,-0.002003,0.001534,-0.001459
"2010-06-01",-0.012391,-0.002067,0.0024,0.000014,-0.00047,-0.002274,0.001485,0.001864,0.000937
"2010-06-02",0.005939,0.001806,-0.003085,-0.001543,0.000341,0.002404,0.001617,-0.000359,-0.000718
"2010-06-03",-0.006579,-0.000284,0.000436,0.002852,-0.000622,-0.002208,-0.002305,0.001502,-0.001198
"2010-06-04",0.003101,0.001119,-0.001809,-0.004882,-0.000416,0.002018,0.001075,0.001706,-0.000886
"2010-06-07",-0.014003,-0.003379,-0.002636,-0.002339,-0.001676,0.001882,0.001961,0.001814,-0.003844
"2010-06-08",0.001725,0.00224,-0.003501,0.001073,0.000021,0,-0.0001,0.001137,-0.001578
"2010-06-09",0.032337,0.002634,-0.001679,-0.000408,0.001356,0.001552,-0.000427,-0.000407,-0.000012
"2010-06-10",-0.00927,-0.00133,-0.001551,0.00382,-0.000752,-0.000298,0.000643,0.000026,-0.002618
"2010-06-11",0.000782,0.000669,0.000055,-0.001012,-0.000624,0.000174,-0.002104,-0.000764,-0.001325
"2010-06-17",-0.006021,0.00174,-0.002792,-0.002512,0.000728,0.000544,-0.00044,-0.002114,0.002032
"2010-06-18",-0.02095,0.001863,0.003399,-0.002511,0.000811,-0.001585,-0.002285,0.00032,0.000319
"2010-06-21",0.032901,0.002892,-0.000585,-0.000923,0.000674,0.001876,0.001029,-0.000743,-0.000619
"2010-06-22",0.00213,-0.001363,-0.002407,-0.001793,0.000273,0.002955,-0.001276,-0.000339,0.000565
"2010-06-23",-0.009241,-0.001845,-0.002964,0.000319,-0.000592,-0.000184,0.000989,0.000845,-0.000629
"2010-06-24",0.001752,0.000099,-0.000579,0.001011,-0.001267,-0.001953,-0.000154,-0.000571,0.000576
"2010-06-25",-0.008241,-0.000676,0.001488,-0.000102,-0.000231,-0.000787,-0.001568,-0.001773,0.000595
"2010-06-28",-0.007769,-0.000875,0.000287,-0.001561,-0.000594,-0.00185,-0.000319,0.000061,-0.000519
"2010-06-29",-0.04687,-0.002897,0.005582,0.00272,0.000231,-0.003177,-0.001608,0.001297,-0.000338
"2010-06-30",-0.008493,-0.004774,0.004521,0.004428,-0.000395,-0.001162,0.000515,-0.000004,-0.002059
"2010-07-01",-0.011763,-0.001206,-0.002795,0.000844,0.001,-0.001494,0.000382,-0.000519,-0.000342
"2010-07-02",0.001716,0.001871,-0.000073,-0.00466,0.000603,0.000641,0.000413,-0.002493,0.000242
"2010-07-05",-0.007928,-0.001771,-0.000059,-0.002239,-0.000295,-0.000051,-0.000284,0.001387,0.001031
"2010-07-06",0.022632,0.002796,-0.002196,0.000354,0.000175,0.003297,0.000095,0.00084,-0.000459
"2010-07-07",0.008458,0.001222,-0.000306,0.000461,-0.000837,0.003959,-0.0008,-0.001144,-0.000365
"2010-07-08",-0.000001,-0.000151,-0.000624,0.001209,-0.000142,-0.001542,-0.002161,0.000092,-0.000135
"2010-07-09",0.027183,0.004498,-0.000793,0.000555,-0.000207,0.002908,-0.000409,0.000769,-0.00016
"2010-07-12",0.010484,0.001218,-0.003024,-0.002414,0.000148,0.002579,-0.000078,-0.000256,0.000225
"2010-07-13",-0.015158,-0.000374,0.000134,0.001609,-0.001252,-0.001088,0.000931,0.000329,0.000243
"2010-07-14",0.009146,0.001285,-0.001393,-0.003046,-0.000633,0.000856,-0.001417,-0.001498,0.000555
"2010-07-15",-0.019384,-0.001778,0.00196,0.000085,-0.000053,-0.001057,-0.00193,0.00107,-0.00021
"2010-07-16",0.00251,0.001157,-0.001649,-0.002918,-0.001172,0.00148,0.001226,0.000259,0.001287
"2010-07-19",0.024179,0.004614,-0.00035,-0.001741,-0.000939,0.001916,-0.00003,-0.000294,-0.0004
"2010-07-20",0.023763,0.00158,-0.002002,-0.001409,-0.000176,0.002053,-0.000478,-0.000418,-0.000922
"2010-07-21",0.003507,-0.000574,0.000918,-0.001427,-0.001538,0.000929,-0.002742,-0.000491,0.000947
"2010-07-22",0.013201,0.000805,-0.001928,-0.000781,0.000855,0.002675,0.000106,-0.000428,-0.00048
"2010-07-23",0.004043,-0.001679,-0.000844,-0.001199,-0.000571,0.000861,-0.000552,0.00057,-0.000466
"2010-07-26",0.008646,0.000349,-0.000952,0.00184,0.000293,-0.000725,-0.001588,0.00076,-0.000491
"2010-07-27",-0.004284,-0.001317,-0.001252,0.002154,0.00023,0.000519,-0.001093,0.00118,0.000424
"2010-07-28",0.025075,0.001374,0.000623,-0.002667,0.001561,0.00433,-0.001654,-0.000282,0.000041
"2010-07-29",0.005109,0.002095,-0.0015,-0.00069,0.00076,-0.000829,-0.000541,-0.001673,-0.000342
"2010-07-30",-0.002319,-0.000996,-0.000166,0.000444,0.000126,0.000728,-0.000458,-0.000589,0.000639
"2010-08-02",0.017501,0.000846,-0.000991,-0.001937,-0.001041,-0.000049,0.000363,0.000358,-0.001314
"2010-08-03",-0.018581,-0.000235,-0.001695,0.001793,-0.000486,-0.000463,-0.001506,-0.00027,-0.000688
"2010-08-04",0.004627,0.00028,-0.000438,-0.000177,-0.001754,-0.001027,0.001231,-0.00168,0.002183
"2010-08-05",-0.005674,-0.001651,-0.001072,0.001566,-0.00203,-0.000298,-0.001005,0.000318,0.000093
"2010-08-06",0.017791,0.001793,0.000195,-0.001365,0.000203,0.001664,0.000673,0.001066,-0.000498
"2010-08-09",0.00715,-0.000055,-0.001237,-0.002616,-0.001372,0.000155,0.001121,0.002281,-0.000359
"2010-08-10",-0.031475,-0.002994,0.001719,0.003182,0.000429,-0.001906,-0.000856,-0.000162,0.00073
"2010-08-11",0.005807,0.001013,-0.001606,-0.000242,-0.000337,-0.000381,0.001558,0.000217,0.000385
"2010-08-12",-0.012383,-0.002162,-0.001746,-0.000737,-0.001091,0.000264,-0.001197,0.000186,-0.001589
"2010-08-13",0.01461,0.001427,-0.001662,-0.000078,-0.000485,0.000071,-0.00109,0.001666,-0.000913
"2010-08-16",0.023731,0.000788,0.001274,-0.001356,-0.000902,0.000685,0.000032,-0.000662,-0.000763
"2010-08-17",0.006508,0.000494,-0.001164,0.001137,-0.001373,0.000477,0.000325,-0.001747,-0.000418
"2010-08-18",-0.001495,0.000948,-0.000066,0.000032,-0.000685,0.001281,-0.001153,-0.000216,0.000127
"2010-08-19",0.005608,0.001375,-0.000528,0.000548,0.000265,-0.000134,-0.000081,-0.000244,-0.000571
"2010-08-20",-0.020997,-0.000846,-0.000099,-0.000008,0.000395,-0.001235,0.001053,-0.000902,0.002033
"2010-08-23",0.000588,-0.000163,-0.003541,0.001977,-0.001055,-0.00239,0.001535,0.000837,0.00138
"2010-08-24",0.006487,0.000437,-0.002229,0.00084,0.00016,0.001,-0.001155,-0.000472,-0.001296
"2010-08-25",-0.022018,-0.002396,-0.000312,0.000725,-0.001911,0.000307,-0.002403,-0.000597,0.000632
"2010-08-26",0.003077,0.002274,-0.000916,0.001472,-0.000125,-0.001305,-0.000266,0.000873,0.000661
"2010-08-27",0.004279,-0.000913,0.000511,0.002411,-0.000876,-0.000536,-0.000634,-0.000574,-0.00159
"2010-08-30",0.021139,0.000442,0.000291,0.001045,-0.001834,0.002039,0.000269,-0.000143,0.000137
"2010-08-31",-0.002671,-0.000379,-0.004056,0.000634,-0.00169,0.003543,-0.00023,0.000035,0.000631
"2010-09-01",-0.006389,-0.001591,-0.001942,-0.0027,-0.001459,0.003426,-0.002257,-0.00115,0.001541
"2010-09-02",0.013599,0.002114,-0.002592,-0.000657,-0.000583,0.001453,-0.000712,-0.000129,0.00055
"2010-09-03",0.000096,-0.000146,-0.003025,-0.002445,-0.00174,0.002437,0.000823,-0.000155,0.000987
"2010-09-06",0.015256,0.001307,0.001888,-0.000391,0.001685,-0.004322,-0.001536,-0.000268,0.00034
"2010-09-07",0.002803,0.001325,-0.000928,0.000323,0.000489,0.000464,-0.000441,-0.002279,-0.000253
"2010-09-08",0.000231,0.000268,0.000517,0.000708,-0.001002,0.002124,0.000118,0.000741,-0.000323
"2010-09-09",-0.016434,-0.002115,0.001247,-0.000059,0.000045,0.001427,0.00175,0.000221,-0.000039
"2010-09-10",0.004508,-0.00264,-0.001405,-0.000166,-0.001223,-0.002816,0.000775,0.000458,-0.000436
"2010-09-13",0.011871,0.000843,-0.000389,0.001893,-0.000751,0.000893,-0.001488,0.000267,-0.000271
"2010-09-14",0.001958,0.001045,0.000459,0.00139,-0.002176,0.000675,-0.001561,0.000374,-0.000525
"2010-09-15",-0.016866,-0.002059,-0.000085,-0.002062,0.000029,-0.001483,-0.002081,0.000888,0.000025
"2010-09-16",-0.019646,-0.001078,0.001128,0.0012,0.002238,0.001653,-0.001734,-0.000151,-0.000928
"2010-09-17",0.002454,-0.001903,0.000554,0.000724,-0.002204,-0.00287,-0.003161,0.000081,-0.000432
"2010-09-20",-0.004622,-0.001185,0.001503,0.001749,-0.000862,-0.002359,-0.002721,-0.001178,0.000719
"2010-09-21",0.003891,-0.000816,0.001629,0.001129,0.000337,0.000587,-0.001787,-0.0018,-0.000334
"2010-09-27",0.01894,0.001636,-0.000315,0.000703,-0.00203,0.002715,0.000029,-0.000483,-0.000146
"2010-09-28",-0.00829,-0.002336,0.001714,0.003483,-0.000328,-0.001737,-0.001345,-0.000974,0.000422
"2010-09-29",-0.004164,0.000479,0.001614,0.001064,0.001787,-0.001236,-0.000986,-0.000223,-0.000877
"2010-09-30",0.018916,0.000764,0.001194,0.000651,0.000422,0.000067,0.000339,-0.000281,-0.00112
"2010-10-08",0.031651,0.004077,0.001334,-0.000854,-0.000746,0.001005,-0.000073,0.000196,-0.00028
"2010-10-11",0.022172,0.00606,-0.000035,-0.008531,0.001848,0.003173,0.003024,-0.002757,0.001127
"2010-10-12",0.009622,0.006633,0.000625,-0.000738,-0.000892,0.00007,0.000376,-0.000907,0.000716
"2010-10-13",0.011626,0.000816,0.000034,-0.002692,0.000011,0.001191,0.002427,-0.000658,-0.001319
"2010-10-14",-0.004553,0.001605,0.005982,-0.004492,0.000674,-0.00067,-0.000315,0.000868,-0.00124
"2010-10-15",0.028963,0.003275,0.009681,-0.001095,0.000254,-0.002731,0.002279,-0.0033,0.001041
"2010-10-18",-0.00284,-0.005091,-0.001579,-0.007834,0.004635,-0.000078,-0.00365,0.001839,0.000202
"2010-10-19",0.021033,0.002608,-0.003138,0.002108,-0.002405,0.002913,0.000311,0.001866,-0.001226
"2010-10-20",0.00464,0.00205,0.001144,0.00199,-0.003848,0.004567,0.000074,-0.000334,0.000149
"2010-10-21",-0.004891,0.003484,-0.001265,0.003326,0.00109,0.002084,-0.000429,-0.000582,0.001341
"2010-10-22",0.002756,0.000974,-0.00269,0.002243,0.001318,0.004035,-0.002675,0.001514,-0.00074
"2010-10-25",0.028729,0.004566,-0.000006,-0.001611,-0.00115,0.003905,0.000417,0.002662,-0.000099
"2010-10-26",-0.001939,0.001306,-0.000779,-0.002322,-0.002663,0.003803,0.0038,-0.003574,0.001118
"2010-10-27",-0.015228,-0.002927,-0.00451,0.002537,0.001767,0.001093,-0.001082,-0.000198,0.000246
"2010-10-28",-0.000513,-0.000991,-0.002456,0.000357,0.001033,0.000652,-0.000508,-0.000076,0.000244
"2010-10-29",-0.002622,0.000839,-0.00049,0.004642,-0.000829,-0.000922,0.000874,0.000246,-0.001089
"2010-11-01",0.027674,0.005185,0.001736,0.002683,-0.002441,0.001306,0.000229,-0.00062,-0.002247
"2010-11-02",-0.00434,0.000401,-0.002217,0.001349,-0.000143,-0.001574,-0.001377,-0.002185,0.000827
"2010-11-03",-0.009548,-0.004164,-0.003128,0.002257,0.000927,-0.006411,-0.002873,-0.001275,0.001702
"2010-11-04",0.018374,0.002652,0.001851,0.000788,0.001318,0.003878,0.000133,-0.000332,0.002329
"2010-11-05",0.012145,0.001327,0.000974,-0.001612,0.000478,-0.000048,0.00017,0.000528,0.002385
"2010-11-08",0.011305,-0.000292,-0.002726,-0.002191,0.002008,0.001662,0.000045,-0.000142,-0.000982
"2010-11-09",-0.003662,-0.001594,-0.001101,0.000585,-0.001435,-0.002133,0.001285,0.001886,0.000518
"2010-11-10",-0.006401,-0.003477,-0.00194,0.000289,-0.001481,0.001598,0.000734,0.001463,-0.000057
"2010-11-11",0.003928,-0.000616,0.002303,0.000013,0.001088,-0.000827,-0.00085,0.000881,-0.000965
"2010-11-12",-0.057868,-0.007385,0.003111,-0.000396,0.000605,-0.002577,-0.001615,0.00294,0.000984
"2010-11-15",0.011508,-0.003049,-0.002939,-0.000773,-0.001977,-0.002145,0.001437,0.003726,-0.001551
"2010-11-16",-0.043908,-0.004802,-0.006073,0.002072,0.001766,-0.003922,-0.000709,0.000747,-0.00194
"2010-11-17",-0.025915,0.002451,-0.00384,-0.003294,0.00258,-0.000978,-0.00286,-0.002146,-0.00128
"2010-11-18",0.014097,0.001323,-0.000621,-0.000922,-0.00156,0.00258,0.000375,0.00039,-0.000155
"2010-11-19",0.013046,0.000032,-0.000466,-0.000486,-0.002754,0.004446,0.001171,-0.00008,-0.00061
"2010-11-22",-0.002219,-0.000893,-0.003766,0.002996,-0.001389,-0.000422,-0.000227,0.001221,-0.001964
"2010-11-23",-0.018601,-0.003383,-0.003213,0.00065,0.000098,-0.002081,0.000621,0.00404,-0.001566
"2010-11-24",0.02355,0.002443,0.000815,0.00167,-0.000625,0.002457,-0.000012,-0.000289,0.001005
"2010-11-25",0.010437,0.004028,0.000615,0.001284,0.001415,0.000046,-0.001906,-0.003967,0.001512
"2010-11-26",-0.006623,0.000429,-0.001965,-0.000705,-0.002728,-0.000433,-0.000259,0.000341,-0.000661
"2010-11-29",-0.002059,-0.001508,-0.002025,0.000371,0.000027,-0.004335,-0.000416,0.002422,-0.000246
"2010-11-30",-0.015552,-0.001878,0.002882,0.001863,0.001244,-0.000142,-0.002101,-0.000688,0.000913
"2010-12-01",0.000195,-0.001319,-0.004434,0.001095,0.000567,-0.000729,-0.001078,-0.002645,-0.000188
"2010-12-02",0.004957,0.001734,-0.003709,-0.000579,-0.000087,-0.00009,0.000066,-0.00064,0.000488
"2010-12-03",-0.002425,0.001061,0.001046,0.001952,-0.00029,-0.003076,0.000081,-0.000979,0.000703
"2010-12-06",0.000038,0.001357,0.001172,-0.000812,0.001854,0.001365,-0.000703,-0.000927,-0.000367
"2010-12-07",0.010928,-0.000851,0.000092,-0.000167,-0.000362,0.001941,0.000536,0.002505,-0.001676
"2010-12-08",-0.008646,-0.001814,-0.000564,0.002001,-0.00017,-0.000193,0.000499,-0.000059,0.000002
"2010-12-09",-0.014809,-0.003278,0.000298,0.001672,0.002674,-0.004054,-0.000685,0.000341,-0.000096
"2010-12-10",0.012075,0.002452,0.000895,0.003979,-0.000283,-0.001563,0.001053,0.000897,-0.000984
"2010-12-13",0.030191,0.002987,0.000854,-0.002324,-0.000598,0.003789,0.001042,-0.000306,-0.000223
"2010-12-14",0.002195,0.000885,-0.001683,-0.000966,-0.000351,0.003106,-0.00011,-0.00189,-0.00041
"2010-12-15",-0.003811,0.00061,-0.002598,-0.000196,-0.000536,0.00105,-0.001031,0.000352,-0.000052
"2010-12-16",-0.004199,-0.001008,-0.002238,-0.000903,0.00041,-0.000376,0.001414,0.000301,-0.001607
"2010-12-17",-0.003265,-0.000228,-0.000938,-0.00201,-0.00072,-0.000207,0.000957,0.001182,-0.000487
"2010-12-20",-0.015183,0.001138,0.001343,0.000778,-0.002322,-0.002,-0.000048,0.000348,-0.000852
"2010-12-21",0.019129,0.004192,-0.001263,-0.001191,0.00084,0.001048,-0.000374,-0.002449,0.000538
"2010-12-22",-0.010144,0.000517,0.0002,-0.002018,-0.001891,0.001926,-0.00069,-0.000573,0.000765
"2010-12-23",-0.006294,-0.000416,-0.000428,-0.000078,0.001334,-0.002549,-0.001993,0.000197,-0.000146
"2010-12-24",-0.008399,-0.002136,0.000771,-0.002775,0.001511,0.000491,-0.001549,0.000077,0.000766
"2010-12-27",-0.017452,0.000128,0.0007,0.00131,0.000781,-0.002616,-0.00195,0.00176,-0.001019
"2010-12-28",-0.018117,-0.002073,-0.000949,0.000939,0.000606,-0.002814,0.000852,0.003356,-0.000117
"2010-12-29",0.006075,0.000257,-0.000225,0.002139,-0.000424,0.00215,-0.000303,0.000513,-0.000264
"2010-12-30",0.001376,0.000258,0.000741,0.002793,-0.002446,0.000225,-0.000131,0.000899,0.000385
"2010-12-31",0.020849,0.002134,0.002252,0.001155,-0.001292,0.001693,0.000102,0.000395,0.000296
"2011-01-04",0.015439,0.002528,-0.000055,-0.001869,0.000435,0.001843,0.001313,-0.002122,-0.000392
"2011-01-05",-0.002578,0.002036,-0.000208,-0.000758,0.000563,-0.000418,0.001073,-0.000501,0.002208
"2011-01-06",-0.005499,0.00001,-0.001341,-0.002002,0.000175,0.000846,-0.000847,-0.001769,0.001764
"2011-01-07",0.002856,-0.001176,-0.000697,-0.003869,0.000373,-0.000576,-0.00137,-0.001538,0.000405
"2011-01-10",-0.020186,-0.002137,-0.000331,-0.001463,-0.001141,-0.003886,0.001306,-0.0008,-0.000041
"2011-01-11",0.003971,0.001508,0.001711,-0.002036,0.002436,-0.000353,-0.000048,0.000544,0.001507
"2011-01-12",0.004645,0.002195,-0.001781,-0.003805,-0.000567,0.00192,-0.000376,-0.000083,0.000164
"2011-01-13",0.000491,-0.001303,0.000052,0.00172,0.000857,-0.001351,-0.000847,0.001127,0.000016
"2011-01-14",-0.01643,-0.003813,0.001301,-0.001787,-0.000712,-0.001171,-0.001183,-0.00135,0.000781
"2011-01-17",-0.034889,-0.00397,-0.000482,-0.001492,0.001501,-0.001069,-0.001315,0.00079,0.000137
"2011-01-18",0.0017,-0.000687,-0.002192,-0.000406,0.000601,0.001088,-0.002,0.000764,-0.00006
"2011-01-19",0.021967,0.001165,0.001974,0.002144,-0.000622,0.002073,0.001864,-0.001332,0.001439
"2011-01-20",-0.030601,-0.003132,0.00118,-0.000788,-0.000164,-0.00237,-0.002761,0.000407,-0.001073
"2011-01-21",0.011655,0.001447,0.000875,-0.001152,0.001326,-0.00086,0.001475,-0.002835,0.000535
"2011-01-24",-0.01264,-0.001349,0.000774,-0.004639,0.00173,-0.002909,0.000152,-0.004336,0.000405
"2011-01-25",-0.00424,0.001447,0.001062,-0.001586,0.001916,-0.000171,-0.002984,0.001929,-0.001668
"2011-01-26",0.01327,0.001574,0.000837,-0.000217,-0.001021,0.002665,0.000611,-0.000649,0.000264
"2011-01-27",0.016324,0.002648,0.002389,0.002676,-0.000378,0.000264,-0.00019,0.000821,-0.000708
"2011-01-28",0.00292,0.000978,-0.002157,0.000191,-0.000153,0.003484,-0.000522,0.000825,0.000643
"2011-01-31",0.011918,-0.001797,0.001142,0.001299,-0.001457,-0.000684,0.003143,-0.000818,0.002288
"2011-02-01",0.002039,0.000413,-0.000227,0.002895,0.000508,0.000543,-0.000885,-0.000421,0.000117
"2011-02-09",-0.012382,-0.001951,0.000319,-0.002797,-0.001014,0.0015,0.000088,-0.00354,0.00171
"2011-02-10",0.020538,0.003542,-0.002227,-0.001424,-0.000835,0.002622,0.000289,0.001897,0.000597
"2011-02-11",0.005794,0.000594,-0.000983,-0.000277,-0.000388,0.002239,-0.001792,0.001701,-0.00104
"2011-02-14",0.030863,0.003938,0.000816,-0.000426,0.001535,0.003608,-0.000604,0.001074,-0.001108
"2011-02-15",-0.002242,0.000193,-0.00027,0.001161,0.000182,0.001211,0.001681,-0.001286,0.000472
"2011-02-16",0.009999,0.003375,-0.002356,0.001357,0.000532,0.000982,0.00055,0.000697,0.000106
"2011-02-17",-0.000395,0.000781,0.000938,-0.000645,-0.001795,0.001362,0.000135,-0.001126,0.000767
"2011-02-18",-0.010554,-0.001998,-0.001793,0.000706,0.000685,-0.000223,-0.001264,-0.00132,-0.000955
"2011-02-21",0.01379,0.002069,-0.000459,0.00115,-0.001171,-0.000319,0.002033,-0.0005,-0.000547
"2011-02-22",-0.027287,-0.001953,-0.000957,-0.000488,-0.00199,-0.000774,-0.002087,0.000976,-0.000967
"2011-02-23",0.003533,0.000352,-0.00056,-0.000127,-0.000779,-0.001561,0.001054,-0.000172,0.000707
"2011-02-24",0.005723,0.001927,-0.001991,-0.000555,0.000613,-0.000695,-0.001347,-0.001605,-0.000246
"2011-02-25",-0.000451,0.001746,-0.000665,-0.000542,-0.000697,-0.001024,-0.000432,-0.000632,0.000193
"2011-02-28",0.013028,0.002005,0.000769,0.000879,0.000443,0.001687,-0.000209,-0.000656,0.000615
"2011-03-01",0.004598,-0.00068,-0.000998,-0.002542,-0.000655,0.002791,-0.000476,-0.001709,0.000333
"2011-03-02",-0.00438,0.000891,-0.002998,-0.000714,-0.000223,-0.001086,-0.000938,-0.000027,-0.000159
"2011-03-03",-0.00702,-0.001348,-0.001405,0.000282,0.000322,-0.001883,-0.002007,-0.000581,0.002455
"2011-03-04",0.014598,0.002409,0.00075,-0.000167,0.000922,-0.000297,0.000468,-0.000805,0.001373
"2011-03-07",0.021366,0.003237,0.000506,-0.001424,-0.000528,0.000802,0.001154,-0.001211,-0.000414
"2011-03-08",-0.001394,0.000645,-0.001242,0.00033,0.000444,0.000892,0.00167,-0.001035,0.000784
"2011-03-09",0.000206,-0.001665,-0.001038,0.00367,0.001385,0.000264,0.000064,-0.000593,-0.001104
"2011-03-10",-0.016372,-0.002308,-0.002671,-0.000959,0.000522,0.001796,-0.000634,0.001834,-0.001077
"2011-03-11",-0.008417,-0.001041,-0.002831,-0.000203,0.000497,-0.00108,0.001106,0.000911,-0.000803
"2011-03-14",0.005791,0.001092,-0.002586,-0.000481,0.000597,-0.000141,-0.000795,0.001486,0.001943
"2011-03-15",-0.018472,-0.001477,-0.001209,-0.001253,-0.000859,0.001763,0.000686,0.001028,0.000209
"2011-03-16",0.013932,0.001566,0.000044,0.001195,0.000565,-0.000886,-0.000957,-0.001006,0.000829
"2011-03-17",-0.013591,-0.001297,0.001132,-0.001033,-0.001938,-0.003958,-0.002014,-0.000349,0.000178
"2011-03-18",0.003124,0.001707,-0.002235,-0.00021,-0.001253,-0.000054,0.00094,-0.000361,-0.000132
"2011-03-21",-0.004198,-0.000228,-0.001151,0.001614,0.001444,-0.00069,0.000901,-0.000297,-0.000358
"2011-03-22",0.003014,0.00036,-0.000643,0.000451,-0.000782,0.000135,0.000816,0.000628,0.000387
"2011-03-23",0.011229,0.001385,-0.000591,-0.000704,-0.000659,0.002153,-0.000201,-0.000893,-0.000339
"2011-03-24",-0.003061,0.000768,-0.002115,-0.000943,-0.000427,0.001417,-0.000498,-0.001186,0.001419
"2011-03-25",0.011177,0.003371,0.00033,-0.001618,-0.000129,0.002309,-0.001235,-0.000395,0.000358
"2011-03-28",-0.000683,0.001896,-0.002248,-0.003157,0.000102,0.001337,0.000641,-0.002267,0.001327
"2011-03-29",-0.008522,-0.002156,-0.001147,-0.001207,0.001203,-0.001751,-0.001642,-0.002042,0.001618
"2011-03-30",-0.001685,-0.000668,-0.000707,0.003097,0.000202,-0.001905,-0.001777,-0.000454,-0.000373
"2011-03-31",-0.010348,-0.003105,-0.000487,0.001007,-0.000364,-0.002138,-0.001205,0.002001,-0.001392
"2011-04-01",0.015017,0.002419,-0.002043,0.000105,0.000863,0.00001,0.001186,0.000568,0.000742
"2011-04-06",0.009141,0.001581,-0.001415,0.00097,0.002423,-0.00263,0.000942,-0.001803,0.002238
"2011-04-07",0.003082,0.000146,-0.000864,0.000468,-0.000401,-0.000904,0.001274,-0.001254,-0.000335
"2011-04-08",0.009559,0.001494,0.000915,0.000188,0.000255,0.003298,-0.000791,0.002412,0.000621
"2011-04-11",-0.002534,-0.001133,0.000939,0.001301,0.001809,-0.000134,-0.000302,0.00002,0.002096
"2011-04-12",0.001142,0.00021,0.001342,-0.002227,0.00189,-0.001101,-0.002925,-0.000567,0.001216
"2011-04-13",0.012618,-0.000502,-0.000341,-0.000051,0.000358,0.000193,0.000158,-0.000035,-0.001217
"2011-04-14",-0.003817,-0.001283,-0.000241,0.000839,0.00115,0.000326,-0.001024,0.000926,0.000507
"2011-04-15",0.001648,0.000341,-0.000732,-0.001061,-0.000514,0.00039,0.000502,-0.000803,0.00099
"2011-04-18",0.001315,-0.000328,-0.001346,-0.001005,-0.000709,0.000387,0.000478,-0.003858,0.002022
"2011-04-19",-0.016234,-0.002685,-0.001149,-0.001589,0.00109,0.002107,-0.002108,0.000344,-0.001073
"2011-04-20",0.002256,-0.000712,-0.001431,0.002089,0.000424,-0.000687,-0.00162,0.001176,0.000745
"2011-04-21",0.008777,0.000434,-0.001869,0.002365,0.001121,0.000166,-0.00152,0.0008,-0.001595
"2011-04-22",-0.00612,-0.001132,0.001118,0.002714,-0.00008,-0.002905,-0.000312,0.000647,0.000084
"2011-04-25",-0.014148,-0.003792,0.001707,0.000435,0.001101,0.000717,-0.003341,0.002508,0.000547
"2011-04-26",-0.006764,0.000496,0.00265,-0.000312,-0.000871,0.000822,-0.000598,-0.000521,-0.000787
"2011-04-27",-0.004962,-0.001886,-0.00061,0.000263,0.00084,-0.001187,-0.001266,-0.000167,0.000447
"2011-04-28",-0.016186,-0.000489,0.002578,0.002826,0.001233,-0.004802,-0.000769,-0.000345,0.000913
"2011-04-29",0.012189,0.001325,0.000634,0.003126,0.001069,-0.000235,0.000935,0.000502,0.000477
"2011-05-03",0.006839,-0.000557,-0.001334,0.000553,0.001011,0.002162,0.000549,-0.000144,0.002248
"2011-05-04",-0.024589,-0.004472,-0.000302,0.000561,0.001721,0.002294,-0.001514,-0.000599,-0.000147
"2011-05-05",0.000157,-0.001255,-0.002538,-0.002914,0.000694,0.002252,-0.000728,0.002082,-0.001225
"2011-05-06",-0.002197,-0.000114,0.000516,0.000429,-0.000058,0.002782,0.000057,0.000653,0.000667
"2011-05-09",0.003246,0.000183,-0.001978,-0.001512,-0.001143,0.001069,0.000864,-0.000484,0.000546
"2011-05-10",0.007463,0.002043,-0.002609,0.00219,0.001286,0.001262,0.000773,0.000056,0.000228
"2011-05-11",-0.002136,-0.000918,-0.002025,-0.000488,-0.000429,0.000595,0.000077,0.000097,0.001452
"2011-05-12",-0.012562,-0.002471,-0.000533,0.000026,-0.001317,-0.001469,-0.002293,-0.000477,0.000715
"2011-05-13",0.008573,0.002155,-0.000934,0.000554,0.000031,-0.0034,0.0011,0.000268,0.000882
"2011-05-16",-0.008406,-0.000428,-0.000998,-0.000773,0.000303,-0.001027,0.00013,0.001269,0.000892
"2011-05-17",0.004527,0.003033,0.000184,0.000869,0.001229,-0.00399,-0.001507,0.000958,-0.001969
"2011-05-18",0.007686,0.000946,-0.000471,0.002665,0.00019,-0.002103,-0.000309,-0.00014,0.001545
"2011-05-19",-0.005872,-0.001528,-0.001261,0.000309,0.000546,0.002218,-0.000659,0.00268,-0.00024
"2011-05-20",0.000185,0.000516,-0.000089,0.002233,0.000397,-0.001809,-0.000747,0.000297,0.00116
"2011-05-23",-0.030975,-0.001673,0.003339,-0.001014,-0.000596,-0.001684,-0.002419,0.001263,-0.00022
"2011-05-24",-0.000411,0.000569,-0.003678,-0.002508,0.000817,0.003505,0.001412,-0.000077,-0.002648
"2011-05-25",-0.011072,0.000321,0.001207,0.001014,-0.000745,0.000054,-0.001326,0.001116,0.001789
"2011-05-26",-0.004889,0.001744,-0.001879,0.000282,0.000081,-0.002301,-0.00066,0.000999,0.001067
"2011-05-27",-0.005452,0.000704,0.004867,-0.002416,0.000632,-0.003394,-0.003115,0.002053,-0.003499
"2011-05-30",-0.004556,-0.002253,0.001075,-0.000786,0.001858,0.001142,-0.001222,0.001815,-0.002876
"2011-05-31",0.017078,0.001472,-0.002949,0.000967,0.001163,0.003208,0.001871,0.001402,0.000088
"2011-06-01",0.001919,0.00033,-0.001674,-0.000411,-0.002721,0.001705,0.000428,-0.000852,0.000288
"2011-06-02",-0.01432,-0.000481,0.001951,0.001865,-0.001028,0.001457,-0.000787,0.000298,-0.001203
"2011-06-03",0.010815,0.001462,-0.001543,0.002507,0.000458,0.000891,-0.000079,-0.000252,0.000043
"2011-06-07",0.005646,-0.000274,-0.00183,0.002534,0.000659,0.001548,0.000291,-0.000063,0.000741
"2011-06-08",0.001249,0.000447,0.000099,0.0004,-0.000337,0.002386,-0.000194,-0.001458,0.001305
"2011-06-09",-0.018872,-0.000537,-0.000028,0.003057,0.000523,-0.003705,-0.002104,0.000653,-0.001765
"2011-06-10",0.00214,0.001148,0.001151,0.000905,0.001772,-0.00097,-0.000031,-0.00043,0.000402
"2011-06-13",-0.002656,0.001125,0.000559,-0.000177,0.000544,0.001639,-0.00032,-0.001124,-0.001051
"2011-06-14",0.01261,0.002701,-0.000713,-0.000103,-0.000071,0.001553,0.000621,-0.00094,0.000268
"2011-06-15",-0.009407,0.00075,-0.000031,0.000904,0.000783,-0.000677,-0.001108,0.000357,0.000326
"2011-06-16",-0.017334,0.000117,0.002257,-0.000757,-0.0012,-0.001638,-0.001127,-0.000924,-0.001039
"2011-06-17",-0.008606,0.000231,0.000138,-0.000362,-0.000646,-0.003423,-0.00096,0.00058,-0.001556
"2011-06-20",-0.006976,-0.000001,-0.00118,-0.000295,0.001031,0.000136,0.002424,0.001996,-0.000489
"2011-06-21",0.012958,0.002611,-0.001748,-0.001454,0.000675,0.002495,-0.000416,0.000459,0.000935
"2011-06-22",-0.001139,-0.000738,-0.000805,0.001363,0.000186,0.00079,0.000096,-0.000288,-0.000373
"2011-06-23",0.01694,0.001943,-0.000938,-0.001014,0.000106,0.000949,0.000344,0.001373,-0.001285
"2011-06-24",0.022326,0.002303,-0.000076,-0.001853,0.000161,0.003636,-0.000933,0.000093,-0.001067
"2011-06-27",0.003603,0.000377,-0.002085,-0.001089,-0.000108,0.003848,0.000641,-0.000326,-0.00041
"2011-06-28",0.00119,-0.000062,-0.001098,0.001851,0.00137,0.000298,-0.000003,0.000794,-0.000442
"2011-06-29",-0.012326,-0.000614,0.000627,-0.000703,-0.000275,-0.001938,-0.000582,0.001103,0.000578
"2011-06-30",0.014325,0.001017,0.000086,0.000969,-0.000485,0.000282,0.001239,0.000218,0.00072
"2011-07-01",0.003876,0.000267,0.000043,-0.001473,-0.000317,0.00108,0.000017,-0.000577,-0.000188
"2011-07-04",0.022013,0.002973,0.000663,-0.003384,-0.000252,0.003886,-0.000896,0.000984,-0.000272
"2011-07-05",0.000528,-0.000062,-0.002721,0.001889,-0.000894,0.00255,0.000066,-0.000932,-0.001076
"2011-07-06",-0.002778,-0.000296,-0.000593,0.000083,0.001382,0.001976,0.000174,0.000629,0.000148
"2011-07-07",-0.001769,-0.001402,0.00036,-0.001585,-0.00227,-0.00081,-0.001579,0.000645,-0.000775
"2011-07-08",0.001571,-0.000545,-0.00011,0.000444,-0.000145,-0.000824,-0.000265,0.000092,-0.000275
"2011-07-11",0.001702,-0.000604,-0.001455,0.000684,0.000374,0.001047,0.000281,0.000803,0.000871
"2011-07-12",-0.017352,-0.00212,0.000602,0.001578,-0.00138,-0.000813,-0.000296,0.001215,-0.000343
"2011-07-13",0.015533,0.001812,-0.001682,-0.001545,-0.000612,0.00145,0.001631,0.000172,0.00049
"2011-07-14",0.004741,0.001076,-0.002808,-0.002638,-0.000456,0.000435,0.000578,0.000269,-0.001153
"2011-07-15",0.005447,-0.000368,-0.001245,-0.000373,-0.000092,0.000094,-0.000979,0.000334,-0.001289
"2011-07-18",-0.000385,-0.000732,0.001652,-0.000807,-0.002281,-0.000653,-0.002524,-0.000664,-0.000149
"2011-07-19",-0.007349,-0.000124,0.000589,0.002534,0.001334,-0.001462,-0.000877,-0.000677,0.001132
"2011-07-20",-0.001255,-0.000059,-0.002108,-0.000005,-0.000473,0.000587,-0.000354,-0.000865,-0.000513
"2011-07-21",-0.009561,-0.001488,0.001196,0.001227,-0.000322,-0.001826,-0.001276,0.000162,0.000968
"2011-07-22",0.002282,0.000315,-0.001048,-0.000097,0.000398,-0.000071,-0.000132,0.000598,0.000304
"2011-07-25",-0.031217,-0.001622,0.003483,0.00373,-0.001203,-0.003867,-0.0033,-0.000822,-0.0004
"2011-07-26",0.00273,0.000466,-0.000675,-0.000193,-0.001338,-0.000846,0.000817,-0.000923,0.000013
"2011-07-27",0.008662,0.000847,-0.000334,0.000076,-0.000957,0.000362,0.000512,-0.000853,-0.00142
"2011-07-28",-0.004172,0.000263,-0.000162,-0.000245,-0.000317,-0.000246,-0.00138,0.001249,-0.000889
"2011-07-29",-0.002538,-0.000575,-0.001204,0.000541,0.00072,-0.001203,-0.001655,-0.000396,-0.001016
"2011-08-01",0.001101,0.00117,-0.001083,-0.000242,0.000218,-0.00117,0.001283,-0.000718,-0.000216
"2011-08-02",-0.007147,-0.000643,-0.001316,-0.000405,-0.001525,-0.001266,0.001623,-0.000096,-0.002092
"2011-08-03",-0.000265,0.000253,-0.00364,-0.000669,-0.000308,-0.000107,-0.000096,0.001718,-0.002318
"2011-08-04",0.002491,0.000711,-0.001439,0.003798,0.000729,0.000853,-0.001269,-0.000326,0.001197
"2011-08-05",-0.019123,-0.001784,0.002986,0.003217,-0.000635,-0.002958,-0.002657,0.002728,-0.001086
"2011-08-08",-0.038213,-0.006485,0.006352,0.004922,-0.002902,-0.007028,-0.000931,0.003816,-0.002477
"2011-08-09",-0.000073,-0.002217,0.001859,0.002379,-0.001492,0.000255,0.001742,-0.000762,-0.000117
"2011-08-10",0.009837,-0.000327,-0.001964,-0.000464,-0.001103,0.001151,-0.00007,0.000398,-0.000677
"2011-08-11",0.014051,0.000111,-0.002141,-0.002628,0.000438,0.002096,0.000635,0.002192,-0.00034
"2011-08-12",0.005735,0.000973,-0.001292,-0.001435,0.001656,0.002811,-0.002122,-0.000887,0.00042
"2011-08-15",0.013125,0.003389,-0.002771,-0.001052,-0.000385,0.002318,-0.000013,-0.001655,-0.000877
"2011-08-16",-0.007016,0.00031,-0.001196,0.001362,0.000224,-0.001632,-0.000041,0.000229,0.000491
"2011-08-17",-0.004755,0.000304,-0.002446,-0.002218,0.000118,0.001593,-0.000437,0.000169,-0.000449
"2011-08-18",-0.017733,-0.001997,-0.000271,0.000842,-0.00025,-0.003285,0.000126,0.00114,0.00113
"2011-08-19",-0.010487,-0.001943,-0.000762,-0.001111,-0.001296,-0.000525,0.000171,0.000242,-0.001033
"2011-08-22",-0.008291,0.001424,-0.004176,-0.003758,0.000809,0.002044,-0.001108,-0.00063,-0.00159
"2011-08-23",0.014596,0.002292,-0.00307,-0.002283,0.00159,0.002824,0.001368,0.000292,-0.000462
"2011-08-24",-0.003185,0.000538,-0.00069,0.000835,0.000064,0.000774,-0.001999,0.000141,-0.000375
"2011-08-25",0.029858,0.004266,0.002306,-0.000648,0.001611,-0.000301,-0.00044,-0.000273,0.00071
"2011-08-26",-0.0011,-0.000433,-0.002053,-0.000979,-0.00071,0.000775,0.000159,-0.001112,-0.000553
"2011-08-29",-0.014395,-0.001573,-0.000693,0.000307,-0.000989,-0.000656,-0.000603,0.001485,-0.000299
"2011-08-30",-0.004061,-0.000761,0.000957,0,0.000313,-0.00175,-0.001189,0.000173,0.000965
"2011-08-31",-0.000606,0.000907,-0.000471,-0.000916,0.000032,-0.001066,0.000299,0.00024,0.000724
"2011-09-01",-0.00493,-0.00042,-0.000999,-0.000531,-0.000641,-0.001189,-0.000087,-0.001157,-0.000513
"2011-09-02",-0.011502,-0.000326,0.000351,0.000679,0.000637,-0.000379,-0.000757,-0.000091,-0.000412
"2011-09-05",-0.02137,-0.002271,0.000057,0.00099,0.000626,-0.002671,-0.000861,0.000545,0.000359
"2011-09-06",-0.006467,-0.001192,-0.001357,-0.001864,0.000236,-0.000881,0.00073,0.000404,0.000608
"2011-09-07",0.020057,0.002727,-0.001595,-0.001099,0.000925,0.002719,0.001252,0.00038,-0.00004
"2011-09-08",-0.007412,-0.000519,0.000439,0.000131,-0.00076,-0.000721,-0.001638,-0.000613,-0.000283
"2011-09-09",-0.001645,-0.000367,-0.000099,-0.00107,0.000337,-0.001369,-0.000435,-0.000908,0.000146
"2011-09-13",-0.010836,-0.000387,-0.000946,-0.000222,0.00152,-0.001122,0.000056,-0.000299,0.000265
"2011-09-14",0.0057,0.001575,-0.002329,-0.001996,0.000207,0.002902,0.000336,0.000516,0.000052
"2011-09-15",-0.001658,-0.000252,-0.000946,0.000103,-0.00081,0.000013,-0.000668,-0.000672,0.000111
"2011-09-16",0.001798,0.000711,0.000552,0.001298,0.00005,-0.000183,-0.000822,-0.00036,-0.000343
"2011-09-19",-0.01802,-0.001863,0.001346,0.001262,-0.000162,-0.002584,-0.001408,-0.000372,0.001187
"2011-09-20",0.004447,0.001307,-0.001668,-0.00109,0.000162,0.002652,0.000545,0.000257,0.000553
"2011-09-21",0.028563,0.003212,0.00099,-0.002119,0.000762,0.002936,0.001426,0.001371,0.000522
"2011-09-22",-0.028711,-0.001655,0.000394,-0.000232,-0.000313,-0.001526,-0.001348,0.00024,0.000429
"2011-09-23",-0.005452,0.002141,-0.00026,-0.002429,0.001362,0.001157,-0.000295,0.001902,0.001059
"2011-09-26",-0.018145,0.000288,-0.001372,-0.000451,0.000673,-0.000874,-0.000007,0.001219,0.000396
"2011-09-27",0.009307,0.002204,0.000376,-0.001609,0.001551,-0.000249,0.000377,0.000804,0.000824
"2011-09-28",-0.01008,-0.001988,0.001426,-0.000519,-0.000589,-0.002667,-0.001069,0.000471,-0.00028
"2011-09-29",-0.009602,-0.001364,0.007093,-0.000106,0.002237,-0.005301,-0.001594,0.001992,-0.000653
"2011-09-30",-0.001171,-0.000238,0.000115,0.000287,0.000907,-0.000634,-0.001346,0.000997,-0.000673
"2011-10-10",-0.008027,-0.0007,-0.001228,-0.00186,-0.001536,0.000598,0.000922,-0.000792,0.000084
"2011-10-11",-0.005639,-0.000952,-0.001554,-0.002261,0.001622,-0.000146,0.001827,-0.00003,-0.000206
"2011-10-12",0.033608,0.002579,0.000029,-0.001888,0.001626,0.004958,0.000841,-0.000321,0.000399
"2011-10-13",0.007619,0.000793,-0.000965,-0.000725,0.000696,0.004313,-0.001201,0.000075,-0.000291
"2011-10-14",-0.002752,-0.000339,-0.000414,0.000223,0.000205,0.000298,-0.00002,-0.000394,-0.000021
"2011-10-17",0.003027,0.000033,-0.000675,0.001443,0.000807,0.00132,-0.000619,0.001418,-0.000583
"2011-10-18",-0.025317,-0.003846,0.001243,0.001604,0.000164,-0.005085,-0.001819,0.000575,0.000534
"2011-10-19",-0.002396,-0.000056,-0.000837,-0.001657,0.000131,0.00063,0.000016,-0.000039,-0.000285
"2011-10-20",-0.022603,-0.00248,0.000658,0.00049,0.000904,0.00123,-0.000312,0.000234,0.000422
"2011-10-21",-0.004905,-0.002097,0.002367,-0.001085,0.001172,-0.000821,-0.00245,-0.000034,-0.000101
"2011-10-24",0.024946,0.001764,0.002415,-0.001172,0.00103,0.002761,0.000028,0.000467,0.001537
"2011-10-25",0.019601,0.002851,0.000259,-0.000893,-0.001375,0.001668,0.000628,-0.000456,0.000004
"2011-10-26",0.01005,0.000141,0.00126,0.000578,-0.000085,0.000644,-0.001971,-0.00131,-0.00111
"2011-10-27",0.00297,0.00026,-0.000586,-0.001535,-0.001493,0.000006,-0.001479,-0.000269,0.000215
"2011-10-28",0.017952,0.002157,-0.00117,-0.001248,0.000263,0.001224,0.000934,0.00127,0.000584
"2011-10-31",-0.003153,-0.000567,-0.002696,0.000466,0.000218,0.002236,0.000549,-0.000933,-0.00078
"2011-11-01",0.000898,0.00006,-0.000035,-0.000623,0.000603,0.001204,-0.001389,-0.000005,-0.000724
"2011-11-02",0.014859,-0.000742,0.000576,-0.003589,-0.000349,0.000547,0.000845,0.000974,-0.00074
"2011-11-03",0.002276,0.001163,-0.000459,-0.000114,0.000396,0.001292,-0.002115,-0.000355,0.001427
"2011-11-04",0.005617,0.001059,-0.000799,-0.001625,-0.000827,-0.000607,0.000521,-0.00062,0.000559
"2011-11-07",-0.006929,-0.00124,-0.002469,0.001758,-0.000048,0.000516,-0.000004,-0.000029,0.000069
"2011-11-08",-0.002578,-0.000332,0.000794,0.002535,0.001361,-0.001055,-0.000714,0.000561,0.000065
"2011-11-09",0.007534,0.002273,-0.002899,-0.001085,-0.000271,0.000887,0.001713,0.001075,-0.00115
"2011-11-10",-0.016347,-0.001774,-0.002007,0.000375,-0.000679,-0.002098,-0.001166,0.000947,-0.002416
"2011-11-11",-0.000048,-0.000894,-0.001411,-0.000096,0.000381,-0.000806,-0.000608,-0.00033,0.001124
"2011-11-14",0.021277,0.002515,-0.000517,-0.001782,-0.000095,0.001375,-0.000824,0.00044,-0.000307
"2011-11-15",-0.00139,0.001537,-0.000618,-0.001789,-0.000694,0.000763,-0.000023,-0.001195,0.000685
"2011-11-16",-0.026127,-0.001501,0.000279,0.001632,0.000091,-0.000402,-0.001958,-0.000072,0.00061
"2011-11-17",-0.001554,-0.000296,-0.001849,-0.000011,-0.000382,-0.000304,-0.000299,0.001553,-0.00108
"2011-11-18",-0.020023,-0.004505,0.000807,0.001932,0.001059,-0.002767,-0.00098,0.000623,-0.000005
"2011-11-21",0.000764,-0.000267,-0.001392,0.001275,0.001143,-0.000782,0.000536,-0.000218,0.000944
"2011-11-22",-0.000454,-0.001291,-0.000593,0.00136,0.001243,-0.000502,0.000609,-0.000034,-0.000232
"2011-11-23",-0.008678,-0.001351,-0.001248,0.000256,-0.0006,-0.001308,-0.000977,0.001158,-0.000196
"2011-11-24",0.001098,-0.000229,0.001376,0.000699,-0.000049,-0.000558,-0.000305,0.000013,0.000243
"2011-11-25",-0.006309,-0.001604,-0.000836,0.002071,-0.00028,-0.000457,-0.001099,0.0009,-0.000534
"2011-11-28",0.001336,-0.001341,0.000097,-0.000604,-0.000602,-0.001822,0.0008,0.000297,-0.000075
"2011-11-29",0.013881,0.003647,-0.000989,-0.001327,-0.000621,0.003197,-0.001192,-0.000815,-0.000481
"2011-11-30",-0.033034,-0.004428,0.005004,0.002124,-0.002198,-0.001984,-0.00291,0.000065,0.000351
"2011-12-01",0.021809,0.003042,-0.000424,-0.00191,-0.001403,0.000889,-0.000066,-0.000563,0.000101
"2011-12-02",-0.012357,-0.002093,0.001086,0.000529,0.000509,-0.001667,-0.000767,0.000177,0.000004
"2011-12-05",-0.01446,-0.003315,0.00247,0.000032,0.001204,-0.004756,-0.001226,-0.000803,-0.000422
"2011-12-06",-0.002363,0.001875,-0.001898,0.00116,0.001204,0.000023,0.001581,0.000752,-0.000025
"2011-12-07",0.003466,0.001107,-0.000379,0.000476,0.001487,0.001371,-0.000154,0.001217,0.000063
"2011-12-08",-0.000983,0.000823,-0.000649,0.000041,0.000529,0.001602,0.00026,0.000918,0.000166
"2011-12-09",-0.008397,-0.000872,-0.000034,-0.000777,0.000034,-0.001785,0.000622,0.000012,0.000494
"2011-12-12",-0.00924,0.00045,0.000057,0.000558,0.00194,-0.000876,-0.00093,0.001606,0.000103
"2011-12-13",-0.020299,-0.002176,0.005122,0.002777,0.003196,-0.00034,-0.002327,0.002275,-0.000785
"2011-12-14",-0.009376,-0.002699,0.000875,0.000415,0.00223,-0.000339,-0.001027,0.001705,-0.001748
"2011-12-15",-0.022243,-0.004749,0.001368,0.002128,0.002072,-0.000313,-0.000238,0.003082,-0.00245
"2011-12-16",0.021107,0.004518,-0.00187,0.000871,0.00084,0.003641,0.000955,0.000688,-0.001381
"2011-12-19",-0.003989,0.001678,-0.000622,0.000316,0.001193,0.001967,0.000725,0.001667,-0.000867
"2011-12-20",-0.001837,0.000909,-0.001193,0.001145,-0.000082,0.000248,-0.001538,-0.001314,0.001064
"2011-12-21",-0.012626,-0.002102,0.001656,0.000224,0.001108,-0.001795,-0.003436,0.001977,-0.000327
"2011-12-22",-0.00313,0.001318,0.007541,-0.000147,0.001936,0.000043,0.000666,0.003329,-0.000238
"2011-12-23",0.007502,0.002739,-0.000107,-0.001105,-0.000282,0.00163,-0.000824,-0.000579,0.000396
"2011-12-26",-0.007529,0.000985,-0.001147,-0.000779,-0.000183,0.000378,-0.002686,0.000368,-0.000216
"2011-12-27",-0.013511,-0.00197,0.004922,-0.001062,-0.001264,-0.00287,-0.001896,0.000015,-0.000061
"2011-12-28",-0.001128,0.002207,0.002392,-0.001832,0.000179,0.000993,0.000793,0.001924,0.00113
"2011-12-29",0.001264,0.000948,0.000494,-0.000714,0.000152,0.001009,-0.001389,0.001407,0.000402
"2011-12-30",0.015451,0.001342,0.000412,0.00115,-0.001196,-0.000189,0.000116,-0.000063,-0.000734
"2012-01-04",-0.017179,-0.002484,-0.000024,0.000527,-0.000094,-0.0019,-0.001122,-0.002082,-0.000857
"2012-01-05",-0.014232,-0.001802,0.006765,-0.001987,0.000828,-0.003151,0.001002,0.00043,0.001775
"2012-01-06",0.004353,0.002638,-0.000903,-0.002497,0.001481,0.001668,0.002709,0.001534,0.001564
"2012-01-09",0.032682,0.005862,-0.003136,-0.001316,0.000913,0.004107,0.002035,-0.000545,0.000844
"2012-01-10",0.032083,0.005089,-0.001036,-0.002843,0.000195,0.00399,-0.001202,-0.001055,-0.000149
"2012-01-11",-0.006095,0.001549,-0.003301,0.001081,-0.000989,0.002871,0.000458,-0.001542,0.001724
"2012-01-12",-0.002482,0.002405,-0.000238,-0.000689,0.000147,0.000874,-0.000551,-0.001362,0.000808
"2012-01-13",-0.0196,-0.000771,0.006501,0.000139,-0.000241,-0.002296,-0.000945,-0.001803,0.002787
"2012-01-16",-0.018557,-0.000525,0.002622,-0.001148,0.002353,-0.003459,-0.001731,-0.000813,0.001584
"2012-01-17",0.04569,0.008971,0.000555,-0.002647,0.00017,0.003933,0.00192,-0.000251,0.001471
"2012-01-18",-0.018844,0.003226,0.003142,-0.003316,-0.000725,-0.000783,-0.001476,-0.002934,0.003217
"2012-01-19",0.015819,0.001094,0.000783,-0.002436,0.000106,-0.000263,0.000168,0.001754,-0.000719
"2012-01-20",0.013319,-0.001951,-0.000164,0.001342,0.000417,0.000218,-0.000175,0.001779,-0.00127
"2012-01-30",-0.015172,-0.001652,-0.004399,0.00068,-0.000625,0.001716,0.000077,0.000915,-0.000572
"2012-01-31",0.000686,-0.000103,0.000399,0.001577,0.000114,-0.000293,0.00121,0.000052,0.00187
"2012-02-01",-0.012755,-0.003284,-0.00328,0.001149,0.000054,-0.000086,0.000384,0.000213,-0.001416
"2012-02-02",0.020786,0.003107,-0.000489,-0.001396,-0.000197,0.002379,0.000164,-0.000602,0.000291
"2012-02-03",0.009119,0.001139,-0.002757,-0.002659,0.000922,0.003569,-0.002155,0.000331,-0.00034
"2012-02-06",0.002019,-0.000219,-0.002971,0.000763,0.000284,0.003858,-0.000904,-0.000281,0.000136
"2012-02-07",-0.016362,-0.001085,-0.00025,0.001533,-0.000753,0.001354,-0.001631,-0.000615,-0.000548
"2012-02-08",0.026997,0.003891,0.000195,-0.002082,-0.000013,0.001114,0.001186,0.000012,0.000505
"2012-02-09",-0.000619,0.000126,-0.002024,-0.000941,0.00017,0.001455,0.000626,-0.000991,-0.000567
"2012-02-10",0.000248,0.000925,-0.001198,-0.000373,0.000393,0.002251,-0.000398,-0.000322,0.000093
"2012-02-13",-0.000697,0.000868,-0.001815,-0.00235,0.000903,0.000725,0.000943,0.000804,0.000875
"2012-02-14",-0.003128,-0.001179,-0.002569,0.000214,0.000377,0.000012,0.000172,0.000754,0.000442
"2012-02-15",0.010142,0.002185,-0.002009,-0.00159,0.001729,0.000909,-0.000534,0.000091,0.000521
"2012-02-16",-0.004008,-0.001782,-0.002964,-0.001461,-0.001352,-0.000544,-0.001273,-0.001249,0.00139
"2012-02-17",-0.001558,-0.000692,0.001367,-0.000181,0.000018,-0.000524,0.000921,-0.000285,0.000324
"2012-02-20",0.00088,-0.000493,-0.001217,0.00112,-0.000033,0.000354,-0.000134,-0.000976,-0.001736
"2012-02-21",0.00781,0.001982,-0.000645,-0.000614,-0.00004,0.001393,0.000559,0.000045,-0.000175
"2012-02-22",0.012657,0.001229,-0.001475,-0.001668,0.001146,0.00175,0.00026,0.00152,-0.002665
"2012-02-23",0.004504,-0.000561,-0.001008,-0.000851,0.000229,-0.000254,-0.000352,0.002205,-0.000989
"2012-02-24",0.016337,0.000968,0.001422,-0.001369,0.000678,-0.001691,-0.000348,0.000266,-0.000657
"2012-02-27",0.003948,0.000066,0.001825,0.000643,0.001617,0.000681,-0.001525,0.000556,0.000429
"2012-02-28",0.000615,-0.001014,0.001449,0.001984,0.001524,-0.002071,-0.00023,-0.000116,0.001219
"2012-02-29",-0.010966,-0.000297,-0.000215,0.001838,-0.001155,0.000069,-0.000079,-0.000374,0.000969
"2012-03-01",-0.001005,0.001123,-0.002229,0.00021,0.000326,-0.000045,0.00016,-0.000784,-0.000203
"2012-03-02",0.016838,0.002178,0.000631,-0.000528,0.000756,0.000548,0.000271,0.000294,-0.000193
"2012-03-05",-0.005927,0.001301,-0.003166,0.001732,-0.000099,-0.000685,-0.000508,-0.000473,0.000497
"2012-03-06",-0.015031,0.000115,-0.002371,0.000915,-0.000458,0.001751,-0.000911,-0.001437,0.000255
"2012-03-07",-0.006603,-0.001261,-0.002504,-0.00158,-0.000678,-0.000479,-0.000776,-0.000187,-0.002467
"2012-03-08",0.010872,0.001373,-0.001083,-0.000386,0.000196,-0.000969,-0.000475,0.000382,-0.000659
"2012-03-09",0.010936,0.002148,-0.000996,0.000608,0.000305,0.00028,-0.000155,0.002095,-0.000093
"2012-03-12",-0.002594,-0.000622,-0.001288,0.000547,-0.001172,0.000154,-0.000029,0.001156,0.000444
"2012-03-13",0.010873,0.000153,0.000353,-0.00145,-0.000723,-0.000118,-0.000262,-0.000499,-0.000493
"2012-03-14",-0.02886,-0.003976,0.004076,0.002223,-0.00095,-0.0019,-0.001613,0.000127,0.000014
"2012-03-15",-0.004015,-0.004553,0.002582,0.002024,-0.002526,-0.005096,0.000131,0.001607,-0.000164
"2012-03-16",0.014747,0.000718,-0.00267,-0.000357,-0.000762,-0.001157,0.001055,0.000264,-0.000172
"2012-03-19",0.003792,0.002433,-0.004021,-0.000047,-0.000573,0.000018,-0.000599,-0.000078,-0.000247
"2012-03-20",-0.01677,-0.000538,0.000889,0.002341,0.000016,0.000903,-0.001983,-0.001221,0.000158
"2012-03-21",0.003414,0.003724,-0.000522,-0.000662,-0.000017,0.000926,0.000138,-0.000664,0.00209
"2012-03-22",-0.002307,-0.001324,-0.002372,0.000833,0.000681,-0.000073,-0.000169,-0.00052,-0.001631
"2012-03-23",-0.012542,-0.001914,0.002036,0.000479,-0.000063,-0.001378,-0.001614,-0.000731,-0.000422
"2012-03-26",0.000303,0.000139,0.0001,0.00217,-0.000222,-0.000414,-0.001666,-0.000403,-0.000823
"2012-03-27",-0.003854,0.00113,-0.001466,-0.000144,0.000878,0.000703,-0.000635,0.001204,0.000943
"2012-03-28",-0.028559,-0.003622,0.00428,0.003518,0.00048,-0.001703,-0.00205,0.000986,0.000166
"2012-03-29",-0.012632,-0.003207,-0.000205,0.004399,0.000386,0.00016,-0.002579,0.001052,-0.000467
"2012-03-30",0.006016,-0.000992,0.001008,0.000633,-0.000553,-0.002423,-0.00245,-0.00052,-0.000786
"2012-04-05",0.020943,0.004469,-0.00094,0.002445,0.000657,0.001832,0.000825,0.001204,0.001076
"2012-04-06",0.00145,0.00302,-0.002513,0.001123,0.000762,0.002637,-0.000968,-0.000371,0.0011
"2012-04-09",-0.010165,-0.001458,-0.001253,0.000521,0.000032,-0.00118,-0.000943,0.000341,-0.000567
"2012-04-10",0.009184,0.002663,-0.000378,-0.000989,-0.000304,0.001773,0.000076,-0.001065,-0.00032
"2012-04-11",0.000535,0.002212,-0.002556,0.000812,0.001086,0.002078,-0.001942,0.000101,0.000526
"2012-04-12",0.021106,0.002736,-0.003058,-0.000805,0.000725,0.001405,-0.001284,-0.000061,0.000973
"2012-04-13",0.003786,0.001658,-0.001868,-0.001309,-0.000175,-0.000158,-0.000661,0.001282,0.001175
"2012-04-16",-0.000745,0.000313,-0.00181,-0.002783,-0.000505,-0.000048,-0.00189,0.000261,0.001264
"2012-04-17",-0.01209,-0.001158,0.000813,-0.000034,0.000009,-0.001944,-0.000038,-0.000516,-0.000203
"2012-04-18",0.022881,0.003347,-0.000746,-0.000864,0.000316,0.00196,-0.00073,-0.000161,0.000147
"2012-04-19",-0.003192,0.000035,-0.001236,-0.000873,0.000191,-0.000045,0.000875,-0.000864,0.000301
"2012-04-20",0.010942,0.00117,0.000044,-0.003594,0.000394,-0.000304,0.000103,-0.000573,-0.000489
"2012-04-23",-0.006157,0.000781,0.005761,0.00001,-0.000594,-0.001485,-0.004309,0.00073,0.004367
"2012-04-24",0.000159,0.001794,0.003208,0.000787,0.000529,0.002064,-0.002122,0.000321,0.001176
"2012-04-25",0.008696,0.001381,-0.002837,-0.002662,0.000217,0.001253,-0.001305,-0.00053,0.00185
"2012-04-26",0.000756,0.000866,0.000551,-0.001038,0.001448,-0.00085,-0.001008,0.000925,-0.000165
"2012-04-27",-0.00237,-0.002197,-0.001572,0.002788,0.000703,-0.002071,0.001212,0.001216,-0.002355
"2012-05-02",0.020856,0.001884,0.002553,0.001442,0.0009,0.000026,0.001678,0.002319,-0.000364
"2012-05-03",0.001612,0.002213,-0.000973,0.00046,0.00008,0.002022,-0.000464,0.000821,-0.000665
"2012-05-04",0.007629,-0.00145,-0.000887,0.000888,0.000151,0.000011,0.000802,0.000542,-0.000874
"2012-05-07",0.001708,-0.002166,-0.001696,-0.000302,-0.00147,0.001304,0.001002,0.000255,-0.001898
"2012-05-08",-0.003095,-0.000501,-0.002564,-0.000027,0.00115,0.004009,0.000128,-0.000434,0.000862
"2012-05-09",-0.018041,-0.002063,-0.002023,0.001918,-0.00056,0.001639,-0.001554,-0.000306,-0.00027
"2012-05-10",0.001881,-0.000502,-0.001331,0.001054,-0.000184,0.000442,0.000655,-0.000977,0.000717
"2012-05-11",-0.007153,0.00076,-0.000187,-0.000518,-0.000088,-0.000964,-0.000386,-0.000022,0.000456
"2012-05-14",-0.006231,0.00105,-0.000956,0.000228,-0.000281,0.000568,-0.001937,-0.001778,0.000121
"2012-05-15",-0.000683,0.000186,0.000851,0.00222,0.000571,-0.000445,-0.000682,0.000724,-0.000163
"2012-05-16",-0.014129,-0.00088,-0.00259,0.000213,0.000534,0.001536,-0.001181,0.000805,0.000221
"2012-05-17",0.01452,0.002961,-0.001235,0.000399,0.001624,0.000112,-0.000883,0.000287,0.000079
"2012-05-18",-0.014724,-0.002748,-0.000309,-0.001809,0.001496,-0.000624,-0.000987,0.000526,-0.000632
"2012-05-21",0.003566,0.000184,0.002512,0.002101,0.001016,-0.000486,0.000438,0.000498,0.000546
"2012-05-22",0.013258,0.00321,0.000673,0.000307,-0.0005,0.000599,-0.000016,-0.00045,-0.000327
"2012-05-23",-0.00348,0.002487,0.000407,0.003101,0.000149,0.002034,-0.001022,0.000622,0.000645
"2012-05-24",-0.007613,-0.000428,-0.000004,-0.001885,-0.000246,0.00043,-0.000276,-0.000882,-0.000113
"2012-05-25",-0.008973,-0.001075,0.002634,0.001122,-0.000324,-0.001554,-0.000226,-0.001261,0.000644
"2012-05-28",0.01449,0.001944,0.002043,0.001067,0.00139,0.000729,-0.000346,0.000102,0.00053
"2012-05-29",0.013787,0.001203,-0.000568,-0.001266,-0.000232,0.000764,0.000002,0.000968,-0.001245
"2012-05-30",-0.00516,-0.000002,-0.001656,-0.001626,-0.00114,-0.000428,0.001083,-0.00007,-0.001817
"2012-05-31",-0.003193,-0.000154,-0.002242,0.000896,-0.00107,-0.000639,-0.000403,0.000351,-0.002322
"2012-06-01",0.000414,-0.00205,-0.000467,0.000433,0.001216,0.001094,-0.000752,0.000768,0.000341
"2012-06-04",-0.027175,-0.004674,0.003485,0.000073,-0.002545,-0.001735,-0.000259,0.001156,-0.001568
"2012-06-05",0.000419,-0.000749,0.000261,-0.001494,0.000274,-0.000658,0.000061,0.00091,0.001042
"2012-06-06",-0.001644,-0.000806,-0.000389,-0.001008,-0.000289,-0.0002,-0.000011,0.000632,-0.000587
"2012-06-07",-0.005502,0.000627,-0.00042,0.000735,-0.000185,-0.000127,-0.000734,0.000801,-0.00101
"2012-06-08",-0.005519,0.000086,-0.000678,-0.000612,0.000075,0.000385,-0.001912,0.000045,-0.000923
"2012-06-11",0.013461,0.001644,-0.000934,0.000672,0.000326,0.000026,0.001375,0.001438,-0.002204
"2012-06-12",-0.0063,-0.002611,-0.000475,0.001324,0.000121,-0.000125,-0.001439,0.000611,-0.002014
"2012-06-13",0.015404,0.000046,-0.001391,-0.000229,0.000059,0.001249,0.000013,0.000162,-0.000947
"2012-06-14",-0.007227,-0.002572,-0.000188,-0.000501,-0.000777,-0.001439,-0.001166,0.000165,-0.000565
"2012-06-15",0.004551,0.000082,-0.001581,-0.000775,0.000797,-0.002236,0.000173,-0.000151,-0.000471
"2012-06-18",0.004702,0.000825,-0.001907,0.001123,0.000008,0.00086,0.000811,-0.000307,-0.000779
"2012-06-19",-0.007247,-0.001309,-0.001536,0.000012,0.00109,0.001381,-0.000057,0.001335,-0.000367
"2012-06-20",-0.002439,0.000189,-0.002044,-0.001507,0.000311,-0.001075,0.000037,0.00012,-0.001477
"2012-06-21",-0.014152,-0.002713,-0.000556,0.001317,-0.000528,-0.000241,-0.000688,0.000456,0.000503
"2012-06-25",-0.020233,-0.0042,0.000778,-0.000968,0.00024,-0.001749,-0.001809,0.000571,0.000128
"2012-06-26",0.0013,0.001265,-0.000463,0.000152,-0.000408,-0.000226,0.000416,-0.001259,-0.000367
"2012-06-27",-0.000571,-0.003067,-0.000477,0.002068,-0.000991,-0.001146,0.000224,-0.00002,-0.002554
"2012-06-28",-0.009092,-0.001411,0.000275,0.001296,-0.000541,-0.000474,-0.00063,0.000137,-0.000309
"2012-06-29",0.013111,0.002706,0.000594,0.00255,0.000535,-0.001074,0.001114,0.000539,-0.001188
"2012-07-02",0.002321,0.000343,-0.002828,0.001126,-0.001318,0.001317,0.000817,0.000658,-0.0021
"2012-07-03",0.001565,-0.001115,-0.00283,0.000882,0.000382,0.000311,0.000193,-0.000274,-0.00191
"2012-07-04",-0.001571,0.001108,-0.00031,0.000698,0.000018,-0.00125,0.001242,0.000317,0.002063
"2012-07-05",-0.012249,-0.003444,0.001612,0.001743,-0.00158,-0.001136,-0.00127,-0.000809,-0.000997
"2012-07-06",0.015165,0.001639,-0.00036,0.002509,0.0008,0.000829,0.001307,0.001661,0.000338
"2012-07-09",-0.020558,-0.005408,0.002789,0.003695,-0.001798,-0.001415,-0.001268,-0.001597,0.000328
"2012-07-10",-0.004039,0.001105,0.00272,-0.000523,0.000542,-0.001718,-0.000624,-0.000798,0.000963
"2012-07-11",0.006504,0.003346,0.001094,0.001465,0.002133,0.001784,0.000657,0.002563,0.000743
"2012-07-12",0.01053,0.003145,-0.000479,0.000406,-0.000789,0.000081,0.000605,0.000502,-0.000956
"2012-07-13",-0.001008,-0.000246,0.002227,0.001519,0.000697,0.001192,-0.000385,0.000503,0.002735
"2012-07-16",-0.019713,-0.001503,0.006128,0.003929,0.000446,-0.000578,-0.002313,-0.000748,0.000616
"2012-07-17",0.006428,0.001585,-0.001348,-0.002277,-0.000363,0.001043,0.001261,-0.001102,0.00105
"2012-07-18",0.002114,0.001697,-0.002345,-0.002788,-0.000146,0.003046,0.00073,-0.000973,0.001644
"2012-07-19",0.006465,0.000269,-0.004172,-0.000605,-0.000852,0.001224,-0.002401,-0.000883,-0.000225
"2012-07-20",-0.009105,-0.001913,-0.002285,-0.001704,-0.000618,-0.000868,-0.001259,0.000587,-0.000563
"2012-07-23",-0.011682,-0.002132,-0.00117,-0.000145,-0.000517,-0.000391,-0.000239,-0.000025,-0.000984
"2012-07-24",0.003547,0.000672,-0.002151,0.000864,0.003223,0.001007,0.000595,0.001219,0.000225
"2012-07-25",-0.006413,-0.00182,-0.000131,0.000672,0.000236,-0.000325,-0.001537,-0.000843,-0.001977
"2012-07-26",-0.005571,0.000131,0.001406,-0.000318,0.000258,-0.00198,-0.001131,0.000808,-0.000488
"2012-07-27",0.000621,0.001425,0.000142,-0.000979,0.001083,-0.001159,-0.000427,-0.000203,-0.001314
"2012-07-30",-0.006445,-0.00062,0.006065,0.003173,0.000537,-0.005041,-0.00065,0.002326,-0.001858
"2012-07-31",-0.002872,-0.00161,0.001965,0.003663,0.001095,0.002271,-0.003054,0.001037,-0.0007
"2012-08-01",0.010871,0.002196,-0.000806,0.000809,0.000399,0.001911,0.000984,0.000633,0.00097
"2012-08-02",-0.007762,-0.002659,-0.000573,0.000982,0.001282,0.002309,0.000179,0.000081,0.000415
"2012-08-03",0.010447,0.00122,-0.003155,-0.000567,-0.000112,0.002067,-0.000007,0.000829,-0.000226
"2012-08-06",0.013558,0.001939,-0.002678,-0.000357,-0.000524,0.002314,0.001036,0.001576,0.000251
"2012-08-07",0.001711,0.000082,-0.002007,-0.003471,-0.000459,0.002819,-0.000878,-0.000043,0.000118
"2012-08-08",0.000274,0.000342,-0.00012,-0.000981,-0.001156,-0.000714,-0.000784,-0.002039,-0.000514
"2012-08-09",0.007888,0.000346,-0.001952,0.002466,0.001018,0.001688,0.000838,0.00064,-0.000176
"2012-08-10",-0.003215,-0.001043,-0.001158,-0.001776,-0.000505,0.000635,-0.002526,-0.00163,-0.000871
"2012-08-13",-0.0172,-0.004443,0.001054,0.001911,-0.000888,-0.003065,0.001191,-0.000365,0.000672
"2012-08-14",0.002005,0.001871,-0.003123,-0.000567,0.000057,-0.000354,0.000835,-0.000375,-0.000997
"2012-08-15",-0.00948,-0.001509,0.000214,-0.001001,-0.000435,-0.000488,-0.001999,-0.000526,-0.000373
"2012-08-16",-0.005349,-0.000498,-0.000072,0.000029,0.000601,-0.002888,-0.001043,0.000052,-0.000094
"2012-08-17",-0.001264,0.000424,-0.002267,-0.00179,0.000551,0.001503,0.000394,0.000071,0.000339
"2012-08-20",-0.003782,-0.00084,-0.00255,-0.000181,0.000071,0.002089,0.001063,0.000802,-0.000571
"2012-08-21",0.006074,-0.000099,-0.003367,-0.000803,0.000252,0.001519,0.000542,0.002086,-0.00101
"2012-08-22",-0.007716,-0.001246,-0.001671,0.000017,0.000055,-0.000525,-0.000554,-0.000096,-0.000682
"2012-08-23",0.003115,0.000985,-0.003002,-0.003396,-0.00037,-0.000099,0.000204,-0.000276,0.00062
"2012-08-24",-0.013694,-0.002949,0.001263,-0.000124,-0.000611,-0.002333,-0.002123,-0.000377,-0.000589
"2012-08-27",-0.019822,-0.00326,-0.000186,0.001735,-0.002685,-0.001821,0.000292,-0.001761,-0.000783
"2012-08-28",0.003691,0.001631,-0.003201,-0.000703,0.001672,0.000108,0.001311,0.001122,-0.000725
"2012-08-29",-0.010471,-0.00125,-0.00299,-0.000462,-0.000737,-0.001342,-0.000926,-0.000449,-0.0023
"2012-08-30",-0.002947,0.000066,0.00323,-0.001917,-0.000135,-0.003717,-0.001485,-0.001912,0.001522
"2012-08-31",-0.000853,-0.001611,-0.003056,0.000985,0.00013,0.002823,-0.000582,-0.0006,-0.000595
"2012-09-03",0.010427,0.001864,-0.001865,0.002688,-0.000043,0.003504,-0.000126,0.001945,-0.00182
"2012-09-04",-0.01034,-0.002257,-0.00276,-0.000574,-0.000908,0.000963,0.000156,-0.000939,-0.000886
"2012-09-05",-0.001717,0.000449,-0.003219,-0.000354,0.000389,0.001512,-0.000234,-0.000665,-0.00072
"2012-09-06",0.007181,0.00255,-0.000444,-0.001529,0.0015,0.000868,0.00029,0.000431,-0.000299
"2012-09-07",0.04018,0.005971,0.00388,-0.001018,0.001727,0.001112,-0.000965,0.000855,0.000005
"2012-09-10",0.00363,0.001487,-0.000686,-0.002433,-0.000336,0.002646,0.000008,-0.001206,-0.000471
"2012-09-11",-0.00576,-0.000992,-0.000909,-0.000367,-0.000436,-0.001009,-0.00006,-0.000127,-0.000226
"2012-09-12",0.004319,0.002326,-0.00074,0.000028,-0.000407,0.001767,-0.001161,-0.000399,0.000313
"2012-09-13",-0.008946,-0.002437,0.001618,0.000774,0.000064,-0.002282,-0.001801,-0.000198,0.000248
"2012-09-14",0.005548,0.001717,0.0012,-0.000905,0.000691,-0.002228,0.000362,0.000821,0.00096
"2012-09-17",-0.02325,-0.003059,0.001133,0.002178,-0.000829,-0.001696,-0.001016,0.000914,0.000833
"2012-09-18",-0.009181,-0.000581,-0.002903,0.001612,-0.000063,0.00046,-0.000422,-0.000184,-0.000771
"2012-09-19",0.005837,0.001314,-0.00093,-0.001936,-0.001026,-0.00004,-0.000608,0.00028,-0.000675
"2012-09-20",-0.022231,-0.002236,0.003651,0.001518,-0.000859,-0.002692,-0.003024,0.000582,-0.001169
"2012-09-21",0.002313,0.000409,0.002457,0.000125,-0.000414,-0.001435,-0.00224,0.000151,0.001446
"2012-09-24",0.006238,0.002664,0.000234,-0.000597,-0.000365,0.002262,0.00057,0.000663,-0.000162
"2012-09-25",-0.003341,-0.000748,0.000109,0.001288,0.000503,0.000619,-0.001115,0.00096,0.000666
"2012-09-26",-0.01132,-0.002595,0.004067,-0.000735,-0.000191,-0.001647,-0.001572,-0.001282,0.000699
"2012-09-27",0.028767,0.003322,0.001135,-0.000527,0.001012,0.002747,-0.000486,0.000207,-0.000204
"2012-09-28",0.017446,0.001625,0.001121,-0.000401,-0.000021,0.002731,-0.000493,0.000101,-0.000633
"2012-10-08",-0.007478,-0.001282,-0.003266,0.001303,-0.000981,0.003502,-0.000205,-0.001213,0.000357
"2012-10-09",0.021936,0.002612,-0.001798,-0.000734,0.000992,0.003733,-0.00023,0.000363,-0.000692
"2012-10-10",0.003577,-0.000247,-0.001971,-0.002055,0.000874,0.003921,-0.000999,-0.001211,0.000132
"2012-10-11",-0.00953,-0.00136,0.002477,0.000101,-0.000071,-0.002979,-0.00152,0.000371,-0.000228
"2012-10-12",0.001714,0.000328,-0.001327,-0.000432,0.000419,-0.000288,-0.000727,-0.000672,0.000674
"2012-10-15",-0.004051,-0.00073,0.001465,0.002817,-0.001991,0.000179,-0.001963,-0.001783,0.001188
"2012-10-16",0.001426,0.000632,-0.001649,0.001218,0.000853,-0.000484,0.00033,0.002498,-0.000247
"2012-10-17",0.000655,0.001457,-0.000983,-0.00073,0.001575,0.000333,0.00025,0.001318,0.000098
"2012-10-18",0.015334,0.002294,-0.000098,-0.001022,0.0006,0.002856,-0.001611,-0.000108,-0.001018
"2012-10-19",-0.001939,0.0009,-0.001142,0.000661,0.000311,-0.000235,-0.001596,0.00039,-0.000331
"2012-10-22",0.003787,0.000323,-0.000449,-0.000537,-0.000318,0.000653,-0.000469,-0.000355,-0.00138
"2012-10-23",-0.010763,-0.002272,-0.001281,-0.001903,-0.000811,-0.000223,-0.001008,-0.002892,0.001649
"2012-10-24",-0.00042,-0.001249,-0.000282,-0.002582,0.002037,0.001379,-0.001781,-0.00057,0.001423
"2012-10-25",-0.0069,-0.001039,0.000042,-0.000309,0.002086,-0.004322,-0.000198,0.001759,-0.000913
"2012-10-26",-0.017831,-0.003252,0.000771,0.003434,-0.001484,-0.000477,-0.000328,-0.001322,0.000536
"2012-10-29",-0.001972,-0.00022,-0.000828,0.001361,0.000366,0.000611,-0.000631,0.000704,-0.001284
"2012-10-30",0.000844,0.001896,-0.000294,0.002961,0.000657,-0.002357,0.000535,-0.000459,-0.000534
"2012-10-31",0.00468,0.000885,0.00058,0.001377,0.000072,-0.000758,-0.000212,-0.001823,-0.000756
"2012-11-01",0.017257,0.003171,-0.000104,-0.001083,0.000661,0.001608,-0.000343,0.001208,-0.000065
"2012-11-02",0.004202,0.000149,-0.001,-0.001336,-0.000242,0.000347,-0.000613,-0.000626,0.000972
"2012-11-05",-0.001125,-0.001863,-0.001219,-0.002543,-0.000731,0.000259,0.000154,-0.002065,0.001568
"2012-11-06",-0.004349,-0.001969,0.000899,0.000934,-0.00049,0.000074,-0.000174,-0.000599,-0.001021
"2012-11-07",-0.001711,-0.000489,-0.001341,0.000605,0.000451,-0.001202,0.000632,0.000204,0.000171
"2012-11-08",-0.018424,-0.002617,0.001058,0.001168,-0.000797,-0.0023,-0.002506,0.001177,-0.001119
"2012-11-09",-0.002664,-0.000202,-0.000321,-0.001567,-0.001012,-0.001809,0.001534,-0.000351,0.000906
"2012-11-12",0.003477,0.002212,-0.001707,-0.002372,-0.000304,0.000568,0.000732,-0.002344,0.000409
"2012-11-13",-0.015976,-0.002434,0.001436,0.000771,-0.001256,-0.003113,-0.001242,-0.001075,-0.000713
"2012-11-14",0.004513,0.002085,0.000841,-0.001001,0.001356,0.000229,-0.000057,0.001356,0.000373
"2012-11-15",-0.013277,-0.002002,0.001495,0.002652,0.001069,-0.001946,-0.001166,0.000396,-0.000754
"2012-11-16",-0.007882,0.000951,-0.000396,0.001059,0.000596,-0.000821,0.001022,-0.000276,-0.000789
"2012-11-19",0.000986,0.000874,-0.003017,-0.000238,0.000991,0.00115,0.000919,-0.000679,-0.000544
"2012-11-20",-0.002917,-0.000649,-0.001103,0.000933,0.000407,0.001152,-0.001231,-0.000804,-0.000637
"2012-11-21",0.013119,0.002307,-0.000047,-0.001023,0.001618,0.001464,-0.000522,-0.000339,0.000708
"2012-11-22",-0.008291,-0.001899,-0.000724,-0.00063,-0.0004,-0.001395,-0.000151,-0.001101,-0.000803
"2012-11-23",0.005454,0.000309,0.001618,0.000113,0.000165,-0.001132,0.000253,-0.000105,0.000293
"2012-11-26",-0.007242,-0.002621,-0.000483,-0.001065,-0.000756,-0.001376,-0.000282,-0.000489,0.001351
"2012-11-27",-0.014853,-0.002978,0.008152,0.003296,0.00024,-0.003317,-0.001921,0.000426,-0.001016
"2012-11-28",-0.010131,-0.001051,0.003031,0.00218,0.002667,0.000359,-0.000773,0.000691,-0.000409
"2012-11-29",-0.005577,-0.002868,0.002464,-0.000957,0.000027,0.001355,-0.001869,-0.000071,-0.001499
"2012-11-30",0.010335,0.001523,-0.000401,0.001664,-0.000023,0.001511,0.001113,-0.000805,0.000095
"2012-12-03",-0.015423,-0.00328,0.003971,0.003903,-0.000433,-0.001726,-0.001034,-0.002967,-0.000627
"2012-12-04",0.008516,0.0045,-0.000011,0.001564,0.002468,0.003365,0.000407,0.000917,0.000338
"2012-12-05",0.033137,0.003994,-0.000613,-0.001211,0.000276,0.002101,0.000438,0.000669,-0.000383
"2012-12-06",-0.002358,0.000646,-0.001016,-0.00002,0.000216,0.001751,0.000008,-0.000735,0.000226
"2012-12-07",0.019015,0.002917,-0.00175,-0.002333,0.001532,0.001597,0.000932,0.001412,0.000514
"2012-12-10",0.010507,0.001664,-0.002282,-0.002805,-0.000628,0.005502,0.000639,-0.001052,0.000734
"2012-12-11",-0.003757,-0.000615,0.000148,0.000557,-0.000114,-0.00034,-0.001755,0.00112,-0.000701
"2012-12-12",0.000468,-0.000009,0.000125,-0.000111,-0.001096,0.000545,0.002321,-0.000902,0.001212
"2012-12-13",-0.009523,-0.001018,0.00112,0.000852,0.000214,-0.000282,-0.001592,-0.000159,-0.000441
"2012-12-14",0.046007,0.004915,0.000802,-0.00254,0.000189,0.000725,0.000679,0.000182,0.000026
"2012-12-17",0.005379,0.003601,-0.001317,-0.004682,0.000045,0.001561,0.000187,-0.000282,0.001931
"2012-12-18",-0.000892,0.001025,0.000718,-0.002752,-0.000406,-0.001001,0.000011,0.000257,0.001278
"2012-12-19",0.002207,0.000179,-0.000924,0.000053,0.000475,0.00237,-0.000988,0.001289,-0.000725
"2012-12-20",0.003152,0.000708,0.001511,-0.000329,-0.001014,-0.001929,0.003237,0.001976,-0.000359
"2012-12-21",-0.004582,-0.001602,-0.001629,0.001354,0.000794,-0.001676,0.001151,0.002403,-0.001814
"2012-12-24",0.003772,-0.000786,-0.002108,0.002902,0.000035,0.002663,0.000301,0.000365,-0.001762
"2012-12-25",0.026054,0.001446,-0.000117,-0.000756,0.000024,0.000834,0.000143,0.000566,-0.000644
"2012-12-26",0.005079,-0.000887,-0.003549,-0.001556,-0.000962,-0.000152,0.00152,0.000312,-0.001576
"2012-12-27",-0.003142,-0.00104,0.001885,-0.00015,0.000234,0.002547,-0.005438,-0.000804,0.000826
"2012-12-28",0.013019,0.001112,-0.000674,0.000956,0.000223,0.000144,-0.000049,0.001758,-0.000217
"2012-12-31",0.015526,0.000217,0.002346,0.000322,-0.000598,-0.000685,-0.001341,-0.000842,-0.000346
"2013-01-04",-0.001632,0.000419,-0.001511,-0.000057,0.000912,-0.000995,0.003635,-0.002435,0.001178
"2013-01-07",0.003431,0.00066,-0.003125,-0.001066,-0.000358,0.000968,0.001816,-0.001189,-0.000286
"2013-01-08",-0.001542,-0.000361,-0.001401,-0.002187,-0.001617,0.000995,-0.001571,0.000626,-0.000896
"2013-01-09",0.00325,-0.000568,0.000115,-0.000383,0.000733,0.003043,-0.003709,-0.000143,-0.001276
"2013-01-10",0.002287,0.001564,0.000357,-0.00256,-0.000144,0.001905,-0.00005,-0.000456,-0.001237
"2013-01-11",-0.020439,-0.004716,-0.000769,-0.000194,-0.001829,-0.001705,0.001762,0.000866,-0.001246
"2013-01-14",0.034658,0.002185,0.000413,-0.00071,-0.001089,-0.000054,0.000944,0.000937,-0.00109
"2013-01-15",0.008225,0.001549,-0.000638,-0.001569,0.00002,0.000753,-0.000282,-0.000733,-0.001298
"2013-01-16",-0.004377,-0.000359,0.00056,-0.000354,-0.000642,-0.001204,-0.002639,-0.001616,0.000071
"2013-01-17",-0.008077,-0.002948,-0.002117,0.003331,0.001629,-0.000198,-0.001516,0.000254,-0.000486
"2013-01-18",0.015813,0.000617,-0.000326,0.002018,-0.00022,-0.000464,0.000233,0.000134,-0.000196
"2013-01-21",0.005494,0.002272,-0.001793,0.000406,-0.000354,-0.001335,-0.000371,-0.000455,-0.000656
"2013-01-22",-0.005298,0.000594,0.002618,0.001588,-0.000145,-0.000222,-0.004052,-0.001189,0.00029
"2013-01-23",0.002448,-0.000129,-0.000032,0.000943,0.000284,0.000133,0.000419,0.001164,0.002741
"2013-01-24",-0.012037,-0.000202,0.00299,0.001063,0.000386,-0.000442,-0.003292,-0.000656,0.000141
"2013-01-25",-0.003123,-0.001881,-0.00088,0.003061,-0.000122,-0.002214,-0.001622,-0.0003,-0.000943
"2013-01-28",0.026084,0.003008,-0.000517,0.001753,0.001214,0.000233,0.000388,0.000079,-0.000899
"2013-01-29",0.006997,0.002463,-0.001663,0.000004,0.000751,0.002606,-0.001207,0.000887,-0.001283
"2013-01-30",0.005627,0.000212,0.001576,-0.00155,0.000506,-0.000144,-0.001425,-0.000941,0.000321
"2013-01-31",0.000541,-0.002338,0.000305,-0.001888,-0.001994,-0.003118,0.001739,-0.00035,0.000481
"2013-02-01",0.014529,0.002111,0.000029,-0.000411,0.001683,-0.000128,-0.001015,0.000902,-0.000739
"2013-02-04",0.004206,0.001017,0.000337,-0.001593,0.001998,-0.001706,-0.000985,-0.000731,0.000109
"2013-02-05",0.010208,-0.000327,0.001425,0.001053,0.00131,-0.00024,0.00088,0.001428,-0.000083
"2013-02-06",0.000604,0.001687,-0.000727,0.001282,0.00022,0.001423,-0.001983,0.001033,-0.000137
"2013-02-07",-0.00351,-0.001292,0.001364,0.002776,0.000059,-0.001819,0.000289,0.001572,-0.001667
"2013-02-08",0.007205,-0.00012,-0.000001,0.000821,-0.000376,0.000019,-0.000337,0.001016,-0.000639
"2013-02-18",-0.00803,0.000065,-0.003664,-0.001071,0.000074,0.002544,0.000719,-0.002265,0.000233
"2013-02-19",-0.017036,-0.003139,-0.002275,-0.001667,0.000591,0.000446,-0.000876,-0.00056,0.000387
"2013-02-20",0.008874,0.000132,-0.00092,0.000524,-0.000538,0.000149,0.000548,0.001878,-0.001415
"2013-02-21",-0.02988,-0.002246,-0.00368,0.000229,-0.002117,0.000924,-0.001131,-0.000621,-0.001651
"2013-02-22",-0.00356,-0.000942,-0.001774,0.002015,0.000506,-0.000508,-0.000481,0.00135,0.000133
"2013-02-25",0.004667,0.000583,-0.001355,0.001376,-0.001269,-0.001258,-0.000109,-0.000194,-0.000979
"2013-02-26",-0.015028,-0.000839,-0.003211,0.002659,0.000177,0.000392,-0.001658,0.000177,-0.001071
"2013-02-27",0.0065,0.002595,0.001868,0.001073,0.000604,0.002558,-0.000285,-0.001422,0.00135
"2013-02-28",0.024282,0.00388,0.001719,0.000577,0.001645,0.001357,-0.000377,-0.000051,0.000298
"2013-03-01",-0.00003,-0.000448,-0.002543,-0.000047,0.000155,0.002881,-0.000813,-0.000134,-0.001751
"2013-03-04",-0.039664,-0.006239,-0.00043,-0.001478,-0.000994,-0.000333,0.000011,-0.0012,0.000769
"2013-03-05",0.025552,0.001527,-0.001009,0.000821,-0.001646,-0.000208,0.000043,-0.000435,-0.000387
"2013-03-06",0.010217,0.001369,-0.001911,0.000292,0.001381,0.000978,-0.000842,-0.000153,-0.001177
"2013-03-07",-0.007561,0.001435,-0.001673,-0.001138,-0.000993,-0.000205,-0.002871,-0.000476,-0.000236
"2013-03-08",-0.005685,-0.000954,-0.000816,-0.000516,-0.000287,-0.000341,-0.000527,-0.002095,0.001373
"2013-03-11",-0.00345,-0.001392,-0.001288,0.000629,0.000238,-0.000595,-0.00082,0.000053,-0.000423
"2013-03-12",-0.014384,-0.00055,0.003193,0.000486,-0.001234,0.0005,-0.001394,-0.001618,0.001214
"2013-03-13",-0.009161,-0.001479,-0.002259,0.000882,-0.000802,-0.001724,-0.000292,0.001051,0.000759
"2013-03-14",0.004017,-0.000347,0.000742,0.002288,0.000032,-0.000944,-0.001427,0.001391,-0.00102
"2013-03-15",0.002826,-0.000157,0.000916,0.003129,0.000561,-0.002343,-0.000662,0.001616,-0.001775
"2013-03-18",-0.014352,-0.002996,-0.000357,0.00314,-0.000267,-0.002054,0.00164,-0.00037,-0.000781
"2013-03-19",0.007064,0.001294,-0.000149,0.000206,0.000337,-0.0005,0.000081,-0.001011,0.001295
"2013-03-20",0.028235,0.004504,0.000441,0.001747,0.001171,0.001969,0.00023,0.000851,-0.000628
"2013-03-21",0.003571,-0.000137,-0.000816,0.002048,-0.001452,0.001346,0.000388,-0.000208,-0.000761
"2013-03-22",0.00231,-0.000478,-0.000787,0.000449,0.000459,0.000152,-0.001042,-0.000186,0.000293
"2013-03-25",-0.001625,-0.000656,-0.001285,0.000451,-0.000837,0.000259,-0.000257,-0.000374,0.000538
"2013-03-26",-0.011473,-0.001952,0.000531,0.001509,-0.001185,0.000234,-0.001962,-0.000099,-0.000359
"2013-03-27",0.002908,0.001315,-0.0001,0.001902,-0.001044,0.000224,-0.001832,-0.001063,-0.000965
"2013-03-28",-0.0274,-0.003998,0.002737,0.001146,-0.001293,-0.00342,-0.002607,0.000885,-0.001544
"2013-03-29",-0.001014,0.000063,-0.000656,0.000216,-0.000693,-0.001311,-0.001139,-0.000051,0.000801
"2013-04-01",-0.00096,0.001539,-0.001932,0.003178,0.000233,-0.000657,0.001391,-0.001198,-0.000964
"2013-04-02",-0.005719,0.001192,0.000077,-0.003141,0.000116,-0.001443,0.000482,-0.003089,0.001971
"2013-04-03",-0.002809,0.000502,0.000931,-0.000016,0.000246,-0.002944,-0.000947,-0.001801,0.00039
"2013-04-08",-0.003138,-0.001025,0.001081,0.004779,-0.001189,-0.000296,0.000397,0.000242,-0.001558
"2013-04-09",0.006102,0.00146,-0.000692,0.000091,0.00011,0.001673,-0.000526,-0.000485,-0.000872
"2013-04-10",-0.001309,0.000882,0.001167,-0.002705,0.000542,0.001145,-0.001237,-0.000319,0.00042
"2013-04-11",-0.004092,0.000063,-0.000019,0.001233,0.001143,0.000828,-0.000431,0.000032,-0.001257
"2013-04-12",-0.005903,-0.001244,0.001053,0.000839,-0.000068,-0.000289,-0.001403,0.001597,-0.001002
"2013-04-15",-0.011806,-0.000976,0.000202,-0.000186,-0.000213,0.000669,-0.000198,0.000888,-0.000181
"2013-04-16",0.007301,0.002459,-0.000436,0.000995,0.001234,0.001368,-0.000035,0.000033,-0.001234
"2013-04-17",0.001632,0.000066,-0.000197,0.004139,-0.000016,0.002437,-0.001198,0.001847,-0.001677
"2013-04-18",0.001843,0.001112,-0.000737,0.003617,0.000673,-0.000038,0.000312,-0.000481,-0.00075
"2013-04-19",0.024257,0.002954,0.001527,0.001291,0.000396,0.000144,0.000192,0.000347,-0.001036
"2013-04-22",0.000734,0.000064,-0.00009,0.002015,-0.000442,-0.000271,0.001211,-0.000659,-0.002124
"2013-04-23",-0.027585,-0.004188,-0.000476,0.000857,-0.001546,-0.00147,-0.00102,0.000314,0.000252
"2013-04-24",0.017339,0.001488,0.00057,0.001933,0.000003,0.000243,0.002037,0.001662,0.000169
"2013-04-25",-0.011094,-0.002054,-0.000283,-0.000881,-0.001102,-0.004606,-0.001374,0.002452,-0.000868
"2013-04-26",-0.008438,-0.00119,0.002002,-0.001505,0.000391,-0.00125,-0.002831,-0.00086,0.000585
"2013-05-02",0.000447,-0.001552,-0.001615,0.004402,0.001058,0.000345,-0.00021,-0.000674,-0.00268
"2013-05-03",0.016038,0.002687,0.000271,-0.000227,0.000286,0.002093,-0.000578,-0.00053,-0.001138
"2013-05-06",0.012955,0.002989,0.000591,-0.002255,-0.000562,0.002497,0.000495,0.001417,0.000028
"2013-05-07",0.000591,0.000366,-0.000085,-0.001946,0.000353,0.002651,0.000972,-0.000315,0.001262
"2013-05-08",0.004213,-0.00034,-0.001255,-0.000619,-0.001063,0.000363,0.001265,0.00025,-0.002379
"2013-05-09",-0.006592,0.000243,-0.000795,-0.001706,-0.000577,0.001037,0.00094,0.001647,-0.000723
"2013-05-10",0.006012,0.000296,-0.001969,-0.000571,0.00032,-0.000048,-0.001435,-0.001441,0.000063
"2013-05-13",-0.002417,-0.001226,-0.001703,-0.00008,-0.000255,-0.000255,0.001294,-0.00092,0.000618
"2013-05-14",-0.011877,-0.002212,-0.000842,0.000933,-0.001633,-0.001899,-0.001157,-0.003302,0.000397
"2013-05-15",0.006248,0.000859,-0.000636,0.000348,0.000756,0.000477,0.001421,0.002429,-0.002427
"2013-05-16",0.014959,0.002125,0.002067,0.000431,0.000858,0.002311,-0.002274,0.000017,0.001228
"2013-05-17",0.017314,0.001419,0.000748,-0.001452,-0.000621,0.000778,-0.00172,-0.000431,-0.002464
"2013-05-20",0.005483,0.001963,-0.002176,-0.001095,-0.001076,0.001551,0.001361,-0.001091,-0.003328
"2013-05-21",0.003944,0.000935,-0.001123,-0.000152,0.001045,0.002399,0.000449,-0.000788,-0.000904
"2013-05-22",-0.001969,-0.000498,0.001294,-0.001335,-0.000582,-0.00029,-0.000472,-0.000515,0.002778
"2013-05-23",-0.010784,-0.001345,-0.00208,0.001346,-0.001367,-0.00031,-0.002269,0.000095,-0.002301
"2013-05-24",0.007048,0.002593,-0.001226,-0.000613,-0.001151,-0.000177,0.000578,0.001264,-0.001496
"2013-05-27",0.001454,0.001025,0.000288,0.001581,-0.001355,0.000097,0.001434,-0.001375,-0.000753
"2013-05-28",0.013578,0.000465,0.002121,-0.001636,-0.001585,-0.000888,-0.002632,-0.001766,0.004087
"2013-05-29",0.000735,0.001051,0.000116,0.000381,-0.000618,0.000815,0.000619,-0.000441,0.000451
"2013-05-30",-0.002865,0.000512,-0.002264,0.001171,-0.000552,-0.00188,0.000716,-0.000156,-0.000335
"2013-05-31",-0.008605,-0.001695,-0.002446,0.000252,0.000551,-0.001539,-0.000575,0.00006,-0.000411
"2013-06-03",-0.001135,-0.001174,0.000251,-0.002828,-0.000123,-0.000239,-0.000504,-0.002814,0.001193
"2013-06-04",-0.015577,-0.000907,0.00113,-0.0001,-0.000731,-0.000281,-0.000937,-0.001343,0.001011
"2013-06-05",0.001422,-0.000695,-0.000573,-0.000171,-0.001378,0.00136,-0.001518,-0.000633,-0.001126
"2013-06-06",-0.010864,-0.001364,0.001479,0.001028,-0.0002,-0.002052,-0.002136,0.000577,-0.000915
"2013-06-07",-0.015945,-0.001763,-0.001058,0.003665,0.000391,-0.001795,-0.002059,-0.000133,-0.002839
"2013-06-13",-0.030927,-0.002259,-0.000737,0.003643,0.000814,-0.001478,-0.001135,0.00133,-0.001174
"2013-06-14",0.009067,0.001004,-0.00087,0.002801,-0.000377,0.001219,0.001419,0.000644,-0.00215
"2013-06-17",-0.001337,-0.000236,-0.000315,0.000816,-0.000185,0.000624,-0.001654,0.000246,-0.000014
"2013-06-18",0.002411,0.000961,-0.000801,-0.000463,-0.000192,0.000173,0.001266,-0.001131,0.000826
"2013-06-19",-0.00668,0.000888,-0.000085,-0.001175,-0.000679,0.002989,-0.000981,0.000235,-0.000064
"2013-06-20",-0.031032,-0.002313,-0.002577,0.000713,-0.001066,-0.004406,-0.002103,-0.002162,-0.000526
"2013-06-21",-0.003362,0.000039,0.000585,-0.001588,-0.000699,0.001856,-0.002137,0.001469,-0.002398
"2013-06-24",-0.05907,-0.005363,0.001089,0.000493,-0.000575,-0.00188,-0.001525,0.003074,-0.002703
"2013-06-25",-0.003747,0.000485,0.00089,0.003796,0.000284,0.001459,0.001128,0.001953,-0.001539
"2013-06-26",0.004577,0.000017,-0.001578,0.006123,-0.000419,0.004322,0.001671,0.000463,-0.002889
"2013-06-27",-0.005271,0.00002,0.001978,0.001967,0.00134,-0.002441,-0.001695,0.002084,-0.001035
"2013-06-28",0.014037,0.003432,0.001871,0.003192,0.000169,-0.003128,-0.003327,0.000884,-0.000355
"2013-07-01",0.01102,-0.00136,-0.001678,0.005051,0.000853,0.002548,0.000049,0.000567,-0.000469
"2013-07-02",0.006517,0.001597,-0.00115,0.004471,0.001031,0.002448,0.000798,0.001616,0.000941
"2013-07-03",-0.006029,-0.001494,0.000979,0.001818,0.000536,0.00162,0.001196,0.000658,-0.001107
"2013-07-04",0.008419,0.004463,0.00072,-0.000824,-0.001737,-0.001577,-0.000959,-0.002518,0.001737
"2013-07-05",-0.001184,0.001082,-0.000618,-0.003464,-0.001622,-0.001021,-0.001843,0.000073,0.00174
"2013-07-08",-0.02855,-0.003752,0.002139,0.003642,-0.000215,-0.003939,-0.001133,-0.00023,0.000327
"2013-07-09",0.001849,0.000687,-0.003039,0.001139,0.002344,-0.000384,0.000443,0.00317,-0.000694
"2013-07-10",0.025679,0.006876,0.000439,-0.001625,0.000428,0.001804,0.00036,-0.000731,0.002168
"2013-07-11",0.038834,0.003997,0.00219,-0.001262,0.001236,0.001042,0.000251,0.001037,0.000451
"2013-07-12",-0.015952,-0.002816,-0.002522,0.004736,-0.001778,-0.000652,0.00024,-0.000545,-0.001332
"2013-07-15",0.013601,0.001771,-0.000628,0.002855,0.001788,0.001863,0.000234,0.002055,-0.001945
"2013-07-16",0.004849,0.000838,-0.000782,-0.002958,0.000197,0.002842,0.001032,-0.000522,-0.000157
"2013-07-17",-0.012721,-0.000748,-0.001477,-0.001169,0.000895,0.002246,-0.002204,0.000503,-0.000868
"2013-07-18",-0.012817,0.000074,-0.002954,0.000153,-0.000923,-0.002077,0.002301,-0.001009,-0.000346
"2013-07-19",-0.019715,-0.001339,-0.000721,0.003643,0.00072,-0.003501,-0.004118,0.001428,-0.001539
"2013-07-22",0.005807,0.001901,-0.001806,0.000322,-0.000609,0.000691,0.005171,0.001584,-0.000336
"2013-07-23",0.025239,0.00354,0.000784,0.00118,0.001401,0.001135,-0.000747,-0.000237,-0.000519
"2013-07-24",-0.004491,0.000654,-0.00134,0.000825,0.000121,-0.000054,0.002323,0.001484,0.000749
"2013-07-25",-0.007079,0.000275,0.002193,-0.003102,0.00017,-0.001135,-0.002905,-0.001069,0.002894
"2013-07-26",-0.005578,-0.000495,-0.002387,-0.000069,-0.000512,0.000286,0.000652,-0.000632,-0.000841
"2013-07-29",-0.019215,-0.003943,-0.002746,0.000224,-0.000685,-0.004168,0.002198,-0.001207,-0.000209
"2013-07-30",0.005052,0.001326,-0.000769,-0.002749,-0.000264,-0.001092,-0.00085,-0.000209,0.001447
"2013-07-31",0.001782,0.001841,-0.00132,0.000866,-0.000619,0.000758,-0.001786,0.000305,-0.001254
"2013-08-01",0.022413,0.003479,-0.000984,0.002439,0.001426,0.003354,0,0.00201,-0.002406
"2013-08-02",0.001401,0.001264,-0.001567,-0.001054,-0.00007,0.000354,-0.00169,-0.000332,-0.001656
"2013-08-05",0.012783,0.001589,0.000622,-0.000184,0.000261,0.00157,-0.000439,0.000511,-0.001544
"2013-08-06",0.00743,-0.00032,0.000207,-0.000293,0.001082,0.00354,-0.000579,-0.001053,0.000377
"2013-08-07",-0.006906,0.001148,0.00019,-0.000465,-0.001062,-0.001828,-0.002504,-0.000477,0.00115
"2013-08-08",-0.000576,-0.000881,-0.002017,-0.000406,-0.000477,-0.00081,0.000994,0.000439,-0.001023
"2013-08-09",0.004982,0.000344,-0.000491,-0.000264,-0.001682,-0.002906,-0.001188,0.000028,0.000544
"2013-08-12",0.026181,0.003397,0.00248,-0.005816,-0.001023,-0.000638,-0.000315,0.000514,0.001652
"2013-08-13",0.000966,0.000149,-0.003381,-0.001592,0.001678,0.003391,0.000266,0.000275,-0.000961
"2013-08-14",-0.00353,-0.000161,-0.000212,-0.000228,0.000244,0.004013,-0.001698,-0.000379,0.000054
"2013-08-15",-0.011325,-0.002071,-0.002514,-0.0012,0.00129,0.002799,0.000121,-0.000765,0.000696
"2013-08-16",-0.008528,-0.000462,0.001074,-0.000558,0.001008,-0.00315,-0.002878,0.000019,-0.000008
"2013-08-19",0.011758,0.001474,-0.00047,0.000844,-0.001414,0.000863,0.000635,0.000492,-0.001704
"2013-08-20",-0.00595,-0.000129,-0.002768,0.00186,0.000161,0.001617,-0.000596,-0.000356,0.000613
"2013-08-21",-0.000533,0.001,-0.002645,-0.003343,-0.000892,-0.002217,0.001997,-0.00028,-0.000132
"2013-08-22",-0.001009,0.000549,-0.001151,0.003433,0.000275,0.000062,-0.002971,-0.000222,-0.000859
"2013-08-23",-0.004643,-0.000622,0.000906,0.001518,-0.000353,0.001488,-0.001807,0.000163,-0.001989
"2013-08-26",0.020826,0.0017,0.001005,-0.001186,-0.000746,-0.00002,-0.000553,0.000621,0.000126
"2013-08-27",0.005351,0.000596,-0.000956,-0.00438,-0.000226,0.005054,-0.001561,0.000909,0.000946
"2013-08-28",-0.001795,-0.002407,0.002224,-0.005694,-0.001738,-0.000923,-0.002063,0.000872,0.001758
"2013-08-29",-0.004162,-0.000979,-0.002508,-0.00261,0.000769,0.002375,-0.000703,0.000119,0.000955
"2013-08-30",0.000376,-0.000683,0.003422,-0.003527,-0.000805,-0.001549,-0.007206,-0.000524,0.002506
"2013-09-02",0.003642,0.002806,-0.000156,0.003502,0.001336,0.001021,-0.001287,-0.000594,-0.002204
"2013-09-03",0.012951,0.00254,-0.000468,0.003577,0.00157,-0.000166,0.000493,0.001555,-0.000503
"2013-09-04",0.001128,0.000344,0.001248,-0.002711,-0.000914,0.005134,-0.002545,-0.000368,0.000435
"2013-09-05",-0.00345,0.000021,-0.001347,0.003308,0.000251,0.001809,0.000064,-0.000822,-0.001408
"2013-09-06",0.007601,0.000242,0.002423,-0.006688,0.000263,0.00621,-0.001112,0.001329,0.001234
"2013-09-09",0.029591,0.002798,0.002314,-0.003893,0.002545,0.000643,0.000061,-0.001411,0.000207
"2013-09-10",0.013142,-0.00002,0.004948,-0.008081,0.002581,0.002708,0.001055,-0.003833,0.00264
"2013-09-11",0.002183,0.002196,0.004385,-0.006436,0.002049,-0.001551,-0.003862,-0.000454,0.002378
"2013-09-12",0.008478,0.000629,-0.00166,-0.000317,-0.000171,0.000089,-0.0023,-0.001719,-0.000532
"2013-09-13",-0.004821,-0.000117,-0.003019,0.006171,-0.00081,0.000399,-0.001191,0.002495,-0.002072
"2013-09-16",-0.002215,-0.000981,-0.000954,0.002828,0.000169,0.004419,-0.002442,-0.000585,-0.002552
"2013-09-17",-0.01974,-0.000159,-0.002108,0.006825,-0.00139,-0.003302,-0.002311,0.000374,-0.001693
"2013-09-18",0.004065,0.00046,-0.000363,-0.000625,0.000612,0.000793,0.000799,-0.001031,-0.000268
"2013-09-23",0.015389,0.001319,0.001975,-0.000294,0.001168,0.003411,0.001377,0.000836,-0.00008
"2013-09-24",-0.006953,-0.001006,0.000728,-0.000806,-0.001494,0.003934,-0.000509,0.001583,-0.000215
"2013-09-25",-0.004574,-0.001023,0.000013,-0.003826,-0.002051,-0.000941,-0.00036,-0.001191,-0.000001
"2013-09-26",-0.017405,-0.002818,-0.002083,0.001551,-0.000449,-0.004322,-0.000222,0.00114,-0.00394
"2013-09-27",0.005466,0.000788,-0.000406,0.004946,0.002247,-0.003918,-0.003166,-0.001074,-0.002288
"2013-09-30",0.006604,0.000406,0.000205,0.001329,-0.0001,0.003357,0.000768,-0.001193,0.000556
"2013-10-08",0.012767,0.001064,0.000304,0.000168,0.000284,0.001317,0.001919,-0.001354,-0.000583
"2013-10-09",0.005048,0.001185,-0.001734,0.002372,0.000467,0.004072,0.001032,-0.001256,0.000277
"2013-10-10",-0.008593,0.00041,-0.000137,0.001216,-0.001744,-0.003352,-0.001842,-0.001345,-0.000144
"2013-10-11",0.016602,0.002029,0.001984,-0.000366,0.00073,0.001466,-0.000317,-0.001149,0.001594
"2013-10-14",0.005848,-0.00007,0.000193,-0.002068,0.001152,0.001573,0.000529,0.001797,0.000635
"2013-10-15",-0.001793,-0.000366,-0.001072,0.000376,-0.000992,0.001079,-0.001374,0.000269,0.000808
"2013-10-16",-0.018916,-0.003824,-0.000921,-0.00193,-0.002532,-0.005048,-0.001327,0.001041,-0.001732
"2013-10-17",-0.000903,0.002066,-0.001703,0.00011,-0.000079,-0.004205,0.000009,-0.001285,-0.001613
"2013-10-18",0.003695,0.000494,-0.000641,0.001442,0.000149,0.00063,0.00128,-0.000393,-0.000225
"2013-10-21",0.01748,0.001238,0.001396,0.000471,0.000126,0.002723,0.003242,0.002379,-0.001185
"2013-10-22",-0.008278,-0.001589,-0.001485,-0.005073,-0.001354,-0.002448,0.001093,-0.001504,0.00097
"2013-10-23",-0.013637,0.000226,-0.000675,-0.001012,0.000289,-0.001492,-0.001302,0.00115,0.000752
"2013-10-24",-0.007785,-0.000263,-0.001102,0.000825,0.000234,-0.000742,-0.000511,0.000244,0.000589
"2013-10-25",-0.015415,-0.000911,-0.001886,-0.000532,0.000098,-0.005628,0.001604,-0.000122,-0.001418
"2013-10-28",-0.001273,-0.00074,0.001549,0.00374,0.001109,0.000143,-0.001517,-0.001944,-0.001423
"2013-10-29",-0.002585,-0.001676,0.005628,0.004678,0.001337,-0.000407,-0.003718,0.002342,-0.000299
"2013-10-30",0.014552,0.000239,-0.001304,0.000502,0.000702,-0.00101,0.001167,0.000584,0.001063
"2013-10-31",-0.010886,0.001097,-0.004142,-0.002737,-0.001813,-0.004542,-0.004399,-0.001499,-0.000693
"2013-11-01",0.003601,0.001852,0.000486,0.002167,0.000185,-0.002244,-0.001972,-0.000023,0.001127
"2013-11-04",-0.001078,-0.000175,-0.001289,-0.001082,-0.001555,-0.00001,0.002736,-0.001075,0
"2013-11-05",0.003075,0.000264,-0.000448,-0.000633,0.000887,0.008222,0.000889,0.000027,0.00055
"2013-11-06",-0.009714,-0.001383,-0.002488,-0.001592,-0.001451,-0.001096,-0.000318,-0.001113,-0.000273
"2013-11-07",-0.006019,-0.002002,0.000243,-0.003064,0.000665,0.000508,0.000834,-0.000614,0.000168
"2013-11-08",-0.012561,-0.001788,-0.000913,-0.002631,0.000089,0.003744,-0.001219,0.000626,-0.000657
"2013-11-11",0.003157,-0.00217,-0.003829,-0.001256,0.000308,-0.003014,0.001166,0.00185,-0.001841
"2013-11-12",0.009229,0.001682,-0.003031,-0.000381,0.002169,0.000948,0.000242,0.001621,-0.00051
"2013-11-13",-0.019629,-0.000213,0.000066,0.000283,0.000017,-0.001522,-0.002294,-0.000481,-0.000482
"2013-11-14",0.007705,-0.000724,-0.002517,0.001941,0.001552,-0.001049,0.003163,0.001008,-0.002823
"2013-11-15",0.018144,0.002859,-0.000725,0.002234,0.001245,0.002283,-0.000885,0.001106,0.000522
"2013-11-18",0.026529,0.004,0.001485,0.000539,0.001184,0.004933,0.00013,-0.002275,0.000215
"2013-11-19",-0.003035,-0.000928,-0.00239,-0.00133,-0.000929,0.002618,0.000245,-0.002564,-0.000653
"2013-11-20",0.005037,0.001227,-0.000505,-0.001029,-0.000473,0.000772,0.00123,-0.000755,0.001249
"2013-11-21",-0.00215,-0.000104,0.000437,0.000655,0.001393,0.002001,-0.001492,0.001102,0.00056
"2013-11-22",-0.004685,-0.001759,-0.001295,-0.000453,0.000122,-0.002593,0.000387,0.000107,-0.001466
"2013-11-25",-0.002603,-0.000409,-0.001349,-0.000569,-0.000461,-0.00169,0.00036,0.000085,-0.000469
"2013-11-26",0.000069,-0.000081,-0.00275,0.000469,0.000745,0.000979,-0.000616,-0.000458,-0.000212
"2013-11-27",0.010925,0.001335,-0.000386,0.001753,0.000319,0.000001,0.000841,0.000843,-0.000705
"2013-11-28",0.009813,0.000052,0.000284,0.000518,0.000269,0.000253,-0.000535,0.00074,-0.000592
"2013-11-29",0.001769,-0.000229,-0.002872,0.000649,0.000383,0.000878,0.000323,0.000993,-0.002608
"2013-12-02",-0.016114,-0.000038,0.010629,0.00164,0.00212,-0.01037,-0.004358,0.000751,0.00352
"2013-12-03",0.013774,0.002989,0.001867,0.00032,-0.000848,-0.002515,-0.001786,0.00169,0.001727
"2013-12-04",0.013067,0.003444,0.002198,-0.002683,0.000051,0.004242,-0.002657,-0.000572,0.00121
"2013-12-05",-0.003268,0.002052,-0.0015,-0.002776,0.000082,-0.003891,0.000466,0.000478,0.001851
"2013-12-06",-0.005014,-0.001039,-0.001989,-0.001241,0.000068,0.000716,-0.000029,-0.000325,-0.000107
"2013-12-09",0.000957,-0.000141,-0.003618,0.001974,0.000619,0.001018,0.001834,0.001804,-0.001974
"2013-12-10",0.000498,0.002402,-0.000147,0.000993,-0.000798,0.000826,-0.003499,0.000343,0.00095
"2013-12-11",-0.013696,-0.002379,-0.001589,0.000186,-0.00028,0.002166,-0.001249,0.000215,-0.001185
"2013-12-12",0.00072,-0.000989,-0.00278,0.000697,0.000684,0.002245,-0.001289,0.000738,-0.002887
"2013-12-13",-0.001411,-0.000481,-0.003168,0.001321,0.001067,0.000213,0.000528,0.001366,-0.000564
"2013-12-16",-0.014418,-0.002261,-0.002076,0.002221,-0.00027,-0.000911,-0.001423,-0.000087,-0.001835
"2013-12-17",-0.004175,-0.000397,-0.00097,-0.000302,0.000783,-0.00077,-0.001571,0.000281,0.000577
"2013-12-18",-0.001358,0.001437,-0.000431,-0.000229,-0.000012,-0.002709,-0.00047,-0.000419,-0.000831
"2013-12-19",-0.009021,-0.000829,-0.001373,0.001899,0.000772,-0.000973,-0.001322,0.001639,-0.001453
"2013-12-20",-0.021543,-0.001271,-0.001725,0.002693,0.00018,0.001114,-0.000363,0.001066,0.000274
"2013-12-23",0.003026,-0.000378,0.002834,0.002762,0.000055,-0.006096,0.00005,0.001812,-0.000582
"2013-12-24",0.003465,-0.000772,-0.002711,0.003023,0.000235,0.000968,-0.000202,0.000088,-0.00089
"2013-12-25",0.007367,-0.000983,-0.003789,0.003929,0.000582,0.002111,0.001687,0.00025,-0.003132
"2013-12-26",-0.015311,-0.003732,0.000152,0.000885,-0.001295,-0.001148,-0.00281,-0.000493,-0.001099
"2013-12-27",0.014504,0.001085,-0.002311,-0.000327,0.001459,0.000548,0.002305,0.000685,-0.000845
"2013-12-30",-0.000849,0.000357,-0.002516,0.001462,0.000238,0.000073,-0.00026,0.000308,0.000182
"2013-12-31",0.010688,0.001989,0.002647,0.000695,0.000087,-0.000753,-0.003605,0.000465,0.001119
"2014-01-02",-0.001546,-0.003285,-0.003724,-0.002735,-0.000011,0.004292,0.002112,0.001735,-0.00197
"2014-01-03",-0.011065,-0.001817,-0.001793,-0.00097,-0.001149,0.004396,-0.000944,-0.001177,-0.003096
"2014-01-06",-0.022592,-0.002417,0.000303,0.001445,-0.002233,-0.004664,-0.001966,-0.000164,-0.000988
"2014-01-07",0.001281,-0.000202,-0.001679,0.000912,0.001463,0.003042,0.001199,0.000506,-0.001362
"2014-01-08",0.001166,-0.001116,-0.00124,0.003759,0.001025,0.001842,0.001458,0.000692,-0.003017
"2014-01-09",-0.008231,-0.000574,0.002915,0.001538,-0.000407,0.001614,-0.000755,0.00062,0.00386
"2014-01-10",-0.00844,-0.001858,0.002098,0.001009,0.00182,0.001495,-0.002043,-0.001268,-0.001165
"2014-01-13",-0.001805,-0.00263,-0.003143,-0.001936,0.003256,0.0026,-0.001079,0.003006,-0.001274
"2014-01-14",0.011057,-0.000517,-0.003326,-0.0006,0.000682,0.004211,0.00173,0.000515,-0.000134
"2014-01-15",-0.000846,0.000004,-0.001844,0.00321,0.000015,0.000841,0.001026,0.000563,-0.000454
"2014-01-16",0.000155,0.00171,-0.00111,-0.000493,-0.001224,0.000381,-0.00159,-0.000987,0.000293
"2014-01-17",-0.013402,-0.001535,-0.0026,0.00002,-0.001153,-0.000545,-0.000103,-0.000679,-0.002251
"2014-01-20",-0.008709,0.001068,-0.000349,-0.002677,-0.000063,-0.001322,0.00297,-0.0014,0.001844
"2014-01-21",0.009444,0.001334,-0.002342,-0.000203,0.001631,0.003195,0.001766,0.000563,-0.001601
"2014-01-22",0.023203,0.003234,0.001644,0.000784,0.000795,0.003183,-0.001992,-0.000978,0.000005
"2014-01-23",-0.001653,-0.001321,-0.002276,0.002353,0.000124,0.00508,-0.001888,-0.000767,-0.001271
"2014-01-24",0.0081,0.001712,-0.00086,-0.000015,-0.00079,0.001292,-0.00178,0.001967,0.000662
"2014-01-27",-0.009145,-0.000358,-0.001942,0.002438,-0.000079,-0.000741,-0.000658,0.001071,0.000303
"2014-01-28",0.000103,0.002307,0.000919,0.000803,-0.00022,-0.001798,0.000762,0.00002,0.000644
"2014-01-29",0.005154,0.000768,-0.00273,0.002734,0.000103,0.000913,0.000082,0.001019,-0.000057
"2014-01-30",-0.008574,-0.000625,-0.00096,0.003047,-0.001188,-0.001343,-0.004687,-0.002823,-0.000576
"2014-02-07",0.007472,0.001457,-0.001162,-0.001638,-0.001411,0.002271,0.00263,-0.001546,-0.000236
"2014-02-10",0.02269,0.002706,0.000573,-0.000884,-0.00198,0.001806,0.001232,0.000298,0.000725
"2014-02-11",0.00629,0.000267,-0.001621,-0.006403,0.000747,0.005988,0.000157,-0.000205,0.001251
"2014-02-12",0.003079,0.000927,-0.003225,-0.002622,-0.001324,0.002913,0.000846,-0.000488,-0.000599
"2014-02-13",-0.006692,0.000856,0.001381,-0.003332,-0.00289,-0.000182,-0.005915,-0.001787,0.001407
"2014-02-14",0.009785,0.000407,-0.003272,-0.000218,0.000404,0.00203,-0.000032,0.001174,-0.00104
"2014-02-17",0.009711,0.000132,-0.002458,-0.001142,-0.000171,0.004215,0.001732,0.000094,-0.001185
"2014-02-18",-0.009766,-0.001197,-0.002441,-0.0012,-0.002069,0.001517,0.000364,-0.001728,0.000418
"2014-02-19",0.010094,-0.001033,0.000211,-0.003621,0.000315,0.002421,-0.001559,-0.000769,0.000275
"2014-02-20",-0.007685,-0.001702,0.001868,-0.000011,0.002635,0.000003,-0.003094,0.000006,0.001642
"2014-02-21",-0.01062,-0.00044,-0.001309,0.002473,-0.000468,-0.000438,0.001578,-0.000954,0.000002
"2014-02-24",-0.015044,-0.002029,-0.006131,0.002807,-0.00224,-0.003088,0.004211,-0.00078,-0.001207
"2014-02-25",-0.027243,-0.001263,0.001887,-0.002097,0.000384,-0.001785,-0.004137,-0.00077,0.002494
"2014-02-26",0.005067,0.001752,-0.001041,-0.004397,-0.00197,0.001142,-0.000589,0.001439,0.001776
"2014-02-27",-0.003395,-0.001357,0.0019,-0.005632,-0.001488,-0.000001,-0.002671,-0.00049,0.00373
"2014-02-28",0.007957,0.002593,-0.00027,0.000272,-0.001393,-0.002582,-0.000593,0.00207,-0.000995
"2014-03-03",0.00933,0.002399,-0.000717,0.001917,-0.001915,0.000055,-0.000191,-0.000892,0.000411
"2014-03-04",-0.003321,0.00164,-0.000971,0.000864,-0.001877,-0.000303,0.000144,-0.002805,0.000944
"2014-03-05",-0.007363,-0.000629,-0.003074,-0.001441,0.002001,0.003683,0.000484,0.000998,-0.001602
"2014-03-06",0.000217,0.000751,-0.001597,0.000183,0.000332,0.002242,-0.001978,-0.000888,-0.00083
"2014-03-07",-0.001887,-0.001327,0.000324,0.000515,-0.00003,-0.001178,0.000095,0.001386,0.001098
"2014-03-10",-0.031603,-0.002773,0.001357,0.00218,-0.002286,-0.006861,-0.003921,-0.000221,-0.000518
"2014-03-11",0.00241,0.000431,-0.001104,-0.003881,0.000074,-0.000061,-0.002215,0.000162,-0.00003
"2014-03-12",0.002248,0.001888,-0.002181,-0.002283,-0.000854,0.0016,-0.00464,0.000084,-0.001877
"2014-03-13",0.013375,-0.000103,-0.000522,0.002898,0.002133,0.002884,-0.001383,0.001142,-0.000687
"2014-03-14",-0.005951,-0.002253,-0.001783,0.002766,0.000379,-0.001146,-0.001062,-0.000596,-0.000399
"2014-03-17",0.012965,0.001899,-0.002468,0.001976,0.000852,0.004352,0.001569,-0.000155,-0.00041
"2014-03-18",0.001471,0.000068,-0.001133,0.001302,-0.001019,0.003592,-0.001563,-0.002753,0.000094
"2014-03-19",-0.004907,0.00157,-0.003974,-0.001588,0.001714,0.001052,-0.000627,-0.001614,0.001424
"2014-03-20",-0.018281,-0.001713,0.00023,-0.002408,0.000704,-0.002198,-0.00427,-0.002097,-0.000393
"2014-03-21",0.026974,0.003717,-0.000064,-0.002899,0.002824,-0.000467,0.001473,-0.00071,0.000476
"2014-03-24",0.007297,0.000637,-0.000167,-0.006937,-0.000636,0.000347,-0.000102,-0.001714,0.001242
"2014-03-25",-0.001011,0.002575,0.000314,0.001651,0.000422,0.0018,-0.003153,-0.000478,0.000676
"2014-03-26",-0.000287,-0.000867,-0.002119,0.003259,0.000424,0.002298,-0.000354,0.001352,-0.001749
"2014-03-27",-0.010249,0.000383,0.001006,-0.00267,-0.002724,-0.003836,-0.002616,-0.001351,0.001482
"2014-03-28",-0.007982,0.001045,0.00429,-0.002419,-0.001314,-0.004936,-0.005918,-0.002909,0.000302
"2014-03-31",-0.002671,-0.00018,-0.000862,0.000477,0.0006,-0.001668,-0.000712,0.001532,-0.000004
"2014-04-01",0.009916,0.001698,-0.001796,0.001498,-0.000261,0.002705,-0.000508,0.000326,-0.00057
"2014-04-02",0.003869,0.001012,0.000876,-0.00581,0.000723,0.000872,-0.000291,-0.001178,0.000542
"2014-04-03",-0.007317,-0.001095,-0.002223,0.001179,-0.000469,-0.000245,0.001491,-0.000121,-0.000575
"2014-04-04",0.009384,-0.000004,-0.000231,0.001659,-0.000365,0.000583,0.000358,0.000262,0.000502
"2014-04-08",0.018754,0.001526,0.001001,-0.002252,0.000373,-0.000624,0.000461,0.00093,0.000778
"2014-04-09",0.003452,-0.000042,-0.001544,0.002658,0.000417,0.004974,0.000255,-0.000838,-0.000249
"2014-04-10",0.012538,0.000966,0.002744,0.003781,0.003188,0.001478,-0.001489,0.000913,0.000971
"2014-04-11",-0.001327,-0.000902,-0.00088,-0.000893,-0.001324,-0.001359,-0.000546,0.000056,0.001755
"2014-04-14",-0.000215,0.001548,-0.003721,-0.002325,-0.0008,0.002546,0.000782,0.000483,-0.001356
"2014-04-15",-0.013389,-0.000949,-0.001532,0.001454,-0.000845,0.000739,-0.001294,0.000131,0.000154
"2014-04-16",0.0004,0.000056,-0.002188,-0.001626,-0.000134,-0.002056,0.000426,-0.000415,-0.000841
"2014-04-17",-0.002125,-0.000212,-0.000237,0.001575,0.000881,-0.00026,-0.001681,0.000702,-0.001083
"2014-04-18",0.000398,-0.000077,-0.000376,-0.000106,0.000079,0.001981,-0.000882,-0.000316,0.000498
"2014-04-21",-0.014761,-0.001487,0.001235,0.001737,0.000266,-0.001565,-0.00257,0.000161,-0.000646
"2014-04-22",0.001205,0.000315,0.001635,-0.002675,-0.001878,-0.002694,0.000498,-0.00076,0.001568
"2014-04-23",-0.00201,-0.000367,-0.001093,-0.001896,-0.000589,-0.001558,-0.000638,-0.001327,-0.000443
"2014-04-24",-0.003554,-0.001595,-0.000627,0.000595,0.000797,-0.000712,-0.001773,-0.000376,-0.002202
"2014-04-25",-0.011007,-0.001683,0.001555,0.004034,0.001834,-0.004202,-0.002596,0.000317,-0.000804
"2014-04-28",-0.01876,-0.001645,0.002643,0.0014,0.000781,-0.004565,-0.001542,0.001525,-0.000578
"2014-04-29",0.011672,0.00298,-0.001123,-0.000049,0.000235,0.002288,0.001084,0.001215,0.00153
"2014-04-30",0.004036,-0.000695,-0.002659,0.002697,0.000266,0.00106,-0.002806,0.001093,-0.001248
"2014-05-05",0.002747,-0.000027,-0.003774,0.001604,-0.000046,0.003302,-0.000791,-0.000155,-0.000337
"2014-05-06",0.001804,-0.000138,-0.001473,-0.001563,-0.000079,0.003847,-0.000055,-0.000387,-0.000868
"2014-05-07",-0.010805,-0.001715,0.000824,-0.001995,0.000242,-0.002079,-0.001712,-0.000595,-0.000009
"2014-05-08",0.001136,0.00059,-0.002364,-0.00281,0.001653,0.001763,-0.000252,-0.000347,0.000888
"2014-05-09",-0.002043,0.001339,0.000418,-0.001698,-0.000179,-0.004489,-0.000426,0.000603,0.00106
"2014-05-12",0.024437,0.004196,-0.00022,-0.003027,0.002285,0.002944,0.000484,0.00069,0.0005
"2014-05-13",-0.003426,0.000097,-0.000746,-0.001652,0.001161,0.002554,0.000605,0.000441,-0.000052
"2014-05-14",-0.001166,-0.000032,-0.000742,0.002312,0.001132,-0.000562,0.000238,-0.000572,-0.000428
"2014-05-15",-0.014136,-0.001387,0.001262,0.002155,-0.000432,-0.003934,-0.000958,-0.000911,-0.000855
"2014-05-16",-0.000842,-0.000158,-0.000185,-0.001794,-0.000748,-0.001225,0.001586,-0.002262,0.000527
"2014-05-19",-0.010545,-0.000399,-0.001936,0.000502,0.000181,-0.00114,0.000295,-0.000335,-0.000506
"2014-05-20",0.001141,-0.001316,-0.001638,0.002194,0.001859,0.002038,0.000287,-0.000778,-0.000775
"2014-05-21",0.009485,0.001176,-0.001081,-0.002264,0.001266,0.00347,-0.000206,0.001808,0.000198
"2014-05-22",-0.001805,-0.000803,-0.000438,0.001725,0.000304,0.002457,-0.001185,-0.000296,-0.001543
"2014-05-23",0.007578,0.001321,-0.000838,0.000211,0.000946,0.003894,-0.000579,0.000659,0.000047
"2014-05-26",0.005239,0.000667,-0.002117,0.001133,-0.000247,0.00447,0.000274,0.000259,-0.00043
"2014-05-27",-0.003577,-0.000858,-0.000854,0.000697,-0.001901,-0.002003,0.000352,-0.000375,0.000331
"2014-05-28",0.008981,0.001619,0.000017,-0.001156,0.000798,0.003653,-0.000519,0.001481,0.000463
"2014-05-29",-0.007269,-0.000282,0.001514,-0.001715,-0.002458,0.000654,-0.003992,-0.001065,0.000504
"2014-05-30",0.001368,0.000972,-0.000524,0.000018,-0.000315,-0.001784,-0.00008,-0.000035,-0.000605
"2014-06-03",-0.000447,-0.001884,-0.001189,-0.00048,0.000239,0.00098,-0.000851,-0.000541,-0.00124
"2014-06-04",-0.00892,-0.001452,-0.000502,-0.00007,0.000975,0.00059,0.000413,-0.000074,-0.00028
"2014-06-05",0.010525,-0.000146,-0.001551,0.000343,-0.000142,0.000422,0.002399,0.000886,-0.00125
"2014-06-06",-0.005798,-0.00027,-0.001945,0.002102,-0.000184,0.000243,-0.000603,-0.00069,-0.001319
"2014-06-09",-0.002986,0.000732,-0.000244,-0.001184,-0.001675,-0.001425,0.000617,-0.001514,0.000429
"2014-06-10",0.012336,0.000603,-0.001046,-0.000557,0.000819,0.002565,0.00074,0.001401,-0.000467
"2014-06-11",0.001819,0.000508,-0.000962,0.00065,0.000206,0.002619,-0.000876,0.000165,-0.000886
"2014-06-12",-0.002745,-0.001526,-0.002043,-0.001058,0.000102,0.002385,0.000635,0.001031,0.001359
"2014-06-13",0.010504,0.001268,0.000017,0.000024,-0.000003,0.000941,-0.000327,-0.000165,-0.000505
"2014-06-16",0.006953,-0.000414,0.000135,0.001226,-0.000192,0.000073,0.000725,-0.001816,-0.001433
"2014-06-17",-0.00966,-0.000087,-0.00001,-0.000584,-0.002419,-0.002273,0.000212,-0.001283,0.000511
"2014-06-18",-0.00539,-0.000286,0.001158,-0.002605,-0.000097,-0.001136,-0.000431,-0.000359,0.001317
"2014-06-19",-0.018738,-0.001061,0.003273,0.001006,-0.000982,-0.006645,-0.001955,0.000884,0.00059
"2014-06-20",0.007041,0.000417,-0.002073,0.001291,-0.000133,0.000121,0.00048,0.000996,-0.000555
"2014-06-23",0.002605,0.000767,-0.002671,0.000042,0.000671,0.003731,-0.000067,0.000668,-0.001232
"2014-06-24",0.005701,0.000762,-0.001307,-0.001227,0.000731,0.001165,0.000739,-0.000035,0.002016
"2014-06-25",-0.004388,0.000277,-0.001534,0.000114,0.000306,-0.000839,-0.00147,0.000729,-0.000846
"2014-06-26",0.007979,0.001078,-0.002723,-0.001299,0.000258,0.003945,0.001114,-0.000321,-0.001202
"2014-06-27",0.003459,0.000313,-0.002405,-0.001823,0.000308,0.0022,-0.000524,-0.000993,0.000798
"2014-06-30",0.00742,0.000827,-0.001923,0.001589,-0.000108,0.001571,-0.001722,0.000628,-0.000509
"2014-07-01",0.002742,0.000761,-0.00124,-0.001931,-0.000405,0.003108,-0.000859,0.000468,-0.000152
"2014-07-02",0.005547,0.001601,-0.001671,-0.001064,0.001651,0.003862,-0.002836,0.000926,-0.000071
"2014-07-03",0.006293,0.001492,0.000316,0.000671,0.000481,0.001004,-0.001755,0.000606,-0.00004
"2014-07-04",-0.001121,-0.000166,-0.001632,0.002514,-0.000891,-0.000401,-0.001479,-0.002442,-0.001537
"2014-07-07",-0.001128,0.000146,-0.001179,0.000922,-0.001789,-0.002531,0.001729,-0.002615,0.001093
"2014-07-08",0.002809,0.000036,-0.002718,0.000141,0.000813,0.001523,0.002018,0.000672,-0.000178
"2014-07-09",-0.013979,0.000087,0.000642,-0.000523,-0.002093,-0.001143,-0.003452,-0.001639,0.000833
"2014-07-10",-0.000861,0.001397,-0.003033,-0.001019,-0.001034,-0.002351,-0.001097,-0.001242,0.000454
"2014-07-11",0.005848,0.001339,-0.000688,-0.00209,0.000063,-0.001879,0.001526,-0.000634,0.0022
"2014-07-14",0.011193,0.002684,-0.001617,-0.00243,0.000493,0.003689,-0.00093,0.001519,0.001476
"2014-07-15",0.000077,0.000339,0.001361,-0.003746,-0.001076,-0.000875,-0.001366,-0.000213,0.002701
"2014-07-16",-0.003194,-0.001497,0.00134,-0.000461,0.002128,-0.000455,-0.002303,-0.001066,0.00035
"2014-07-17",-0.005105,0.000331,-0.002072,-0.000905,0.000802,0.00034,-0.000788,0.000243,-0.000616
"2014-07-18",0.00371,-0.000013,0.000183,-0.000484,-0.000264,0.000165,-0.001407,-0.000569,-0.000209
"2014-07-21",-0.000883,-0.000766,0.000168,-0.001807,-0.000304,0.002527,-0.00024,-0.000396,0.000257
"2014-07-22",0.01221,0.002381,-0.000006,-0.000563,0.001346,0.00354,-0.000279,0.001725,-0.000203
"2014-07-23",-0.001286,0.000116,0.002253,-0.003007,0.000619,-0.001268,-0.001093,-0.000569,0.002498
"2014-07-24",0.011712,0.002428,0.001986,-0.004164,0.000412,-0.002368,-0.000859,-0.000484,0.001736
"2014-07-25",0.011381,0.000187,-0.000484,-0.00059,0.00075,0.000058,-0.000121,0.0004,0.000297
"2014-07-28",0.025492,0.001121,-0.00044,-0.001419,0.001867,0.003349,0.001698,0.00102,0.00012
"2014-07-29",0.005486,0.000809,-0.002979,-0.000067,-0.000036,0.005723,-0.001459,0.001018,-0.000236
"2014-07-30",-0.000713,-0.000787,-0.00211,0.000252,-0.000276,0.001256,0.000384,0.000136,0.000051
"2014-07-31",0.011201,0.000056,-0.000673,-0.00303,-0.000391,0.001086,-0.000399,-0.000214,-0.000083
"2014-08-01",-0.00748,-0.001244,0.000177,0.00066,0.000339,-0.000418,-0.002284,0.000403,-0.000788
"2014-08-04",0.017453,0.001842,-0.000276,-0.002663,0.000501,-0.000631,0.000984,-0.000248,0.00099
"2014-08-05",0.000595,-0.000307,-0.002869,-0.002051,0.002415,0.003297,0.000541,0.000621,-0.001355
"2014-08-06",0.001918,0.000142,0.000924,0.002115,0.000753,-0.001871,-0.001279,-0.000581,-0.000403
"2014-08-07",-0.013432,-0.001398,-0.000383,0.000912,-0.001576,0.00061,-0.000172,0.000328,-0.000802
"2014-08-08",0.003553,-0.000483,-0.001367,0.001371,-0.001613,-0.000529,-0.000083,0.000053,0.000554
"2014-08-11",0.013387,0.001298,-0.000573,-0.000558,0.000883,0.0012,0.000463,0.001085,-0.000029
"2014-08-12",-0.001414,-0.000669,-0.001217,0.000788,-0.001168,0.001458,0.000316,-0.001907,-0.000167
"2014-08-13",0.000209,-0.000155,-0.001947,-0.003591,-0.001984,0.001757,-0.000067,-0.001885,-0.000296
"2014-08-14",-0.008894,-0.001121,-0.002319,0.000337,0.000859,-0.000829,-0.000846,-0.000193,-0.000294
"2014-08-15",0.009961,0.001543,-0.00113,-0.001226,-0.000275,0.00002,-0.00019,-0.00017,0.000967
"2014-08-18",0.008672,0.001501,-0.003621,-0.003062,-0.00095,0.006029,-0.001758,0.000173,-0.001868
"2014-08-19",0.001573,0.000505,-0.00169,-0.002199,-0.000499,0.003566,-0.001434,-0.000371,-0.000184
"2014-08-20",-0.001874,-0.000639,-0.002837,-0.001338,0.000516,0.002287,-0.002338,-0.000807,0.000277
"2014-08-21",-0.003666,-0.000036,-0.002262,-0.000959,0.000359,0.001941,-0.000202,-0.001281,-0.002199
"2014-08-22",0.005288,-0.000166,-0.001625,-0.00092,-0.000863,0.00174,-0.001015,-0.000771,-0.000639
"2014-08-25",-0.006527,-0.000733,-0.001365,0.000853,-0.000732,0.001791,-0.00348,-0.001767,-0.000293
"2014-08-26",-0.013255,0.000081,0.002144,-0.000291,-0.000424,0.003664,-0.001485,0.000988,0.000223
"2014-08-27",0.003504,-0.001019,-0.001729,-0.000712,-0.000799,-0.000419,-0.001023,-0.000726,-0.000397
"2014-08-28",-0.007715,0.001812,0.00049,0.000195,-0.000651,-0.003052,-0.001799,0.000444,-0.000598
"2014-08-29",0.011095,0.001218,-0.000711,0.000438,0.000429,-0.000748,-0.000539,-0.000031,-0.000266
"2014-09-01",0.009985,0.001159,-0.003577,0.000187,0.000216,0.003525,-0.000277,0.000837,0.000087
"2014-09-02",0.014223,0.000801,-0.001812,-0.000841,0.001217,0.002805,0.0014,0.00029,0.000202
"2014-09-03",0.008412,-0.000154,-0.000623,-0.002118,0.000068,0.001959,0.000306,-0.000516,0.000074
"2014-09-04",0.00692,0.000264,-0.002469,-0.000239,0.000128,0.000567,0.001752,0.000824,0.000435
"2014-09-05",0.007251,-0.000131,0.000536,-0.00108,-0.000606,0.00015,-0.000694,-0.000344,0.000939
"2014-09-09",0.000672,0.000182,-0.002048,-0.001831,-0.000576,0.002142,0.000719,-0.001237,0.001352
"2014-09-10",-0.001585,-0.000081,-0.003949,-0.001817,-0.000934,0.001125,-0.000968,-0.000089,-0.000762
"2014-09-11",-0.00204,0.000233,-0.00342,0.000072,0.001041,0.001928,-0.002189,-0.000411,-0.000058
"2014-09-12",0.008821,-0.000488,-0.002714,-0.001134,0.0008,-0.001463,0.000355,-0.000533,0.000457
"2014-09-15",0.004831,-0.000462,-0.005134,-0.00245,0.001378,0.001133,0,0.000877,0.000359
"2014-09-16",-0.021484,-0.002551,0.001538,0.000184,0.005501,0.000749,-0.003754,0.000927,0.000317
"2014-09-17",0.005763,-0.000125,-0.002496,-0.002537,0.000008,-0.002645,0.000336,-0.0006,-0.000246
"2014-09-18",0.005703,0.000004,-0.002545,-0.000155,0.000192,0.000485,-0.001592,0.000727,-0.000205
"2014-09-19",0.007282,0.002114,-0.001806,0.000153,-0.000901,0.002875,-0.001294,-0.000841,-0.000055
"2014-09-22",-0.016455,0.000217,-0.0015,0.000163,-0.002402,0.003031,-0.001797,-0.001442,-0.001074
"2014-09-23",0.009992,0.001275,-0.003027,-0.000152,0.000349,0.000441,-0.000563,-0.000136,-0.000895
"2014-09-24",0.015709,0.001742,-0.00114,-0.000087,0.002326,0.000348,0.000052,0.0001,0.000022
"2014-09-25",-0.001142,0.000666,0.000695,-0.000642,-0.000356,0.002546,-0.001062,-0.000731,0.001479
"2014-09-26",0.001917,0.000028,-0.002861,0.000044,0.000913,-0.001071,-0.000182,-0.001315,-0.000303
"2014-09-29",0.006912,0.000405,-0.003814,-0.001016,0.000444,-0.001097,-0.000776,0.000718,-0.001071
"2014-09-30",0.004105,-0.000829,-0.002766,0.001116,-0.000504,0.000039,-0.002359,0.000815,-0.00031
"2014-10-08",0.011029,-0.000485,-0.001877,-0.003628,-0.000084,0.003728,-0.000747,0.00028,0.00084
"2014-10-09",0.002764,0.000642,-0.000136,-0.002132,0.002068,0.003822,-0.000963,-0.000579,-0.000619
"2014-10-10",-0.005523,0.000888,-0.002424,-0.002167,0.001136,0.003638,-0.001522,-0.001663,-0.000025
"2014-10-13",-0.001657,0.001222,-0.002156,-0.002862,0.000984,0.001951,-0.000615,-0.000049,0.000702
"2014-10-14",-0.002666,-0.001113,-0.00158,0.000685,0.001107,0.001491,-0.000319,-0.001549,0.000382
"2014-10-15",0.005927,0.000426,-0.000702,-0.000986,-0.000469,-0.002827,-0.000602,0.000141,-0.000025
"2014-10-16",-0.010024,-0.000568,0.000607,0.002515,0.000821,-0.004385,-0.001437,-0.0009,-0.000584
"2014-10-17",-0.006828,-0.000097,0.003858,-0.000171,-0.00112,-0.000754,0.001265,0.003222,0.001683
"2014-10-20",0.008585,0.001312,-0.002459,-0.000049,-0.000183,0.001939,-0.000687,-0.000194,0.000037
"2014-10-21",-0.009112,-0.00161,-0.000416,0.00186,-0.001744,-0.001869,-0.001208,0.001152,-0.000697
"2014-10-22",-0.007983,-0.000608,0.002131,0.001526,-0.000215,-0.001619,0.000491,0.000238,0.000761
"2014-10-23",-0.011961,0.000573,0.003951,0.000371,-0.001505,-0.000521,0.000335,-0.000418,0.000724
"2014-10-24",-0.00024,0.000368,-0.000663,0.002261,-0.000549,-0.002195,-0.001575,-0.000594,-0.000886
"2014-10-27",-0.00358,0.000376,-0.002817,0.001099,-0.000154,-0.000646,-0.001038,0.000005,-0.000872
"2014-10-28",0.022612,0.002475,-0.002065,0.001449,0.002671,0.002746,0.000047,0.000378,0.001134
"2014-10-29",0.014648,0.001032,-0.000955,-0.000352,0.001229,0.002453,0.000497,-0.000309,0.000713
"2014-10-30",0.006904,-0.001047,0.000678,0.002279,0.004143,-0.002192,-0.000162,-0.000732,0.000319
"2014-10-31",0.011814,0.000414,-0.000413,-0.002175,0.001527,-0.001506,-0.000877,-0.000064,0.00031
"2014-11-03",0.005551,-0.000355,-0.003656,-0.001087,0.002697,0.001092,-0.00002,-0.00106,-0.00034
"2014-11-04",-0.000906,-0.000669,-0.000251,-0.003745,0.005799,0.003399,-0.001748,-0.001474,0.001617
"2014-11-05",-0.004486,0.000609,-0.000462,0.000107,-0.001768,0.000077,0.000409,-0.00042,-0.000579
"2014-11-06",0.002631,0.000899,-0.001093,0.0009,-0.000161,-0.00054,0.001085,0.000269,-0.000848
"2014-11-07",-0.003936,0.000376,0.001463,0.003179,-0.000559,-0.001429,-0.001225,0.000876,0.000209
"2014-11-10",0.02067,0.000552,0.00233,-0.004868,0.001226,0.001483,0.001408,0.000201,0.001975
"2014-11-11",-0.010514,0.000178,0.005886,0.000564,0.000768,-0.001836,-0.002952,-0.000213,-0.000017
"2014-11-12",0.013666,0.002254,0.000503,0.000925,-0.000224,-0.00259,0.001575,0.000268,0.001457
"2014-11-13",-0.007267,0.001178,0.002448,-0.00055,-0.000015,-0.002001,-0.002445,-0.001985,0.001489
"2014-11-14",-0.00168,-0.001015,0.001086,-0.000476,-0.001265,0.001047,-0.000792,-0.000768,-0.000441
"2014-11-17",-0.000653,0.000418,-0.003214,0.002739,-0.000994,0.001278,-0.000043,-0.001122,-0.002116
"2014-11-18",-0.007065,0.000659,-0.001754,0.000018,-0.002472,0.000725,0.000457,-0.000894,0.000326
"2014-11-19",0.000847,-0.000264,-0.002801,-0.000128,-0.000282,0.001138,0.000443,0.000266,-0.000968
"2014-11-20",-0.000761,0.000939,-0.001295,0.000637,-0.000094,0.000806,-0.000514,0.000133,0.000288
"2014-11-21",0.014313,0.002278,-0.00063,0.001145,0.000955,-0.001417,0.000266,-0.001067,-0.000917
"2014-11-24",0.018185,0.003285,0.002629,-0.001046,0.002325,0.001422,0.000203,-0.000912,-0.000241
"2014-11-25",0.016222,0.001326,-0.000176,-0.00104,0.000932,0.002984,-0.002189,0.00238,-0.000397
"2014-11-26",0.011382,0.000796,-0.001471,0.000862,-0.000184,0.002105,-0.001475,0.001083,-0.000418
"2014-11-27",0.011223,0.002383,-0.002471,-0.002069,0.001583,0.002691,-0.001266,-0.000261,-0.001002
"2014-11-28",0.017598,0.001623,0.001447,0.000315,0.003971,0.001591,-0.000638,-0.000589,-0.000896
"2014-12-01",0.001368,0.000761,0.003951,-0.002159,0.002196,-0.001126,-0.000428,0.003621,0.002398
"2014-12-02",0.027611,0.002623,0.001572,-0.00057,0.00152,0.000538,0.000834,-0.000089,-0.000198
"2014-12-03",0.010541,0.001554,0.003522,-0.005694,0.001892,0.002033,0.001138,0.001,-0.000264
"2014-12-04",0.038408,0.00323,0.005641,0.000726,0.001375,0.000832,0.000215,0.001612,0.001002
"2014-12-05",-0.00138,0.002792,0.010243,0.00651,-0.003477,-0.00154,-0.002589,0.000386,0.001789
"2014-12-08",0.025185,0.003758,0.010566,0.000335,0.002155,-0.003546,0.004112,-0.004423,0.004632
"2014-12-09",-0.048984,-0.006572,0.002924,-0.002554,0.004642,-0.001773,0.00118,0.002375,0.003617
"2014-12-10",0.036146,-0.000173,0.00339,-0.000297,-0.000783,0.000293,0.001515,0.000156,-0.000043
"2014-12-11",0.000421,-0.000755,-0.002655,-0.001016,0.001338,0.002509,-0.000407,-0.00055,0.000137
"2014-12-12",0.005913,-0.000617,-0.002985,0.002466,0.003399,0.001484,-0.001999,0.001579,-0.001069
"2014-12-15",0.007793,0.000488,-0.000995,0.004857,0.003019,-0.000588,-0.0003,0.001811,-0.000063
"2014-12-16",0.020056,0.006256,0.00289,0.000703,0.002801,0.000974,-0.000723,-0.000105,0.000589
"2014-12-17",0.007978,0.002194,0.004068,-0.001479,0.000758,0.001726,-0.000818,-0.000969,0.000923
"2014-12-18",-0.003536,-0.000937,0.00362,-0.003868,-0.000475,0.00302,-0.000454,-0.003323,0.001489
"2014-12-19",0.012926,0.000593,0.010639,-0.000651,0.005887,-0.000583,-0.001325,-0.001414,0.00378
"2014-12-22",-0.003308,0.000414,0.013083,-0.002946,0.005899,-0.005705,-0.000148,0.001622,0.003248
"2014-12-23",-0.027135,-0.002455,-0.005904,-0.003144,-0.000634,0.000297,-0.000993,0.00072,-0.000488
"2014-12-24",-0.014636,-0.003322,-0.010498,-0.002367,-0.002009,0.003343,0.00055,0.00047,-0.001454
"2014-12-25",0.030405,0.003424,0.004472,0.002357,0.00238,0.001127,-0.000558,-0.001185,0.001173
"2014-12-26",0.025646,0.004508,0.003056,0.003061,0.001819,-0.002097,-0.001634,0.000197,0.001323
"2014-12-29",-0.002459,-0.001826,0.005696,-0.005099,0.000977,0.000058,-0.000873,-0.002117,-0.000663
"2014-12-30",-0.003975,-0.000522,-0.000076,-0.000666,0.001017,-0.000056,-0.001697,-0.000556,0.000372
"2014-12-31",0.019856,0.000546,0.001083,0.001675,0.002334,0.001086,-0.001548,0.000009,-0.00016
"2015-01-05",0.032662,0.001034,0.00645,-0.006599,0.002061,-0.002084,-0.000753,0.001705,0.00298
"2015-01-06",0.003005,-0.001943,-0.002063,-0.001556,0.000654,0.004921,0.000563,0.002342,-0.00164
"2015-01-07",0.000977,0.000012,0.002062,0.00357,-0.001803,-0.002059,-0.000112,-0.002372,0.00107
"2015-01-08",-0.019192,-0.002169,-0.002812,-0.002492,-0.002087,0.006103,-0.001366,0.000299,-0.001295
"2015-01-09",-0.004054,-0.001504,-0.001293,0.001308,0.000715,0.002403,-0.002557,0.000567,-0.001055
"2015-01-12",-0.013822,-0.000214,0.002686,-0.000556,-0.004677,0.00122,-0.001186,0.001148,-0.002972
"2015-01-13",0.003412,-0.001106,-0.002832,-0.002365,-0.001002,0.003277,0.000242,0.000478,-0.001446
"2015-01-14",-0.004637,-0.000213,-0.00289,0.001702,-0.000407,0.001269,-0.000287,-0.001931,0.000405
"2015-01-15",0.02598,0.00308,0.002879,-0.000112,0.002627,0.000409,-0.000271,-0.000995,0.001014
"2015-01-16",0.01136,0.00149,0.001433,-0.00307,0.000029,0.00694,-0.000957,0.001928,-0.000124
"2015-01-19",-0.069096,-0.005657,-0.010642,-0.004195,-0.005179,0.008509,-0.004213,0.003301,-0.00316
"2015-01-20",0.021997,-0.001598,-0.000423,-0.001206,-0.002104,0.005917,-0.000323,0.000005,-0.0018
"2015-01-21",0.039954,0.002658,0.001665,0.000431,0.000351,0.001693,-0.000938,-0.000445,0.000176
"2015-01-22",0.007855,0.002205,-0.00258,-0.000623,-0.002133,0.002937,-0.001224,-0.000416,-0.00005
"2015-01-23",-0.002393,0.000742,0.000927,-0.0024,-0.004121,-0.001244,-0.000987,-0.004689,0.001688
"2015-01-26",0.01326,0.002323,-0.001007,0.001249,-0.000621,-0.001214,-0.000577,0.001082,0.000373
"2015-01-27",-0.005378,-0.000798,-0.002652,0.002897,0.000357,0.001428,-0.000759,0.000157,0.000577
"2015-01-28",-0.01353,-0.001611,-0.004315,-0.001728,0.001895,0.001444,-0.000471,-0.000927,-0.001829
"2015-01-29",-0.008778,0.000431,-0.000273,-0.00185,-0.000489,0.001958,-0.001749,-0.000716,0.000871
"2015-01-30",-0.014101,0.002447,-0.003075,0.00012,-0.000664,-0.003957,-0.00266,0.000819,-0.000079
"2015-02-02",-0.018226,0.000491,-0.004455,-0.001268,-0.002984,-0.001226,-0.001015,0.001623,-0.001461
"2015-02-03",0.023744,0.00164,0.001448,-0.003352,0.001829,0.007415,-0.000771,0.001442,-0.000706
"2015-02-04",-0.006732,0.000856,0.000254,-0.002873,0.000151,0.007078,-0.001483,0.00094,0.001369
"2015-02-05",-0.009972,-0.000342,-0.002415,-0.003026,-0.000669,0.003997,-0.000302,0.000001,0.000133
"2015-02-06",-0.021145,0.000449,-0.001175,-0.001064,-0.001781,-0.0027,-0.001993,-0.00086,0.00056
"2015-02-09",0.00492,0.002227,-0.000426,0.001179,0.001498,-0.00193,-0.002519,0.001641,-0.00053
"2015-02-10",0.018423,0.001358,0.003568,-0.00129,0.000327,0.004098,0.001355,0.000091,-0.000193
"2015-02-11",0.007751,0.000779,-0.001105,0.000184,-0.000743,0.002082,-0.000164,0.000051,-0.000934
"2015-02-12",0.005371,-0.001463,-0.001933,-0.000097,0.002274,0.001805,-0.001119,-0.000548,0.000537
"2015-02-13",0.011748,0.001283,-0.001772,-0.001775,-0.000256,0.004277,-0.000261,-0.000612,-0.001917
"2015-02-16",0.010975,-0.001092,0.000251,-0.002861,-0.000771,0.003777,0.001118,0.000489,-0.000356
"2015-02-17",0.007764,0.000805,0.000135,0.00152,-0.001293,0.001449,-0.000811,-0.001247,0.000619
"2015-02-25",-0.007723,-0.002356,-0.001421,0.000732,-0.000619,-0.002347,-0.00034,-0.002457,-0.00033
"2015-02-26",0.02125,0.002843,0.000968,-0.000896,0.003337,0.001017,0.001092,0.000272,0.000375
"2015-02-27",0.004121,-0.000653,-0.001439,-0.00108,-0.000614,0.003656,0.000859,0.001048,-0.001277
"2015-03-02",0.01364,0.000058,-0.000388,-0.001889,-0.000207,0.004373,-0.000446,-0.001253,-0.00155
"2015-03-03",-0.019604,-0.000903,-0.00234,0.001278,-0.002352,0.000862,-0.000828,-0.001811,0.000216
"2015-03-04",0.009806,-0.002128,-0.002129,-0.001417,-0.000921,0.000787,0.000404,0.000414,-0.001695
"2015-03-05",-0.006418,-0.001325,-0.003597,-0.004622,-0.001554,0.002501,-0.000161,-0.000731,-0.000616
"2015-03-06",-0.005901,0.00154,-0.00266,0.003217,0.000862,-0.002299,-0.002773,-0.002501,0.000623
"2015-03-09",0.01813,-0.000352,-0.0016,0.000015,0.000768,0.001123,0.000259,0.000346,-0.00002
"2015-03-10",0.00118,-0.000121,-0.003079,-0.002407,-0.000182,0.004028,0.000289,0.000808,-0.001425
"2015-03-11",0.00052,-0.00055,-0.002765,-0.003517,-0.001416,0.004045,-0.001234,-0.002702,-0.000156
"2015-03-12",0.014324,0.002344,0.001599,0.001357,-0.00045,-0.003814,-0.001634,-0.001094,0.000149
"2015-03-13",0.009323,0.0005,-0.002155,-0.001275,0.000149,0.003219,0.000719,0.00178,-0.001227
"2015-03-16",0.025409,0.000621,-0.000728,-0.001459,-0.001085,0.004024,0.000648,0.001442,-0.000196
"2015-03-17",0.015544,0.000689,-0.000581,-0.002532,-0.000081,0.00397,-0.000091,-0.001652,0.001111
"2015-03-18",0.021851,-0.001904,-0.000508,-0.00156,0.004586,0.003886,0.001703,0.000445,-0.001174
"2015-03-19",0.002409,-0.002216,-0.000945,0.002417,0.00141,0.000205,0.000487,-0.001086,0.001517
"2015-03-20",0.010448,0.00223,-0.003612,0.002583,0.001211,-0.000289,-0.000393,0.001335,-0.001728
"2015-03-23",0.023268,0.001093,-0.001781,-0.001349,0.001981,0.005433,0.000654,0.00242,-0.001525
"2015-03-24",0.005604,0.002392,0.002596,-0.004298,-0.000576,0.011153,-0.001957,0.003198,-0.001008
"2015-03-25",-0.003672,-0.000675,-0.003199,0.002376,-0.001921,0.00036,0.000769,-0.001592,-0.001921
"2015-03-26",-0.000729,-0.000291,0.000236,0.000682,0.000739,-0.006119,-0.001997,-0.001814,0.001986
"2015-03-27",0.006295,0.001761,-0.003452,-0.00004,0.000365,-0.000131,-0.002045,-0.000728,-0.001891
"2015-03-30",0.023044,0.001523,0.001964,-0.002075,0.001103,-0.004848,-0.000047,-0.000959,0.002018
"2015-03-31",-0.007227,0.000536,-0.002376,-0.002084,-0.001174,0.007823,-0.000999,0.000017,-0.001701
"2015-04-01",0.020679,-0.000255,-0.002562,-0.001639,-0.000493,0.001689,-0.000174,0.000992,-0.00124
"2015-04-02",0.009351,-0.000256,-0.004977,-0.002527,0.000742,0.005978,-0.00236,-0.002315,-0.001307
"2015-04-03",0.013928,0.000906,-0.006364,-0.001475,0.000195,0.00239,-0.003138,-0.000014,-0.002835
"2015-04-07",0.023983,0.000792,-0.003567,0.000147,0.003256,0.003117,-0.000966,0.001669,-0.002397
"2015-04-08",0.003053,0.002398,-0.000059,-0.000478,0.000065,0.004854,-0.000686,0.000162,0.001396
"2015-04-09",-0.008633,0.004077,-0.00057,0.002134,-0.000312,0.003814,-0.002203,-0.000567,0.000069
"2015-04-10",0.024341,0.000355,-0.002645,0.000355,0.00028,-0.000409,-0.002292,-0.000597,-0.000299
"2015-04-13",0.020106,-0.001044,-0.003657,0.001783,0.003928,0.001236,-0.000665,0.000056,0.000031
"2015-04-14",0.002853,-0.003031,-0.000006,0.001154,0.001341,0.001249,-0.000292,0.00021,0.003552
"2015-04-15",-0.019388,-0.002952,0.002254,-0.000325,-0.001619,0.00122,-0.004226,-0.00166,0.00151
"2015-04-16",0.023939,0.000361,0.005123,-0.002035,-0.001128,-0.001523,0.000273,-0.000579,0.000449
"2015-04-17",0.017865,0.001471,0.005979,-0.000227,0.00151,-0.00076,0.000233,-0.002034,0.000953
"2015-04-20",-0.015677,0.0005,0.005019,-0.003006,0.001476,-0.000137,0.001497,-0.000281,0.002107
"2015-04-21",0.027726,-0.000127,-0.005587,0.000221,0.001485,0.003345,-0.001383,0.001899,-0.002495
"2015-04-22",0.028585,0.002719,-0.00342,-0.000103,0.000981,0.004219,-0.001446,0.000818,-0.00087
"2015-04-23",0.007215,0.000587,0.000219,-0.000227,0.003486,0.003473,-0.000825,-0.000123,0.00167
"2015-04-24",-0.004662,-0.001279,-0.000364,-0.002518,-0.000671,0.004157,-0.000437,-0.000538,0.000102
"2015-04-27",0.022244,-0.000551,0.004233,-0.001732,0.004162,0.002427,-0.000156,-0.002261,0.002509
"2015-04-28",-0.017226,0.002945,0.001661,-0.00568,0.001731,0.007294,-0.003119,-0.002244,0.000818
"2015-04-29",0.009604,0.000767,-0.005537,0.000968,0.000046,0.002095,-0.000711,0.000976,-0.000833
"2015-04-30",-0.002795,0.001376,-0.003517,0.00159,-0.001071,0.006872,-0.00247,-0.003524,-0.00063
"2015-05-04",0.009717,-0.003109,-0.002904,-0.004038,0.003649,0.003466,-0.000493,-0.002703,0.000968
"2015-05-05",-0.041043,-0.000896,-0.004485,-0.001862,-0.00209,0.005882,-0.002592,-0.00048,-0.003053
"2015-05-06",-0.013179,-0.00137,-0.000746,0.001929,-0.001198,0.003544,0.000415,0.001512,-0.002278
"2015-05-07",-0.021936,0.001972,-0.002096,-0.002257,0.000058,0.005626,-0.00507,0.005507,-0.003075
"2015-05-08",0.029966,-0.000368,-0.00487,0.001229,0.002096,0.006993,0.000147,0.001433,-0.001248
"2015-05-11",0.038007,0.000623,-0.001867,0.001728,0.000947,0.006903,-0.000124,-0.000548,0.000405
"2015-05-12",0.019254,0.000041,0.001017,0.001727,-0.001278,0.007194,-0.001039,-0.000144,0.001325
"2015-05-13",-0.001778,0.000203,-0.004038,-0.004101,-0.002923,0.002614,-0.001332,-0.002133,0.001071
"2015-05-14",-0.001292,0.000103,-0.005493,-0.00545,-0.002516,0.004809,0.000453,-0.002765,-0.000304
"2015-05-15",-0.014207,-0.000384,-0.002277,-0.00261,-0.003333,0.006896,-0.002875,0.00066,-0.000391
"2015-05-18",0.002083,-0.000308,-0.008694,-0.004199,-0.000518,0.008828,-0.000896,0.002412,-0.002445
"2015-05-19",0.032559,0.001558,-0.002224,-0.0034,0.001678,0.006263,-0.002519,-0.002127,-0.0002
"2015-05-20",0.012212,0.001069,-0.003368,-0.000069,-0.001756,0.008242,-0.004068,0.001042,-0.002264
"2015-05-21",0.026362,-0.000019,-0.002396,-0.003452,-0.003126,0.003626,-0.000812,-0.000301,-0.000933
"2015-05-22",0.022558,0.000106,-0.001741,-0.000711,0.001129,-0.002433,-0.002124,-0.00259,0.001175
"2015-05-25",0.028918,-0.000466,-0.002654,-0.002368,-0.004363,-0.00742,-0.001668,-0.003837,0.000985
"2015-05-26",0.025876,0.000564,-0.004313,-0.002174,-0.002428,0.004044,0.001009,-0.000852,-0.001201
"2015-05-27",0.006272,-0.000282,-0.003785,-0.006745,-0.002304,0.005346,-0.000327,0.00101,0.000825
"2015-05-28",-0.067788,0.000862,-0.005747,-0.0057,0.005307,0.012673,-0.004659,0.003218,-0.002383
"2015-05-29",0.00713,-0.001855,-0.003846,0.000798,-0.001708,-0.00085,-0.004383,-0.00065,-0.002078
"2015-06-01",0.056756,-0.000798,-0.004466,-0.000943,0.003027,-0.00087,-0.000942,-0.000722,0.000029
"2015-06-02",0.026964,0.001778,-0.009571,-0.003363,0.000194,0.005515,-0.001709,-0.002463,-0.000075
"2015-06-03",0.000928,-0.000907,-0.006795,-0.000513,0.00518,0.005966,-0.001616,0.000695,0.000241
"2015-06-04",0.006947,0.003301,0.000711,-0.006728,0.002792,0.003633,-0.002708,0.001298,0.000315
"2015-06-05",0.01385,-0.00059,-0.002286,-0.002842,0.002185,-0.001465,-0.000197,-0.001409,0.002125
"2015-06-08",0.009124,0.001319,-0.001247,-0.005419,0.004164,-0.001325,-0.002185,-0.003566,0.00361
"2015-06-09",-0.002539,-0.00165,0.000515,-0.003158,0.001556,0.003533,0.000929,-0.001652,0.001515
"2015-06-10",0.006695,0.000413,-0.006703,-0.002046,-0.000909,0.003924,-0.002219,0.001032,-0.001327
"2015-06-11",0.006342,-0.000244,-0.00746,-0.003043,0.000777,0.000156,-0.002514,-0.000815,-0.000661
"2015-06-12",0.012347,0.000245,-0.009136,-0.002731,0.003132,0.002396,-0.001891,-0.001847,-0.001545
"2015-06-15",-0.022015,0.000529,-0.004918,-0.007027,0.000542,0.000613,-0.001233,-0.004424,0.000434
"2015-06-16",-0.037067,-0.001883,0.002619,-0.012142,-0.002511,0.008819,-0.001248,-0.000871,-0.000002
"2015-06-17",0.019686,0.001978,-0.003639,-0.001715,0.003146,0.007015,0.000906,-0.000348,-0.001201
"2015-06-18",-0.037404,-0.00044,-0.000763,0.000444,-0.003328,-0.007356,-0.002739,-0.003984,-0.000154
"2015-06-19",-0.06857,-0.003528,0.003572,-0.001108,-0.00089,0.006424,-0.005195,0.00181,-0.001648
"2015-06-23",0.021193,0.001872,0.0032,-0.009396,0.001418,0.006606,0.000435,0.002995,-0.001625
"2015-06-24",0.026615,-0.002412,-0.002068,-0.003851,-0.000085,0.001189,0.001722,-0.001038,0.001461
"2015-06-25",-0.037849,-0.001739,0.001244,-0.001891,-0.002831,0.000714,-0.000149,-0.004907,0.001042
"2015-06-26",-0.087435,-0.001565,0.002002,0.000219,-0.000229,0.000347,-0.000102,-0.000777,0.000414
"2015-06-29",-0.0461,-0.006655,0.00921,-0.004048,-0.000184,0.002137,0.000505,-0.000298,0.001236
"2015-06-30",0.063689,0.007536,0.001657,-0.003077,0.00596,0.000644,-0.002356,0.005472,-0.000442
"2015-07-01",-0.055718,-0.008556,0.006561,0.004435,0.001448,0.000959,-0.003618,0.003205,-0.002441
"2015-07-02",-0.05455,-0.000769,0.006954,0.001954,0.002184,-0.000909,-0.001295,0.00438,-0.001468
"2015-07-03",-0.065417,-0.004826,0.005292,0.003766,0.000513,-0.002269,-0.003137,0.007142,-0.003735
"2015-07-06",0.002961,0.000176,0.018574,0.000155,0.005273,-0.009802,0.001048,0.00432,-0.001816
"2015-07-07",-0.037794,0.002501,0.011559,-0.002967,0.002393,0.005169,-0.005042,-0.002064,-0.00009
"2015-07-08",-0.066439,0.00587,0.000356,-0.010395,0.000227,0.015027,-0.010692,0.005209,-0.010829
"2015-07-09",0.084765,0.001693,-0.00095,-0.000634,0.000109,0.000777,0.000549,0.000439,-0.000426
"2015-07-10",0.074246,0.003204,-0.00216,-0.001572,0.000163,0.002507,0.000963,0.000699,-0.000439
"2015-07-13",0.043205,0.010694,-0.007464,-0.005667,0.002806,0.009564,0.00049,0.000804,-0.000448
"2015-07-14",-0.010283,0.01614,-0.021728,0.00752,0.005714,0.005303,-0.006781,0.001381,-0.004332
"2015-07-15",-0.043089,-0.009032,-0.008606,0.013365,0.005717,-0.010808,-0.006863,0.001029,-0.003899
"2015-07-16",0.004908,0.014186,-0.000752,-0.010243,0.001424,0.006381,-0.002356,0.001228,-0.001139
"2015-07-17",0.047445,0.009066,-0.005403,-0.002328,-0.000135,0.005865,-0.00061,0.000499,-0.000847
"2015-07-20",0.00617,0.010544,-0.006687,0.00155,-0.001541,0.009417,-0.00365,0.000738,0.000622
"2015-07-21",0.00738,-0.000656,-0.010189,0.003768,-0.000643,0.004227,-0.002504,-0.003295,-0.001352
"2015-07-22",0.004591,0.001744,-0.005303,0.001873,-0.001807,0.001715,0.001131,-0.000587,0.001652
"2015-07-23",0.025709,0.004679,-0.006373,-0.003769,-0.000131,0.004366,-0.000109,-0.000713,0.000792
"2015-07-24",-0.015522,0.002873,-0.000257,-0.000217,-0.001495,0.007906,-0.002272,-0.001851,0.001468
"2015-07-27",-0.09271,-0.002058,-0.000132,-0.000639,-0.000916,0.002033,-0.00067,-0.0007,-0.000403
"2015-07-28",-0.009762,-0.01195,0.00962,-0.00164,-0.002556,-0.011255,0.00047,0.001288,0.000881
"2015-07-29",0.04037,0.011684,-0.003099,-0.008375,0.00057,0.007564,0.002522,-0.000286,0.001746
"2015-07-30",-0.032186,0.002012,0.000481,-0.005433,-0.003308,-0.002342,-0.000346,-0.002774,0.002607
"2015-07-31",-0.00852,-0.003084,0.002663,-0.005524,0.003261,-0.003442,-0.002347,0.001186,-0.002103
"2015-08-03",-0.009791,-0.012901,0.009836,0.000947,0.007391,-0.017979,-0.001921,0.00161,-0.002972
"2015-08-04",0.045601,0.010927,-0.00691,-0.00286,-0.000918,0.009403,0.001567,-0.00035,0.000294
"2015-08-05",-0.019031,0.005882,-0.005978,-0.004287,0.00044,0.007559,0.000004,-0.000211,-0.000016
"2015-08-06",-0.009221,0.002228,-0.00571,-0.003538,-0.001118,-0.000745,-0.001398,-0.000852,0.000369
"2015-08-07",0.027426,0.006819,-0.00505,-0.00046,0.000378,0.007618,-0.000663,-0.000484,-0.001155
"2015-08-10",0.054473,0.007223,0.000713,-0.002211,0.000112,0.010952,-0.001865,-0.000868,0.000785
"2015-08-11",0.000296,0.002794,-0.001706,-0.002911,0.001205,0.004015,-0.000703,0.000291,0.001447
"2015-08-12",-0.012213,0.001924,0.001611,-0.007088,-0.00105,0.003904,-0.003338,0.000318,0.001844
"2015-08-13",0.020642,0.007464,-0.002023,-0.004106,0.000459,0.007563,0.001485,-0.000479,0.002023
"2015-08-14",0.003032,0.001993,-0.004218,-0.002516,-0.00075,0.002747,0.000723,-0.002273,0.002576
"2015-08-17",0.010976,0.001929,-0.003895,-0.005696,-0.001347,-0.000942,0.000146,-0.002739,0.002108
"2015-08-18",-0.076148,-0.003773,0.002045,0.000936,-0.000501,0.000186,-0.002885,0.001173,-0.000432
"2015-08-19",0.020302,0.00266,-0.002004,-0.001267,0.001447,0.002064,0.000887,0.001096,0.000849
"2015-08-20",-0.036173,-0.0032,-0.004654,-0.000359,0.003731,-0.003386,-0.0031,-0.001215,-0.003096
"2015-08-21",-0.055825,-0.003439,0.001292,0.002857,-0.001211,-0.005521,0.003061,0.000156,-0.000061
"2015-08-24",-0.097871,-0.000701,0.000282,0.000287,-0.00007,-0.000613,-0.000225,-0.000025,0.000019
"2015-08-25",-0.086548,-0.005448,0.001525,0.002541,-0.00259,-0.005654,-0.001182,0.000511,-0.000432
"2015-08-26",-0.019323,-0.01344,-0.001308,0.009231,0.004101,-0.0175,-0.001479,0.00819,-0.000761
"2015-08-27",0.057437,0.00485,0.000137,0.00283,0.00387,-0.005388,0.001247,0.003529,0.000459
"2015-08-28",0.058961,0.010308,0.000136,-0.0028,0.000687,0.007717,0.000661,-0.001351,0.001718
"2015-08-31",-0.011286,-0.001588,0.010304,-0.003874,-0.000988,-0.003176,-0.000636,-0.001966,0.002028
"2015-09-01",-0.026774,-0.005549,0.012299,0.000691,0.005086,-0.008364,-0.001363,0.000573,0.000347
"2015-09-02",-0.009313,-0.000381,0.012535,0.000914,0.004984,-0.012188,-0.005494,0.006058,-0.004871
"2015-09-07",-0.025689,0.004379,-0.017905,0.000508,0.006676,0.004583,0.002612,0.00314,-0.000239
"2015-09-08",0.036225,0.010605,-0.008701,-0.001907,0.001166,0.006032,-0.000952,0.001457,-0.00016
"2015-09-09",0.02856,0.005041,-0.00636,-0.000493,-0.000446,0.008168,0.001225,-0.001274,0.001046
"2015-09-10",-0.01304,-0.00109,-0.000076,0.002337,-0.001796,0.001779,-0.003886,-0.001564,0.00081
"2015-09-11",0.00038,0.004711,-0.002666,-0.004667,-0.000195,0.007138,0.001079,-0.001835,0.002443
"2015-09-14",-0.043581,-0.005525,0.012057,0.00173,-0.000473,-0.004563,-0.001455,-0.001635,0.002335
"2015-09-15",-0.048897,-0.00858,0.00072,0.003436,0.001012,-0.008683,-0.002392,0.002229,-0.001853
"2015-09-16",0.066333,0.007121,-0.003258,-0.001753,0.00099,0.003304,0.000379,0.000638,-0.00088
"2015-09-17",-0.024028,0.004241,-0.001316,-0.002826,0.00251,0.003722,-0.000625,0.000353,-0.00112
"2015-09-18",0.00803,0.006646,-0.001774,-0.001848,0.000176,0.002962,0.000843,-0.001678,-0.000853
"2015-09-21",0.025095,0.009456,-0.004466,-0.003341,0.000456,0.008703,-0.000414,0.002368,-0.001059
"2015-09-22",0.010199,0.001281,-0.000724,-0.001289,0.000198,0.001025,-0.001145,0.000428,0.000444
"2015-09-23",-0.021713,-0.000111,-0.003588,0.000303,-0.000634,0.003021,0.001232,0.000974,0.001558
"2015-09-24",0.011729,0.002718,-0.003664,0.000566,-0.000216,0.000945,-0.000071,-0.00076,-0.001137
"2015-09-25",-0.024374,-0.003642,0.00362,0.001895,-0.002302,-0.007644,-0.001899,-0.000687,0.000364
"2015-09-28",0.009673,0.007104,-0.005499,-0.00336,0.003168,0.008727,-0.000288,0.00283,-0.0021
"2015-09-29",-0.021154,-0.001565,-0.002497,0.000098,-0.00005,0.001356,-0.002021,0.002187,-0.001167
"2015-09-30",0.005167,0.001081,-0.001452,-0.000113,-0.000985,-0.003965,-0.001079,-0.000351,-0.000713
"2015-10-08",0.037259,0.006066,-0.000782,-0.00201,0.00031,0.004611,0.001481,-0.000051,0.000212
"2015-10-09",0.015488,0.003735,-0.00172,-0.000821,-0.000008,0.000167,-0.001533,-0.000698,-0.000329
"2015-10-12",0.039981,0.004253,-0.003222,0.000042,-0.000373,0.003174,0.001307,-0.000598,0.000072
"2015-10-13",0.004932,0.004396,-0.001995,-0.003063,-0.001878,0.004253,0.001242,0.000542,0.000998
"2015-10-14",-0.013054,-0.00036,-0.000126,0.000755,-0.001406,-0.000658,0.000437,-0.000756,0.001408
"2015-10-15",0.028845,0.004581,-0.00216,-0.002338,-0.000565,0.005017,0.001119,-0.000462,-0.000335
"2015-10-16",0.016795,0.005506,0.001161,-0.000283,0.000867,0.004123,0.001184,0.001885,0.002093
"2015-10-19",0.000762,-0.002049,-0.000763,0.000308,-0.001267,0.00376,0.001075,-0.00099,0.000954
"2015-10-20",0.015405,0.003803,-0.002687,-0.002084,0.001025,0.005461,-0.00125,0.001616,-0.002243
"2015-10-21",-0.046998,-0.005882,0.003617,0.002894,-0.00122,-0.001003,-0.002373,-0.002309,-0.000403
"2015-10-22",0.027523,0.005176,-0.002231,-0.002584,-0.003633,0.005028,0.000968,-0.000614,-0.000752
"2015-10-23",0.019868,0.004033,-0.006049,-0.004143,-0.000391,0.003213,-0.000823,-0.001916,-0.001037
"2015-10-26",0.00486,0.00048,-0.004881,-0.000607,0.001296,-0.002561,0.000505,0.000821,0.000209
"2015-10-27",0.002607,0.003365,-0.000743,-0.000673,-0.001438,0.000679,-0.001152,-0.000178,0.002032
"2015-10-28",-0.022104,-0.002126,-0.002349,-0.000249,0.00221,-0.001735,-0.001969,-0.000062,-0.001757
"2015-10-29",0.005634,0.002504,-0.001831,-0.001401,-0.000909,-0.000808,0.000273,-0.001148,0.001928
"2015-10-30",-0.001977,-0.000641,-0.00281,0.001105,-0.001231,-0.001525,-0.000696,0.000823,-0.000189
"2015-11-02",-0.020858,-0.005142,-0.002884,0.000977,0.001422,-0.004108,-0.001391,0.004103,-0.000936
"2015-11-03",-0.003562,-0.000846,-0.004204,0.000061,-0.000091,-0.002549,0.001666,0.000119,-0.000058
"2015-11-04",0.05204,0.006215,-0.001837,-0.000499,0.002087,0.005041,0.000611,0.000258,-0.001035
"2015-11-05",0.016225,0.002825,0.001789,-0.001893,0.004279,0.003818,-0.00097,-0.000569,0.000256
"2015-11-06",0.024647,0.00378,-0.003131,-0.001252,-0.000873,0.00314,-0.000914,0.001529,-0.002049
"2015-11-09",0.019224,0.001649,-0.001757,-0.000357,0.0005,0.008747,0.000353,-0.000089,-0.000286
"2015-11-10",0.002209,0.001021,-0.004315,-0.001291,0.000901,0.006267,-0.001565,-0.000342,-0.001048
"2015-11-11",0.007069,0.002236,-0.007035,-0.001244,-0.000154,0.005398,0.001127,0.00266,-0.00181
"2015-11-12",-0.004547,-0.000227,-0.004393,0.000549,-0.00387,0.002188,0.001627,0.00186,-0.000137
"2015-11-13",-0.015502,-0.00079,0.002298,-0.001411,-0.000325,0.002354,-0.004932,-0.004325,0.000999
"2015-11-16",0.013444,0.000567,-0.006116,-0.00011,-0.00053,0.001754,-0.002252,-0.002556,-0.001744
"2015-11-17",-0.003639,-0.001184,-0.001152,-0.001194,0.001963,-0.001294,-0.000668,-0.001245,-0.000011
"2015-11-18",-0.013047,-0.002749,0.000262,0.000226,0.00283,-0.000117,-0.002063,-0.000696,0.000404
"2015-11-19",0.021319,0.001239,-0.00308,-0.000408,-0.000524,0.00484,0.000902,0.000575,-0.001396
"2015-11-20",0.007884,0.000511,-0.00509,-0.001855,-0.000744,0.006495,-0.001609,-0.001925,-0.000523
"2015-11-23",-0.00767,-0.001446,-0.003366,-0.001812,0.001042,0.001206,-0.003661,-0.001384,-0.001408
"2015-11-24",0.002786,0.000328,-0.007228,-0.00043,-0.000538,0.002273,0.00232,0.002515,-0.001099
"2015-11-25",0.013514,0.00349,-0.004542,0.00079,-0.000623,0.006506,-0.003626,-0.000982,-0.002194
"2015-11-26",-0.005002,0.000619,-0.004007,0.000087,-0.000242,0.002344,-0.00337,0.000007,0.000394
"2015-11-27",-0.061517,-0.00516,-0.001254,0.002355,-0.002715,0.001447,-0.003641,0.0005,0.001325
"2015-11-30",0.00662,-0.003071,-0.004575,0.000854,-0.001268,-0.000604,0.002811,0.002027,-0.000845
"2015-12-01",0.002716,-0.000283,-0.002291,-0.001099,0.002204,-0.004922,-0.005044,-0.001324,-0.000383
"2015-12-02",0.018559,0.000492,0.00626,-0.000372,0.004618,-0.001703,-0.002048,-0.000169,0.001143
"2015-12-03",0.016598,0.000451,-0.00543,-0.000228,-0.001127,0.00435,0.000519,-0.000778,-0.000499
"2015-12-04",-0.013531,-0.002942,-0.005394,0.000294,-0.002554,0.002738,-0.000729,-0.001824,0.000944
"2015-12-07",0.007303,0.000036,-0.003991,-0.001373,0.000041,0.002896,-0.000424,-0.000498,-0.000372
"2015-12-08",-0.020027,-0.002344,-0.002692,0.003015,-0.001399,0.003898,-0.001677,0.001386,-0.000018
"2015-12-09",0.000635,-0.001077,-0.000559,0.001759,-0.0002,-0.000587,-0.001894,-0.001905,0.001054
"2015-12-10",-0.003936,0.000562,0.000332,0.000226,-0.000439,-0.000362,-0.001106,-0.000024,-0.000295
"2015-12-11",-0.006607,0.000232,-0.000279,-0.000805,0.000426,-0.00211,-0.003017,0.001714,-0.001029
"2015-12-14",0.025374,0.003222,-0.000945,-0.002738,0.001656,-0.000357,0.00098,-0.000204,-0.001238
"2015-12-15",0.001917,-0.000854,-0.003193,0.001483,-0.001989,0.003365,-0.000966,-0.002497,-0.001437
"2015-12-16",0.00258,0.000553,-0.003795,-0.00036,0.000336,0.003938,-0.001432,0.000346,-0.000642
"2015-12-17",0.022206,0.001304,-0.005131,-0.000418,0.000573,0.00515,0.001962,0.000066,-0.0017
"2015-12-18",-0.000462,0.001388,-0.001298,-0.002511,-0.000635,0.003025,-0.001749,-0.001076,0.000143
"2015-12-21",0.019265,-0.000828,-0.000639,-0.002979,-0.000648,-0.003614,-0.002017,-0.000902,-0.000448
"2015-12-22",0.005128,0.000955,-0.002547,-0.003062,-0.001157,0.002391,-0.000469,-0.000804,0.000731
"2015-12-23",-0.007953,-0.001458,-0.00128,0.000964,-0.001149,-0.004305,-0.001914,-0.001214,0.00038
"2015-12-24",-0.006241,-0.001108,-0.003047,0.000279,0.00016,-0.00057,-0.00014,0.001107,-0.000953
"2015-12-25",0.005179,0.001285,-0.004744,-0.001649,0.000639,0.001091,-0.002929,-0.001844,-0.000065
"2015-12-28",-0.025981,-0.000256,-0.000765,0.000036,-0.000474,0.003025,-0.004994,0.000205,-0.000851
"2015-12-29",0.009142,0.001667,-0.004016,-0.002538,0.000654,-0.001363,0.00086,0.000305,0.000131
"2015-12-30",0.005044,0.002338,-0.0037,-0.000307,-0.000252,0.001213,-0.002763,-0.001485,-0.001149
"2015-12-31",-0.012651,-0.001472,0.002169,0.000474,-0.000919,-0.00213,-0.003803,-0.000439,0.000294
"2016-01-04",-0.080323,-0.002354,0.003208,0.000956,0.000243,-0.002025,-0.002099,0.000525,0.000591
"2016-01-05",-0.003878,-0.003108,0.005266,-0.00131,-0.000247,-0.008465,-0.003339,0.003578,0.000804
"2016-01-06",0.026564,0.001811,-0.002483,-0.000133,0.004341,0.003662,0.000712,0.001445,-0.00014
"2016-01-07",-0.081504,-0.002462,0.002858,0.001083,0.000378,-0.002894,-0.000888,0.00083,0.000391
"2016-01-08",0.022627,-0.001334,0.002635,-0.000975,0.004239,-0.004438,-0.000184,0.003904,-0.000051
"2016-01-11",-0.061081,-0.002951,0.006317,0.001452,0.003641,-0.002011,-0.002282,0.002871,-0.000292
"2016-01-12",0.002155,0.003325,0.000949,0.004824,0.005027,-0.004802,0.001794,0.002258,-0.001024
"2016-01-13",-0.028119,-0.001772,0.002678,0.00213,0.004106,-0.004206,-0.00359,0.00156,-0.000483
"2016-01-14",0.027647,0.004757,-0.002147,0.002531,0.000746,0.003146,0.002061,0.000943,-0.0014
"2016-01-15",-0.037507,-0.001379,0.001607,0.005024,-0.001534,-0.001738,-0.001314,0.000176,-0.001079
"2016-01-18",0.009125,0.003515,-0.003852,0.00279,-0.001354,0.003014,0.00203,-0.000116,0.000274
"2016-01-19",0.036016,0.003087,-0.002589,0.000469,-0.000718,0.004157,0.00003,-0.002169,-0.00017
"2016-01-20",-0.012207,0.001165,-0.003177,-0.000077,-0.000486,0.001977,0.00087,-0.002106,-0.000228
"2016-01-21",-0.036517,-0.003214,-0.001059,-0.000049,0.002362,-0.00609,-0.002808,0.002244,-0.000349
"2016-01-22",0.013457,0.002552,-0.002805,-0.001588,0.001219,0.004054,0.0018,0.000543,0.000757
"2016-01-25",0.009629,0.001281,-0.00395,-0.001968,0.00059,0.003841,-0.001666,0.000026,-0.000015
"2016-01-26",-0.071017,-0.004153,0.003523,0.000079,-0.002214,-0.000483,-0.003088,0.000591,0.001494
"2016-01-27",-0.007056,0.001852,0.002723,-0.002129,0.000676,0.000159,0.001588,0.001967,0.000106
"2016-01-28",-0.036002,-0.003727,0.003145,0.00019,-0.004135,-0.007089,-0.005691,-0.00076,-0.000598
"2016-01-29",0.036126,0.004872,-0.001591,-0.002232,-0.000556,0.002207,-0.000188,-0.000122,-0.001358
"2016-02-01",-0.016123,-0.000933,-0.001077,-0.001462,-0.003239,-0.003123,-0.001604,-0.000205,-0.001704
"2016-02-02",0.028567,0.004299,-0.002673,-0.000119,0.000243,0.004824,-0.000027,0.000352,-0.000725
"2016-02-03",-0.001559,0.001298,-0.002839,0.00106,0.000219,0.000206,0.000642,-0.000184,-0.000371
"2016-02-04",0.017704,0.003779,-0.002703,-0.000287,-0.000804,0.004208,-0.000261,0.000174,-0.00024
"2016-02-05",-0.008817,-0.001743,-0.001049,0.002039,-0.000308,-0.003929,-0.001874,0.000437,-0.000655
"2016-02-15",-0.003601,0.001183,-0.000202,0.001364,0.000461,0.001974,-0.000891,0.000344,0.000344
"2016-02-16",0.038007,0.003397,-0.002454,-0.002484,0.000154,0.005342,0.002029,0.000664,0.000717
"2016-02-17",0.012386,0.002945,0.000019,-0.001226,-0.001065,0.005063,0.001163,-0.001405,0.001735
"2016-02-18",-0.001693,-0.0005,0.000382,-0.001663,-0.000452,0.000402,0.001095,-0.000595,0.001808
"2016-02-19",0.000572,0.000588,-0.002353,-0.00054,0.000489,0.001218,-0.000259,-0.000575,-0.000407
"2016-02-22",0.025408,0.000635,-0.0021,-0.001147,0.001214,0.00207,0.000192,-0.000751,-0.000522
"2016-02-23",-0.007016,0.00017,-0.001061,-0.002605,0.001059,0.003954,-0.001816,0.001069,0.000655
"2016-02-24",0.006094,0.001238,0.000287,-0.003932,0.000773,0.00008,-0.00141,-0.002394,0.001214
"2016-02-25",-0.074063,-0.003722,0.004821,0.00245,-0.000405,-0.001597,-0.001408,0.000606,0.000492
"2016-02-26",0.009548,-0.002724,0.001981,0.000589,0.003971,-0.006898,-0.001957,0.002469,0.000663
"2016-02-29",-0.038919,-0.006911,0.005102,0.003639,0.004331,-0.007165,-0.003706,0.001339,-0.000771
"2016-03-01",0.021785,0.002695,-0.000988,-0.001041,0.000583,0.000032,0.000828,0.000231,-0.001087
"2016-03-02",0.049766,0.004756,-0.000773,-0.003599,0.000788,0.003223,0.000163,-0.000043,0.000581
"2016-03-03",0.001968,0.001852,-0.000878,-0.003384,-0.000497,-0.000252,-0.001544,0.00012,-0.000537
"2016-03-04",-0.005465,-0.004676,0.006045,-0.001343,0.003238,-0.007141,-0.003878,0.000119,0.001003
"2016-03-07",0.013129,0.002722,-0.005181,-0.003223,-0.000115,0.002744,0.000263,-0.000075,0.000683
"2016-03-08",0.002268,0.001388,-0.004231,-0.000909,-0.000816,0.004322,-0.000489,0.000278,0.000045
"2016-03-09",-0.019575,-0.002345,-0.000625,0.00386,-0.000833,-0.002424,-0.001019,-0.000486,-0.000811
"2016-03-10",-0.019463,-0.002955,-0.000704,0.001549,-0.000214,-0.002379,0.000942,0.000418,-0.000282
"2016-03-11",0.001099,0.000076,-0.00148,-0.00053,0.001023,-0.00072,-0.000335,0.001747,-0.00069
"2016-03-14",0.024964,0.00409,-0.003348,-0.000752,-0.000673,0.005248,0.001431,0.001174,-0.000708
"2016-03-15",-0.002748,-0.000555,0.000273,0.000902,0.000189,-0.002484,-0.000758,-0.000707,0.00057
"2016-03-16",-0.002101,-0.001489,-0.001904,0.001192,0.000981,-0.000332,-0.000751,-0.000832,-0.000285
"2016-03-17",0.020904,0.005094,-0.002374,-0.001009,0.000048,0.006293,0.001955,0.001601,-0.001047
"2016-03-18",0.025023,0.005272,-0.003258,-0.001203,-0.001102,0.005792,0.000461,0.000753,-0.001288
"2016-03-21",0.026387,0.003873,-0.001456,-0.002156,0.001367,0.006365,0.001234,0.000831,-0.000582
"2016-03-22",-0.006012,-0.000147,-0.001499,0.000438,-0.001818,0.001151,-0.000524,-0.000395,-0.000715
"2016-03-23",0.004923,0.00284,-0.001495,-0.001433,0.000848,0.003309,0.001473,0.00241,-0.001151
"2016-03-24",-0.018289,-0.003561,-0.001183,0.00189,-0.001223,-0.002518,0.000759,0.000347,0.000544
"2016-03-25",0.006636,-0.000463,-0.002035,-0.001657,-0.000275,-0.001468,-0.001389,-0.002387,0.000421
"2016-03-28",-0.007366,-0.001595,-0.001446,0.001367,-0.000631,-0.00165,-0.000816,0.000469,-0.000471
"2016-03-29",-0.014839,-0.001288,0.000997,0.002084,0.001795,-0.001103,-0.00141,0.000011,-0.000941
"2016-03-30",0.032505,0.003748,-0.001718,-0.000983,-0.00022,0.003611,0.001293,0.000343,-0.001304
"2016-03-31",0.001844,0.000936,-0.002439,-0.0002,0.0011,0.00263,-0.000874,-0.000079,0.000992
"2016-04-01",-0.000934,-0.000353,-0.001148,-0.000418,0.000831,-0.001912,-0.000949,-0.000929,0.000113
"2016-04-05",0.020048,0.004412,-0.002434,-0.003078,-0.001915,0.004036,-0.000976,0.000896,-0.000098
"2016-04-06",-0.000066,0.000162,-0.002515,-0.001426,-0.002096,-0.000109,0.000509,0.0001,-0.000883
"2016-04-07",-0.016023,-0.002285,-0.001077,-0.000761,-0.000866,-0.000151,-0.000493,-0.000682,-0.000396
"2016-04-08",-0.008274,-0.001388,-0.002642,0.000218,-0.000945,-0.001656,-0.001162,-0.000342,-0.000074
"2016-04-11",0.019243,0.002144,-0.002878,-0.000518,0.001683,0.001271,-0.002661,0.001158,-0.001846
"2016-04-12",-0.005061,-0.000358,-0.001282,-0.001821,0.000668,-0.000344,-0.003104,0.000039,0.0009
"2016-04-13",0.015746,0.003442,0.00024,-0.001203,0.001929,0.00294,-0.000949,0.001268,0.000353
"2016-04-14",0.006037,0.00051,-0.003502,-0.001396,-0.000629,0.000156,0.000572,-0.000863,0.000055
"2016-04-15",-0.002155,-0.000192,-0.004136,0.000287,-0.001234,0.000434,-0.000915,-0.002012,-0.000059
"2016-04-18",-0.015026,-0.002249,-0.000561,0.001856,-0.001486,-0.001908,0.000372,-0.002314,0.001174
"2016-04-19",0.00277,0.000996,-0.001631,0.0005,-0.000101,0.000923,-0.000582,0.00036,-0.000463
"2016-04-20",-0.031624,-0.005272,0.004726,0.002547,-0.000431,-0.004543,-0.002796,-0.000391,0.000659
"2016-04-21",-0.007894,-0.00211,0.000566,-0.001575,-0.000427,-0.002561,-0.002776,-0.001062,-0.000568
"2016-04-22",0.004134,-0.000455,-0.002843,0.00215,0.000598,-0.000728,0.001625,0.000654,-0.000362
"2016-04-25",-0.00359,-0.001188,-0.00105,0.000446,-0.000023,-0.00031,-0.003215,-0.000937,-0.000049
"2016-04-26",0.008173,0.001101,-0.002608,-0.00065,-0.000301,0.001539,0.000391,-0.001644,-0.000263
"2016-04-27",-0.004468,-0.002458,-0.002431,0.000806,-0.002355,-0.001692,-0.000099,-0.001297,-0.000528
"2016-04-28",-0.001436,-0.000808,-0.001735,0.001035,0.001114,0.000538,0.001422,0.000943,-0.000522
"2016-04-29",-0.001254,-0.001511,-0.000834,0.00079,-0.002171,-0.001802,-0.000924,-0.000182,0.000614
"2016-05-03",0.024427,0.003906,-0.001154,-0.001176,0.000211,0.003297,0.000719,0.003591,-0.00042
"2016-05-04",-0.000553,0.001964,-0.00033,-0.000292,-0.000025,0.001324,-0.000032,-0.000555,-0.000387
"2016-05-05",0.003342,0.001183,-0.000493,0.000908,-0.000044,0.000095,0.002155,-0.001208,-0.000409
"2016-05-06",-0.033326,-0.003948,0.004624,0.000326,-0.000882,-0.003441,-0.001722,-0.001227,-0.000698
"2016-05-09",-0.030963,-0.005637,0.006799,0.000049,-0.000389,-0.006477,-0.000927,0.001628,-0.000356
"2016-05-10",0.00055,0.000205,0.000329,-0.000841,0.002242,0.001324,-0.001864,0.002378,-0.001023
"2016-05-11",0.001302,-0.002908,0.00245,-0.001049,0.000297,-0.003251,-0.001671,0.000478,-0.000731
"2016-05-12",0.000365,0.000968,0.003745,0.000473,-0.000454,0.001806,-0.000149,0.001594,0.000163
"2016-05-13",-0.003846,-0.000904,-0.000369,0.00083,-0.000726,0.000591,-0.000547,-0.001079,-0.00116
"2016-05-16",0.011376,0.002141,-0.003174,0.000248,-0.002441,0.001054,0.002626,-0.000497,0.0001
"2016-05-17",-0.002085,0.001432,-0.000396,-0.000143,0.000152,0.000192,-0.000039,-0.000265,-0.00046
"2016-05-18",-0.017602,-0.002883,0.005493,-0.000786,-0.000261,-0.003492,-0.001338,0.000059,-0.000362
"2016-05-19",0.000797,0.000996,-0.001154,-0.001352,-0.000529,0.002797,0.001684,-0.000663,-0.000321
"2016-05-20",0.007752,0.003225,-0.001819,-0.002831,0.000763,0.002685,-0.001309,0.00094,-0.00073
"2016-05-23",0.009069,0.0008,-0.003156,0.000932,-0.001158,0.003018,0.001134,-0.001254,-0.000857
"2016-05-24",-0.009411,-0.001633,-0.000633,-0.000403,-0.000633,-0.002096,-0.000747,-0.002003,-0.000534
"2016-05-25",-0.002602,0.001407,-0.001787,-0.000646,0.001805,0.000231,-0.001008,0.001413,0.000386
"2016-05-26",0.003014,0.001067,-0.000585,-0.001826,0.000353,0.002144,0.000788,0.000699,-0.000001
"2016-05-27",-0.000706,-0.000341,-0.001105,-0.000913,-0.001722,-0.001393,-0.001176,-0.000945,0.000838
"2016-05-30",-0.001667,-0.000625,0.000027,-0.000374,-0.000873,-0.001551,-0.002709,-0.000786,-0.000384
"2016-05-31",0.039008,0.00419,-0.001547,-0.00151,0.000276,0.004215,0.002243,0.001279,-0.000995
"2016-06-01",0.001701,0.002427,-0.001216,0.000796,-0.000351,0.004649,0.000534,0.000086,0.000126
"2016-06-02",0.005081,0.002692,-0.001928,-0.001746,-0.000968,0.003497,0.001004,-0.000569,-0.000474
"2016-06-03",0.004351,-0.001512,-0.000693,-0.000217,-0.00086,-0.002396,0.000104,0.00174,0.000255
"2016-06-06",0.000276,-0.000879,-0.001981,0.001031,0.000173,0.001659,0.001398,0.000783,0.000288
"2016-06-07",-0.000368,0.000995,-0.002024,0.000531,-0.000483,-0.001007,0.001916,0.001111,-0.000697
"2016-06-08",-0.00308,-0.000443,-0.000781,0.000201,-0.000007,-0.000535,0.000163,0.000894,-0.000407
"2016-06-13",-0.039049,-0.00675,0.002629,0.00188,0.000579,-0.006191,-0.003736,0.000938,0.000298
"2016-06-14",0.003458,-0.000384,-0.000646,0.000105,-0.001134,-0.001859,0.000813,-0.001698,-0.000717
"2016-06-15",0.022495,0.002672,-0.003475,0.000339,-0.001238,0.003235,0.004033,0.000906,-0.000571
"2016-06-16",-0.00424,0.001279,-0.002347,-0.00016,-0.001601,0.003231,-0.000022,0.000113,0.001142
"2016-06-17",0.006815,0.000883,-0.002188,-0.001245,0.001371,0.000464,-0.0008,-0.000019,-0.000467
"2016-06-20",0.001199,0.000803,-0.000649,0.000128,0.000829,0.001264,-0.000064,0.001438,-0.002694
"2016-06-21",-0.005448,0.000129,0.000548,-0.001389,-0.00037,-0.000333,-0.003495,-0.000074,-0.00022
"2016-06-22",0.013057,0.002878,-0.002705,-0.001727,0.001601,0.002467,0.000893,0.00107,-0.000201
"2016-06-23",-0.004312,-0.000347,-0.001377,-0.001114,-0.000398,0.000302,-0.002051,0.001368,-0.000111
"2016-06-24",-0.011114,-0.000967,-0.000868,0.000948,-0.001205,0.000655,-0.000769,0.00031,-0.001173
"2016-06-27",0.01903,0.001899,-0.001731,-0.001487,-0.000487,0.001487,0.001094,0.001119,0.000235
"2016-06-28",0.007089,0.001817,-0.002674,-0.001273,-0.000205,0.002947,-0.001364,0.00053,-0.000113
"2016-06-29",0.003946,-0.000382,0.000024,0.000808,0.000413,0.000198,0.000832,-0.000895,0.000205
"2016-06-30",0.000424,-0.000297,-0.001407,-0.000257,0.000144,-0.000548,-0.003189,-0.000008,0.000264
"2016-07-01",-0.000224,-0.001385,-0.000512,0.000651,0.000076,-0.000916,-0.000816,0.000105,0.000003
"2016-07-04",0.020778,0.002323,0.000256,-0.0016,0.000895,0.000646,-0.001311,0.00058,0.000438
"2016-07-05",0.004292,0.001978,-0.000012,-0.001044,0.000973,0.001691,-0.000181,-0.000526,0.00097
"2016-07-06",0.00398,-0.00105,-0.001334,0.000822,-0.002011,-0.000547,0.00033,0.000477,-0.000359
"2016-07-07",0.00103,-0.000991,-0.00017,0.000129,-0.000678,-0.001116,0.001457,-0.001918,-0.000937
"2016-07-08",-0.004774,-0.000303,-0.001596,-0.000099,0.000195,-0.001735,-0.000165,0.00024,0.000041
"2016-07-11",0.002267,-0.001464,0.002476,-0.002035,-0.000071,-0.002072,-0.001881,0.000602,0.001685
"2016-07-12",0.018635,0.000754,0.001496,-0.003638,0.001544,-0.0001,0.000842,0.002568,0.000919
"2016-07-13",0.006925,0.001656,-0.000549,-0.000169,0.000428,0.00193,-0.001772,-0.000769,-0.000994
"2016-07-14",-0.001184,0.000548,-0.00023,0.00002,-0.000576,-0.000503,0.000392,-0.000959,0.00012
"2016-07-15",-0.000911,-0.002443,0.00116,0.001437,-0.001179,-0.003757,0.000633,-0.0004,0.000443
"2016-07-18",-0.003277,-0.000795,0.000124,-0.000991,-0.002396,0.000967,-0.001193,-0.001675,0.000111
"2016-07-19",-0.000752,0.001189,-0.001856,-0.001796,-0.000061,0.002038,0.000451,-0.000912,-0.000267
"2016-07-20",-0.002297,0.000392,-0.001859,0.001454,-0.000734,-0.000166,-0.001562,-0.000398,-0.000627
"2016-07-21",0.003892,0.000484,0.001048,-0.000978,-0.001561,-0.001606,-0.002115,-0.00036,0.000423
"2016-07-22",-0.008756,0.000684,0.000967,-0.001292,-0.000727,-0.000537,-0.00154,-0.001144,0.000215
"2016-07-25",0.001195,-0.001295,-0.000979,-0.001748,0.00078,-0.002758,-0.000668,0.001128,0.000893
"2016-07-26",0.012292,0.00062,-0.001226,0.000353,-0.000249,0.000237,-0.00065,0.000252,-0.000088
"2016-07-27",-0.027468,-0.004929,0.00695,0.000144,0.000032,-0.003296,-0.004315,-0.000992,0.001947
"2016-07-28",0.001413,-0.00362,-0.000369,0.000443,0.000235,-0.003972,-0.000379,0.00137,-0.000478
"2016-07-29",-0.004738,-0.001239,-0.000761,0.002365,0.000964,-0.000453,-0.000979,0.000472,0.00005
"2016-08-01",-0.010842,-0.000683,0.000841,0.001192,0.001524,0.00161,-0.002193,-0.000123,-0.001936
"2016-08-02",0.006268,0.000936,-0.001186,-0.00073,0.000271,0.001082,0.000209,-0.000096,0.000621
"2016-08-03",0.001771,0.00055,-0.001558,-0.000586,-0.000626,-0.00066,0.000494,0.000308,0.000748
"2016-08-04",0.003106,0.001114,-0.000678,0.000873,-0.000235,0.001907,0.000854,-0.001679,-0.000623
"2016-08-05",-0.00167,-0.001219,0.000253,0.000476,0.000579,-0.002736,-0.000543,-0.000606,-0.000367
"2016-08-08",0.011792,0.001216,0.000008,-0.001197,0.000187,-0.002144,-0.000916,-0.000096,0.000188
"2016-08-09",0.007565,0.001455,-0.000113,-0.000065,-0.00021,0.00268,0.000304,-0.000417,-0.000009
"2016-08-10",-0.002899,-0.000876,-0.000658,0.0022,0.001076,0.000185,0.00013,0.000416,0.000187
"2016-08-11",-0.007514,-0.002218,0.001328,0.000242,-0.000047,-0.002741,-0.000253,-0.000996,0.000251
"2016-08-12",0.016068,0.000261,-0.000361,-0.001468,0.001295,-0.00057,0.000841,-0.000605,0.00009
"2016-08-15",0.025873,0.002581,0.000551,-0.000195,0.001591,0.002616,0.001693,0.000992,-0.001329
"2016-08-16",-0.001423,0.00153,-0.001516,-0.001373,-0.001684,0.003436,0.000553,-0.001,-0.000765
"2016-08-17",0.000058,-0.000344,-0.00094,0.001157,0.000698,0.000065,0.000407,-0.0015,0.001096
"2016-08-18",-0.00156,0.001078,-0.001083,-0.001221,0.001191,0.00059,-0.000908,-0.001025,-0.000396
"2016-08-19",0.001466,0.00059,0.000132,0.000912,-0.00021,-0.000669,-0.001727,-0.000928,-0.000115
"2016-08-22",-0.009673,-0.002013,-0.001248,0.001505,0.000253,-0.001898,-0.002759,0.00114,-0.000259
"2016-08-23",0.000778,-0.000536,-0.001617,-0.000803,-0.00039,-0.001183,-0.000167,0.000133,-0.000525
"2016-08-24",-0.000479,0.000659,-0.001924,0.001136,0.000381,0.001502,-0.000727,-0.000161,-0.000969
"2016-08-25",-0.00645,-0.001079,-0.001289,0.001671,0.00025,-0.001247,-0.001165,0.00042,0.000086
"2016-08-26",0.000993,0.000776,-0.001328,-0.000547,-0.00139,-0.000106,-0.001634,-0.000551,-0.000945
"2016-08-29",0.000334,-0.00077,-0.001903,-0.001185,-0.001028,-0.002078,-0.000132,-0.00123,-0.00041
"2016-08-30",0.001139,0.000617,-0.000361,-0.000677,0.000211,0.000175,-0.000326,-0.000155,0.000135
"2016-08-31",0.00249,-0.000395,-0.000324,0.000385,-0.000062,0.000894,0.000691,-0.000746,0.000293
"2016-09-01",-0.007795,-0.000313,-0.000432,-0.00005,-0.00062,-0.000456,-0.001606,0.000499,-0.000254
"2016-09-02",-0.000634,-0.000056,-0.000358,-0.001516,0.000154,-0.000596,-0.001772,-0.0001,-0.00057
"2016-09-05",0.003417,-0.001382,-0.001322,0.000085,0.000383,-0.000099,-0.000218,0.000529,-0.000362
"2016-09-06",0.009609,0.000615,-0.000979,-0.000465,-0.000575,0.000324,0.000399,-0.000428,-0.000945
"2016-09-07",-0.00034,-0.000182,-0.00076,-0.00122,-0.000555,-0.00025,-0.001636,-0.001064,0.000157
"2016-09-08",0.001631,0.000086,-0.002569,-0.000728,-0.001525,0.000003,-0.000602,-0.000239,0.000173
"2016-09-09",-0.006832,-0.000439,0.000126,0.000081,-0.001573,-0.000206,-0.001729,-0.002682,-0.000305
"2016-09-12",-0.023208,-0.003198,0.002945,-0.00033,-0.000984,-0.002949,-0.001895,-0.001214,-0.001323
"2016-09-13",0.002361,-0.000612,-0.00379,-0.000012,-0.000712,-0.001009,0.000483,-0.00181,-0.000555
"2016-09-14",-0.006749,-0.000839,-0.001691,0.001194,0.000352,-0.001161,-0.000842,0.000744,-0.000617
"2016-09-19",0.00904,0.000342,-0.002294,-0.000105,-0.00117,0.000504,0.000205,-0.00075,0.000376
"2016-09-20",-0.000515,-0.000379,-0.00124,0.000738,-0.000563,0.000327,-0.000257,-0.00028,0.000458
"2016-09-21",0.001463,0.000403,-0.001233,0.000779,0.000338,-0.001359,0.000419,0.000981,0.000007
"2016-09-22",0.006181,0.000731,-0.000018,0.000511,0.000036,0.002739,-0.000062,-0.001021,0.000643
"2016-09-23",-0.003264,-0.00037,-0.000997,-0.001052,-0.000829,-0.001051,-0.002272,0.000076,0.000463
"2016-09-26",-0.018132,-0.001536,0.000336,0.000755,0.000469,-0.001662,-0.003141,-0.000118,-0.000656
"2016-09-27",0.00655,0.001176,-0.001239,-0.000943,0.001232,0.000431,0.000021,0.001234,-0.000184
"2016-09-28",-0.002124,-0.001206,-0.001023,0.00082,-0.001308,-0.001506,-0.000863,-0.000469,-0.000095
"2016-09-29",0.00465,-0.000274,-0.001481,0.000502,-0.000154,-0.001225,-0.001187,0.000716,0.000226
"2016-09-30",0.003607,-0.000529,-0.001015,0.000577,-0.001146,-0.000865,0.000039,-0.000452,-0.000003
"2016-10-10",0.01556,0.001583,-0.001269,-0.000842,0.000747,0.003874,0.000983,0.000394,0.000838
"2016-10-11",0.005104,0.000887,-0.000863,-0.000327,-0.000636,0.002984,-0.000566,-0.000209,0.001439
"2016-10-12",-0.001791,-0.000008,-0.001357,0.000047,-0.000169,-0.000477,0.000357,0.000128,-0.000143
"2016-10-13",0.000833,0.00051,-0.000976,-0.000569,0.000725,0.001058,-0.001019,0.000036,-0.000433
"2016-10-14",-0.000219,0.000459,0.000489,-0.000485,0.000481,-0.000463,0.000506,-0.000448,0.00083
"2016-10-17",-0.008138,-0.000195,0.00041,0.000205,0.001018,0.001169,-0.000747,0.000884,0.00062
"2016-10-18",0.014348,0.001889,-0.000431,-0.000869,0.001751,0.001166,0.001358,0.000337,0.000469
"2016-10-19",-0.000728,0.000527,-0.001494,0.000253,0.001049,0.003107,-0.000274,-0.000584,0.000931
"2016-10-20",0.00065,0.000495,-0.001585,-0.000696,0.00117,0.001644,0.000145,0.000889,-0.001677
"2016-10-21",0.00034,-0.000169,0.000929,-0.0008,0.000983,0.000239,-0.00079,0.000135,0.00115
"2016-10-24",0.012411,0.001619,0.000483,0.000281,0.002014,0.001433,-0.001417,0.000641,-0.000093
"2016-10-25",0.002277,0.000384,-0.002366,0.000127,-0.0001,0.001454,-0.000531,-0.000578,0.000233
"2016-10-26",-0.005529,-0.000621,-0.001193,0.000882,-0.000797,-0.002569,-0.000451,0.000265,0.000649
"2016-10-27",-0.002468,-0.000284,-0.001747,0.000422,-0.000484,-0.000454,0.000835,0.000283,0.000018
"2016-10-28",-0.004805,-0.000808,0.001823,0.001561,0.000328,-0.001679,-0.001602,0.000918,-0.000137
"2016-10-31",-0.001418,-0.00079,-0.001231,-0.000261,-0.000263,-0.001003,0.001398,-0.001005,-0.000925
"2016-11-01",0.00735,0.000509,-0.003007,0.000517,-0.000231,0.00263,0.002175,0.000621,-0.000658
"2016-11-02",-0.007431,-0.000823,-0.001464,0.001537,-0.00104,0.000009,-0.000208,-0.000675,0.000137
"2016-11-03",0.007383,0.001838,-0.00099,-0.00106,0.001187,0.002147,0.000366,-0.0011,0.001254
"2016-11-04",-0.003024,-0.000273,-0.001743,-0.001545,-0.000675,-0.001674,0.000726,-0.000527,-0.000138
"2016-11-07",0.001718,-0.000894,-0.000947,0.000084,0.001097,-0.001253,0.000183,-0.000892,0.00029
"2016-11-08",0.004873,0.000363,-0.000766,-0.000222,-0.000339,-0.000115,-0.000425,0.000646,0.000433
"2016-11-09",-0.006691,-0.001091,-0.000611,-0.000113,0.000199,0.001559,0.000171,-0.000135,0.000204
"2016-11-10",0.012934,0.000871,-0.002497,-0.000725,0.001914,-0.000685,0.001039,0.000399,0.000109
"2016-11-11",0.009226,0.00184,0.000215,-0.001571,0.003363,-0.0014,-0.001047,0.000841,0.000738
"2016-11-14",0.00525,0.000773,-0.000859,-0.001549,0.004305,0.000823,-0.000323,0.00165,0.00035
"2016-11-15",0.00049,-0.000454,-0.001624,0.000012,-0.001389,0.000228,-0.000211,-0.000019,-0.000522
"2016-11-16",0.000463,-0.000353,-0.000504,0.000388,0.000289,0.001035,-0.002181,0.000088,-0.000141
"2016-11-17",0.000645,-0.000502,0.000173,-0.000005,0.000434,0.000264,-0.003409,-0.000881,0.000383
"2016-11-18",-0.006596,-0.000508,-0.001382,0.000424,-0.000452,-0.001224,0.002125,0.001056,-0.000486
"2016-11-21",0.004815,-0.000889,-0.001954,-0.000826,0.002476,-0.000974,0.002711,0.00162,-0.000121
"2016-11-22",0.008932,0.00102,-0.001691,-0.001896,0.00199,0.001869,0.000692,0.001109,0.00003
"2016-11-23",-0.001601,-0.000043,0.001132,0.000246,-0.001593,-0.000976,-0.001364,-0.00101,-0.000008
"2016-11-24",0.000638,0.000484,0.002215,-0.000212,0.001405,-0.000699,-0.001535,0.000942,0.000784
"2016-11-25",0.006782,0.0013,0.001164,-0.000617,0.000748,0.000287,-0.001599,0.000632,-0.00008
"2016-11-28",0.003462,0.000025,0.001741,-0.000193,0.001836,-0.000128,-0.001674,-0.000596,0.00075
"2016-11-29",-0.001491,-0.001183,0.005762,-0.000075,-0.000196,-0.002159,-0.001132,0.000523,0.000182
"2016-11-30",-0.009097,-0.000016,-0.000465,-0.00018,-0.000542,-0.000676,0.001714,0.000901,-0.001367
"2016-12-01",0.007431,0.000378,-0.000093,-0.000285,0.002218,0.000217,-0.000448,-0.000664,-0.000011
"2016-12-02",-0.011477,-0.001105,0.004416,0.00226,0.000721,-0.000901,-0.003072,-0.000081,0.00029
"2016-12-05",-0.009411,-0.00149,-0.002567,-0.000347,0.001018,0.000947,-0.00216,0.003069,-0.001421
"2016-12-06",-0.001631,-0.000781,-0.001267,0.002843,-0.001827,-0.000138,-0.000243,-0.001631,0.00007
"2016-12-07",0.008439,0.001072,-0.002066,-0.001221,0.001721,0.004079,-0.001268,0.000031,-0.000001
"2016-12-08",-0.002606,-0.001139,0.000268,0.000043,-0.00098,0.000723,-0.001562,0.000008,0.001108
"2016-12-09",0.003387,0.00045,0.000245,0.000043,0.001383,0.000033,-0.001977,-0.00121,0.000311
"2016-12-12",-0.031828,-0.003658,0.008775,0.001946,-0.000986,-0.003468,-0.005176,-0.000121,0.000365
"2016-12-13",0.002258,-0.000324,0.000954,0.000924,-0.001553,-0.001496,0.000305,-0.001428,0.001612
"2016-12-14",-0.005754,-0.001893,-0.001954,0.001318,-0.001683,-0.000824,-0.001511,-0.001041,0.000123
"2016-12-15",-0.003845,0.00165,-0.003788,-0.001075,-0.001125,0.002809,0.000981,-0.000514,-0.000191
"2016-12-16",0.004071,0.001683,-0.003054,0.001608,-0.000189,0.000859,0.000105,-0.000198,0.000125
"2016-12-19",-0.00219,-0.001821,-0.003169,-0.000222,0.001072,-0.002278,-0.000947,-0.000262,-0.000391
"2016-12-20",-0.005717,0.001276,-0.001884,0.000805,-0.000379,-0.001273,0.000615,0.000554,-0.000608
"2016-12-21",0.009609,0.000798,-0.00069,-0.000536,0.001457,0.00021,0.000583,0.000815,0.000563
"2016-12-22",-0.000572,-0.000085,-0.000027,-0.000785,0.000682,0.00049,-0.001652,0.000659,0.000359
"2016-12-23",-0.009869,-0.001116,0.001893,0.00055,-0.000229,-0.003819,-0.001642,-0.000317,-0.000084
"2016-12-26",0.003458,0.000968,-0.001459,-0.000342,0.001328,0.001776,0.000128,0.000931,0.000414
"2016-12-27",-0.001154,-0.000758,-0.003189,0.001548,-0.001177,0.000145,-0.000497,-0.001314,-0.000385
"2016-12-28",-0.003796,-0.001502,-0.001177,0.000717,-0.000375,-0.000899,0.00007,-0.00123,-0.000071
"2016-12-29",-0.001409,0.000338,-0.000845,0.000303,0.000559,0.000757,-0.002146,0.000975,-0.000453
"2016-12-30",0.002315,-0.001041,-0.000719,0.000834,-0.000241,-0.003562,-0.001572,0.000971,-0.000114
"2017-01-03",0.010597,0.000678,-0.001757,-0.000596,0.001437,-0.000036,0.001365,-0.000848,0.000777
"2017-01-04",0.008633,0.000762,-0.000438,-0.000799,0.000109,0.002812,0.000912,0.000942,0.000873
"2017-01-05",0.000868,0.000926,-0.00007,-0.00004,-0.00031,-0.00021,-0.001433,-0.00107,0.001264
"2017-01-06",-0.005761,-0.001128,0.000137,-0.001248,0.000057,-0.003151,-0.001337,-0.001553,0.000889
"2017-01-09",0.005267,0.001381,0.000209,-0.001398,0.000785,-0.000308,-0.000373,-0.000759,0.000634
"2017-01-10",-0.002955,0.000199,-0.00206,0.000086,0.001413,0.001785,-0.000677,0.001477,-0.000402
"2017-01-11",-0.008751,0.000032,0.001548,-0.001257,0.000236,-0.001139,-0.001556,-0.000049,-0.000207
"2017-01-12",-0.007382,-0.000911,-0.000179,-0.000679,0.00065,-0.000093,-0.000228,0.000465,-0.000229
"2017-01-13",-0.005208,-0.001459,0.004778,0.001871,-0.000177,-0.003066,-0.003592,-0.001103,0.000168
"2017-01-16",-0.01085,-0.001717,0.01289,0.001996,0.00126,-0.002402,-0.005243,0.001372,0.000731
"2017-01-17",0.004556,0.001127,-0.002963,-0.001242,0.000864,0.003929,0.001137,0.001199,-0.000412
"2017-01-18",0.002109,-0.000608,0.002065,0.001366,-0.000241,-0.000298,-0.001778,-0.000637,0.000731
"2017-01-19",-0.004058,-0.000867,-0.000457,-0.000208,0.001172,-0.001727,0.000137,0.000474,-0.000269
"2017-01-20",0.009864,0.001141,-0.003232,-0.000717,0.000265,0.001297,0.000139,0.000541,-0.000159
"2017-01-23",0.005441,0.001334,-0.001852,0.000877,0.001232,0.001146,-0.000347,-0.000168,0.00002
"2017-01-24",0.000969,-0.00045,0.000292,0.002451,0.000504,-0.000348,-0.002305,0.000301,-0.000242
"2017-01-25",0.002198,-0.000309,-0.000589,0.000772,0.001086,-0.001582,0.000957,0.001142,-0.000901
"2017-01-26",0.004537,0.000766,-0.000202,0.000089,-0.000447,-0.001047,-0.00018,0.000709,-0.000532
"2017-02-03",-0.005092,-0.000603,-0.00021,0.000228,-0.001158,0.000216,0.000449,-0.00018,0.00003
"2017-02-06",0.00491,-0.00009,-0.003363,-0.000459,-0.000025,0.001338,0.001147,0.000361,-0.000478
"2017-02-07",-0.000014,0.000356,-0.000798,0.002243,-0.00021,0.00274,0.000066,-0.000719,0.00079
"2017-02-08",0.005581,0.000918,-0.001742,-0.001442,0.000821,0.000916,0.000983,0.001068,0.000163
"2017-02-09",0.005321,0.000742,-0.00168,-0.001608,0.000625,0.000943,0.000322,-0.000961,-0.000336
"2017-02-10",0.004356,-0.000645,0.000812,0.000596,0.001835,-0.002713,-0.000884,-0.001009,0.000694
"2017-02-13",0.0068,0.000148,-0.000635,-0.000029,0.00035,-0.000089,0.001562,0.000782,0.000049
"2017-02-14",0.000403,-0.000034,0.001055,0.000621,0.001294,-0.000254,0.000757,0.00054,0.000399
"2017-02-15",-0.005557,-0.001595,0.000379,-0.000623,-0.000731,-0.001619,-0.000184,-0.000497,0.000075
"2017-02-16",0.006316,0.000817,-0.000898,0.000266,-0.000118,-0.000949,0.00074,-0.001734,-0.000026
"2017-02-17",-0.008257,-0.000696,0.001564,0.000043,-0.001039,-0.001751,-0.002382,0.000068,-0.000284
"2017-02-20",0.014491,-0.000372,0.001385,0.00087,0.001937,-0.003012,0.001203,0.000438,0.00021
"2017-02-21",0.005342,0.000386,-0.001482,-0.002159,0.000773,0.002262,-0.000113,0.000993,-0.000739
"2017-02-22",0.003125,0.000501,-0.000878,-0.000403,0.000076,-0.000011,-0.000301,-0.000117,0.000316
"2017-02-23",-0.003856,-0.00016,-0.000442,-0.00155,-0.001049,0.000617,-0.000959,0.001675,-0.001257
"2017-02-24",0.000066,-0.000009,-0.001265,-0.000914,-0.000585,0.000322,-0.000112,0.000297,-0.000948
"2017-02-27",-0.007836,0.000432,0.000739,0.000512,-0.000586,0.00019,-0.001437,0.000523,-0.000731
"2017-02-28",0.00396,0.001286,0.000896,-0.000641,-0.00003,0.000904,0.000925,0.000055,0.000685
"2017-03-01",0.002015,0.000732,-0.00006,-0.000206,0.000088,0.000958,0.000087,-0.000312,0.000148
"2017-03-02",-0.006609,0.000017,0.000925,0.000171,-0.000775,-0.001614,-0.000857,0.000728,-0.000718
"2017-03-03",-0.001643,-0.000432,-0.000673,-0.000208,-0.000673,-0.000621,0.000192,0.000303,-0.00092
"2017-03-06",0.007562,0.000892,-0.001866,-0.000631,0.000478,0.000457,-0.000282,0.001494,-0.001006
"2017-03-07",0.001969,-0.000473,-0.000722,-0.000993,-0.000442,0.000151,-0.000319,0.00071,0.000091
"2017-03-08",-0.002851,-0.000681,0.000623,0.001608,-0.000555,0.000168,-0.000227,-0.000698,-0.000311
"2017-03-09",-0.007983,-0.000295,-0.000221,-0.000366,-0.000419,0.000387,-0.000762,0.000055,0.000077
"2017-03-10",-0.00029,-0.000287,-0.000084,0.001489,-0.000108,-0.000438,0.001291,0.001376,-0.000429
"2017-03-13",0.008327,-0.000435,0.000527,-0.000082,0.000176,-0.001466,0.000988,0.001029,-0.000389
"2017-03-14",-0.000989,0.000011,-0.000083,0.000445,-0.000063,0.001018,-0.000382,0.000052,-0.00055
"2017-03-15",0.000145,-0.001013,0.000647,0.000016,-0.000491,-0.002798,0.000865,0.000454,0
"2017-03-16",0.00699,0.001033,-0.001789,-0.000062,0.000685,0.000563,0.001473,0.00012,-0.000085
"2017-03-17",-0.010009,-0.0008,-0.000898,0.000347,-0.000702,0.001345,-0.002131,-0.001221,-0.00023
"2017-03-20",0.00229,-0.001378,-0.001257,-0.000145,0.000957,-0.001443,0.000829,0.000988,0.000786
"2017-03-21",0.003071,-0.000857,0.00066,0.002926,-0.001655,-0.00184,0.000124,0.001086,-0.00012
"2017-03-22",-0.005473,-0.001572,0.001575,0.002512,-0.001293,-0.002161,0.001294,0.001516,-0.000221
"2017-03-23",0.001948,-0.000573,0.00016,-0.000958,-0.000409,0.000101,0.000681,0.000563,0.000142
"2017-03-24",0.006507,-0.000159,0.001724,0.000404,0.000677,-0.00059,-0.001077,0.000095,-0.000582
"2017-03-27",-0.002992,0.000413,0.000064,0.000602,-0.000609,0.000399,0.00119,-0.001584,-0.000242
"2017-03-28",-0.002955,-0.000037,-0.000408,0.000251,-0.000174,-0.000183,-0.000782,-0.000336,-0.00094
"2017-03-29",-0.001786,-0.000506,0.003529,0.003107,0.001717,-0.000775,-0.002294,-0.000811,-0.000043
"2017-03-30",-0.011376,-0.001504,0.005051,0.003244,0.000658,-0.003858,-0.002236,0.000292,0.000007
"2017-03-31",0.006233,-0.001375,0.000735,0.00174,0.000212,-0.001248,-0.000904,0.000564,-0.001546
"2017-04-05",0.017706,0.002182,-0.000567,-0.000072,0.001073,0.000494,0.000289,-0.000051,-0.000748
"2017-04-06",0.002888,0.000222,-0.000433,-0.001091,0.000377,0.001497,-0.000264,-0.000468,-0.000142
"2017-04-07",0.002021,0.000789,0.001736,-0.00046,-0.002047,0.000215,-0.001776,-0.000324,0.000133
"2017-04-10",-0.00303,0.001031,0.005254,-0.00073,0.000803,0.002374,-0.006124,-0.001981,-0.000279
"2017-04-11",0.005978,0.002175,-0.000304,-0.004866,-0.000222,0.003786,-0.000067,-0.000717,0.000402
"2017-04-12",-0.004345,-0.000165,0.000799,0.000603,-0.000521,-0.001464,-0.003623,0.000291,-0.000442
"2017-04-13",0.002866,0.000218,-0.000175,-0.001356,0.000605,0.001683,-0.000892,0.000799,-0.000388
"2017-04-14",-0.011043,-0.001562,0.002519,-0.001279,0.000046,-0.001734,0.000244,-0.000796,-0.000788
"2017-04-17",-0.007209,-0.000997,0.005929,0.003464,0.000169,-0.006692,-0.001403,0.001019,-0.000543
"2017-04-18",-0.005551,-0.001581,0.003983,0.003548,-0.001605,-0.001992,-0.000937,0.002034,0.000389
"2017-04-19",-0.009529,-0.000241,0.002531,0.000978,-0.00062,0.00021,0.002194,0.002738,-0.001135
"2017-04-20",0.001028,-0.002406,0.003186,0.005537,-0.001158,-0.006043,-0.000403,0.002744,0.00043
"2017-04-21",-0.000485,-0.000953,-0.001003,0.001096,0.00118,-0.002882,-0.001377,-0.000123,-0.000939
"2017-04-24",-0.017934,-0.001654,0.005684,0.001732,-0.000906,-0.002948,-0.003302,0.001937,-0.002419
"2017-04-25",0.003503,0.00048,-0.000947,-0.000019,0.000487,0.003094,0.000599,0.001643,-0.000367
"2017-04-26",0.001835,0.00172,-0.000761,-0.002233,0.000589,0.00465,0.002326,0.000065,0.000183
"2017-04-27",0.001203,0.000564,-0.002826,0.001198,-0.000768,0.000406,0.001327,0.001962,-0.000398
"2017-04-28",0.002049,0.001996,-0.001936,-0.00088,0.001163,0.003828,-0.001071,-0.001476,0.000315
"2017-05-02",-0.001218,0.001553,0.000246,0.000994,-0.000242,0.003843,-0.00035,-0.000638,0.000138
"2017-05-03",-0.005026,-0.000543,-0.001472,-0.000158,-0.000703,-0.001159,0.000064,-0.00049,0.000004
"2017-05-04",-0.0025,0.000359,0.000215,0.000405,-0.000269,0.000726,-0.000822,-0.001101,-0.001373
"2017-05-05",-0.011085,-0.001897,0.001195,-0.000795,-0.000882,-0.001049,-0.001048,-0.000231,-0.000493
"2017-05-08",-0.013657,-0.000904,0.003263,-0.00448,-0.000699,-0.004574,-0.003282,0.000607,0.000272
"2017-05-09",0.003572,0.001709,-0.002163,-0.000891,0.001379,0.002231,0.000347,0.001582,0.000603
"2017-05-10",-0.011479,-0.003662,0.00087,0.000548,-0.003633,-0.003517,-0.000441,0.000035,-0.001437
"2017-05-11",0.002105,-0.000418,0.002581,0.00431,0.001066,0.001163,0.002979,0.002509,0.000727
"2017-05-12",0.0054,-0.000524,0.001291,0.001438,-0.000217,0.000647,0.001692,-0.001092,-0.000241
"2017-05-15",0.004462,-0.000842,-0.000086,0.00208,0.000666,-0.000794,-0.000672,0.000347,-0.000377
"2017-05-16",0.013538,0.002475,-0.002596,0.000523,0.001271,0.003021,0.002513,0.00171,-0.000614
"2017-05-17",-0.001645,0.001214,-0.002151,-0.0012,0.000705,0.003716,-0.00088,-0.000971,0.000135
"2017-05-18",-0.005764,-0.000857,0.000396,-0.001499,-0.000711,-0.001905,-0.001701,-0.000746,-0.001262
"2017-05-19",0.001489,-0.00055,0.001266,-0.00031,0.00016,-0.000325,-0.002124,-0.001241,0.000485
"2017-05-22",-0.005329,-0.00342,0.006658,0.003604,-0.002549,-0.004938,-0.00252,-0.001552,0.000148
"2017-05-23",-0.006539,-0.003767,0.007076,0.004428,-0.000747,-0.005716,-0.004152,0.001323,-0.001074
"2017-05-24",0.001245,0.002073,-0.000297,-0.001388,0.001241,0.003269,0.000409,-0.000565,-0.000445
"2017-05-25",0.014096,0.001276,0.000092,-0.002117,0.002898,0.000873,0.000698,-0.00082,0.001427
"2017-05-26",-0.000759,-0.000744,-0.000519,-0.003006,-0.000067,0.000282,-0.000556,-0.000194,0.000095
"2017-05-31",0.001307,-0.000653,0.000419,0.001121,0.000486,-0.001489,0.000237,0.000177,-0.000187
"2017-06-01",-0.007317,-0.004246,0.007642,0.002931,-0.000948,-0.006858,-0.002385,0.000318,0.000642
"2017-06-02",0.002024,0.002551,-0.003044,-0.004407,0.002759,0.00398,0.00166,0.001425,-0.00088
"2017-06-05",-0.000154,0.0005,-0.003177,-0.001088,0.000036,0.002233,-0.000026,0.000846,-0.001133
"2017-06-06",0.005352,-0.00051,-0.000904,-0.000415,-0.000627,-0.000985,-0.000023,0.00062,0.000823
"2017-06-07",0.016184,0.002329,-0.003824,0.000087,0.00077,0.004426,0.001929,0.001965,-0.000706
"2017-06-08",0.003814,-0.001007,0.000985,0.000778,-0.001518,-0.000187,0.000143,0.00038,0.000115
"2017-06-09",0.003747,0.00023,0.00091,-0.000805,-0.000224,0.000481,-0.00016,0.000556,0.001214
"2017-06-12",-0.005513,-0.001616,0.004627,0.003842,-0.001562,-0.001769,-0.000143,-0.000941,0.001601
"2017-06-13",0.006633,0.002063,-0.003595,-0.002564,0.000958,0.002924,0.001388,0.001646,-0.000492
"2017-06-14",-0.007594,0.000488,-0.002846,-0.003744,0.000476,0.00233,-0.000562,0.000321,0.000159
"2017-06-15",0.00272,0.001007,-0.004152,-0.002604,0.0009,0.002015,0.000532,0.000221,-0.000775
"2017-06-16",-0.001647,0.000311,0.000078,0.002674,-0.000547,0.000095,-0.000994,-0.000762,-0.000081
"2017-06-19",0.007647,0.00013,-0.000899,0.000204,-0.000257,-0.00099,0.000178,0.000647,0.000588
"2017-06-20",-0.000731,0.001229,-0.000048,0.001304,0.000164,0.001542,-0.001011,0.000272,-0.000411
"2017-06-21",0.007863,-0.000762,0.001147,0.003316,-0.000246,0.000291,-0.000455,0.000343,0.000674
"2017-06-22",-0.004656,-0.001609,0.005379,-0.000125,-0.00126,-0.005158,-0.001414,-0.000737,0.000214
"2017-06-23",0.004901,-0.001058,0.0012,0.000837,-0.001201,-0.001451,0.000783,-0.000213,-0.000466
"2017-06-26",0.013009,0.000116,-0.000225,0.00077,0.000055,-0.00108,0.001394,0.000665,0.001555
"2017-06-27",0.002429,0.000554,-0.000802,-0.000041,-0.000619,0.000671,-0.001348,-0.000039,-0.000442
"2017-06-28",-0.004768,0.000063,0.001035,0.000532,0.000194,0.000086,-0.001409,-0.001171,0.000104
"2017-06-29",0.005048,-0.000013,-0.000009,-0.000029,0.000201,-0.000577,0.000444,0.000897,0.000766
"2017-06-30",0.001381,-0.000733,0.000522,-0.000382,-0.000818,-0.001598,-0.000794,0.001099,-0.00007
"2017-07-03",0.000909,0.001942,-0.001577,-0.002329,0.001137,0.001874,0.00019,-0.000287,0.000493
"2017-07-04",-0.005714,0.000428,-0.000749,-0.000703,0.000001,0.001069,-0.000573,-0.001081,0.000339
"2017-07-05",0.008698,0.000096,-0.000167,-0.000157,-0.000424,0.000998,0.000548,-0.0006,0.000307
"2017-07-06",0.000918,0.000695,-0.000278,-0.00093,-0.001105,0.001777,-0.001363,-0.00081,-0.000507
"2017-07-07",0.001545,0.000147,-0.00062,-0.003489,-0.000245,-0.001091,0.002082,-0.001018,0.000857
"2017-07-10",-0.000916,0.00102,0.00119,0.000823,0.001521,0.001909,-0.003546,-0.001867,0.000892
"2017-07-11",-0.001839,-0.002172,0.000758,0.002784,0.00052,-0.002073,-0.001382,0.000478,0.000033
"2017-07-12",-0.001763,0.000639,0.000418,0.000214,-0.000147,-0.00003,0.003661,0.000961,0.000457
"2017-07-13",0.007216,-0.001021,0.001178,-0.001954,0.000192,-0.001441,-0.001641,-0.001225,0.001816
"2017-07-14",0.002501,-0.001056,0.001595,0.001852,0.000315,-0.001452,-0.000841,-0.000571,0.00002
"2017-07-17",-0.020622,-0.006325,0.009782,0.005441,-0.00144,-0.006724,-0.00417,-0.001005,0.000566
"2017-07-18",0.005907,0.001206,-0.000184,-0.002315,-0.000129,0.001606,0.001948,-0.001385,0.002733
"2017-07-19",0.019812,0.002059,0.001492,0.001213,0.001342,-0.000165,0.001395,0.000538,0.00136
"2017-07-20",0.004588,0.001256,0.001203,0.000742,-0.001014,0.000624,-0.000462,-0.000966,0.000494
"2017-07-21",-0.001261,0.000774,0.000534,0.001768,0.000665,-0.001034,0.000069,0.000628,0.001354
"2017-07-24",0.003711,0.001297,-0.002001,0.000776,0.001436,0.00024,-0.000279,0.001443,0.00061
"2017-07-25",-0.004679,-0.000161,-0.001773,-0.000327,0.000425,0.001624,-0.000631,0.000607,-0.00056
"2017-07-26",-0.002415,0.000803,-0.000017,-0.001039,0.000897,-0.000112,0.000158,0.000171,0.001851
"2017-07-27",0.002724,0.000931,-0.003579,-0.004568,0.00071,0.000285,0.000075,0.001986,-0.002663
"2017-07-28",0.0033,0.00006,0.001782,0.00252,-0.001107,-0.000369,-0.000422,-0.000992,0.001076
"2017-07-31",0.008766,0.000869,0.00175,0.000308,0.000749,0.000807,0.001231,-0.001957,0.001496
"2017-08-01",0.004128,-0.000439,0.000311,-0.000586,0.001028,0.001609,0.000474,-0.000022,-0.000198
"2017-08-02",-0.003439,0.001034,0.001461,0.002251,0.000884,0.00041,-0.000164,-0.00001,-0.000385
"2017-08-03",-0.003865,0.000954,-0.003114,-0.001778,0.00024,-0.000314,-0.000013,-0.000775,-0.000407
"2017-08-04",-0.003829,-0.001275,-0.000361,-0.001372,0.001006,-0.001465,-0.00219,-0.000343,0.001228
"2017-08-07",0.007527,0.001389,0.000532,0.00023,0.001064,0.001689,-0.000537,0.000008,0.000657
"2017-08-08",0.001521,0.001048,0.000595,-0.002425,0.0003,0.002231,-0.001116,0.0001,-0.000128
"2017-08-09",0.00204,-0.000647,-0.001666,0.002056,0.000071,0.00029,0.000807,0.002511,0.001051
"2017-08-10",-0.004928,0.000051,0.001978,0.00042,-0.001485,-0.000987,-0.001307,-0.000534,0.000052
"2017-08-11",-0.020528,-0.002695,-0.000413,-0.001655,-0.000852,-0.000722,-0.00159,0.000626,-0.002459
"2017-08-14",0.013702,0.002346,0.000086,0.00086,0.00162,0.00237,0.000827,0.001741,-0.002113
"2017-08-15",0.003201,0.00065,-0.001449,0.000773,-0.000062,0.00296,-0.000095,-0.000175,-0.000795
"2017-08-16",-0.000666,0.000665,-0.000814,-0.004801,0.000323,-0.000366,-0.000029,0.001443,-0.000762
"2017-08-17",0.00723,0.002445,0.000902,-0.001107,0.001368,0.000977,0.000191,-0.000417,0.000922
"2017-08-18",-0.001019,-0.000521,0.000524,0.00154,-0.000468,-0.000723,-0.000659,-0.0002,0.001579
"2017-08-21",0.005709,0.001578,-0.000467,-0.000242,0.000242,0.000828,0.000442,0.00109,0.000897
"2017-08-22",-0.002025,-0.000424,0.000553,0.000821,-0.00021,0.000213,-0.000598,-0.000027,-0.000518
"2017-08-23",-0.002716,-0.000629,-0.000811,-0.001102,-0.000275,-0.002245,-0.001377,0.000306,-0.001109
"2017-08-24",-0.006901,-0.001518,-0.000654,0.001312,-0.001556,-0.001229,-0.000152,-0.001323,-0.000172
"2017-08-25",0.015833,0.001915,-0.000462,-0.001065,0.000674,0.001534,0.000355,-0.000336,0.000223
"2017-08-28",0.011778,0.00135,-0.000492,-0.001826,0.000641,0.000169,0.002853,0.001618,-0.000112
"2017-08-29",-0.001871,-0.000457,-0.001229,0.000238,-0.000052,0.000224,0.000684,0.001472,0.000629
"2017-08-30",0.003099,0.002059,-0.000006,0.003445,-0.000508,0.00204,-0.001366,-0.000397,0.00107
"2017-08-31",-0.001414,0.000586,-0.002107,-0.001894,-0.000551,-0.000322,0.002056,0.001619,0.000048
"2017-09-01",0.004314,0.000391,-0.0006,0.001031,0.000587,0.000257,0.001232,0.001328,0.000329
"2017-09-04",0.005351,-0.00023,0.001375,-0.002068,-0.000638,0.001035,-0.001961,-0.000762,-0.001335
"2017-09-05",0.000774,0.000028,-0.000026,-0.00072,-0.00119,0.000537,-0.001213,0.000175,-0.000601
"2017-09-06",0.001132,0.00272,0.001816,-0.002193,0.000413,0.001784,-0.00164,0.000135,-0.00091
"2017-09-07",-0.006701,-0.001156,-0.001267,-0.00234,-0.001105,0.000808,0.000285,-0.001206,-0.000328
"2017-09-08",0.000822,-0.000323,-0.000679,-0.000906,-0.001132,-0.000664,0.000368,-0.000873,0.001189
"2017-09-11",0.004299,0.002764,-0.000238,-0.000052,0.00102,0.000217,0.001537,0.0011,0.000063
"2017-09-12",0.001815,0.00034,0.00226,0.002202,0.000414,0.001315,-0.002346,-0.001702,0.000416
"2017-09-13",0.002096,0.000063,-0.000499,0.00056,-0.001886,0.000334,0.000486,-0.000401,-0.000063
"2017-09-14",-0.003385,-0.001033,-0.000081,-0.000714,-0.000107,-0.000358,0.000347,-0.00047,-0.000349
"2017-09-15",-0.004202,-0.002146,0.000586,-0.001046,-0.000404,-0.00433,-0.000192,0.000405,-0.00051
"2017-09-18",0.005248,0.000628,0.000479,-0.001451,0.000434,0.000026,0.000172,0.001271,-0.000524
"2017-09-19",-0.003608,-0.000702,-0.001503,-0.000672,-0.000108,0.001037,-0.001009,0.000116,-0.000996
"2017-09-20",0.005603,0.002043,0.000034,-0.002144,0.001212,0.002399,0.000258,0.000677,0.000642
"2017-09-21",-0.005858,-0.001359,0.000733,-0.001772,0.000298,-0.001821,-0.001687,0.000712,0.000182
"2017-09-22",-0.002949,-0.002117,-0.000993,-0.000736,-0.000774,-0.002336,-0.000318,-0.00069,-0.000617
"2017-09-25",-0.007835,-0.002285,0.001252,0.001174,-0.000771,-0.002062,-0.00226,0.001309,0.000508
"2017-09-26",0.002305,0.00056,0.001907,0.002908,0.000323,0.001312,-0.000248,-0.000937,0.000904
"2017-09-27",0.003276,0.002427,-0.001662,0.002023,-0.000084,0.000992,0.000385,0.000931,-0.000816
"2017-09-28",-0.001797,-0.001491,0.002175,0.000539,-0.000165,-0.002828,0.000263,0.002295,0.000039
"2017-09-29",0.00425,0.000789,-0.001557,-0.000992,-0.000889,0.000566,-0.000506,-0.000061,-0.000573
"2017-10-09",0.009996,0.000993,0.000531,-0.001351,0.00119,0.001379,0.001768,0.001109,0.000095
"2017-10-10",0.002527,0.00114,-0.002133,-0.003852,0.000624,0.001307,-0.000386,0.000792,-0.001183
"2017-10-11",0.00026,-0.001593,-0.000101,-0.000027,0.000057,-0.000626,-0.002727,0.0023,-0.000085
"2017-10-12",-0.001244,-0.000587,0.000032,-0.000534,-0.001691,-0.000055,-0.00092,0.00062,0.0004
"2017-10-13",0.002805,-0.000381,-0.000646,0.000579,-0.000716,-0.001217,0.001815,0.001805,-0.000965
"2017-10-16",-0.005754,-0.003201,0.004352,0.00376,-0.001459,-0.003928,-0.002136,0.000178,0.000892
"2017-10-17",-0.00136,0.000104,-0.000228,-0.001175,-0.00096,-0.000857,-0.000422,0.001339,-0.000103
"2017-10-18",0.001136,-0.002356,0.004396,0.000442,-0.001571,-0.002888,-0.001829,0.000812,-0.000311
"2017-10-19",-0.006369,-0.001311,0.001122,0.00197,-0.000619,-0.000349,-0.001911,0.000636,-0.001555
"2017-10-20",0.004751,0.002103,-0.002609,0.001687,0.00034,0.001336,0.000355,-0.00059,-0.000102
"2017-10-23",0.002108,0.00068,-0.001066,0.000302,-0.000222,-0.000033,0.000978,0.001699,-0.000521
"2017-10-24",0.002677,-0.001082,0.002106,0.002402,-0.000748,-0.002019,-0.00043,-0.000929,-0.000304
"2017-10-25",0.00489,0.000147,-0.000853,-0.000207,-0.000126,0.00026,0.000924,0.000899,-0.000284
"2017-10-26",0.002629,0.001525,0.000244,0.000813,0.00007,0.00117,0.00032,-0.000765,0.000286
"2017-10-27",0.000179,-0.001427,0.001866,0.001169,-0.002141,-0.002424,-0.00057,-0.000118,0.000998
"2017-10-30",-0.009231,-0.003085,0.005407,0.005693,-0.002697,-0.004418,-0.003379,-0.000685,-0.00032
"2017-10-31",0.002818,0.00189,-0.000734,-0.000122,0.000227,0.00202,0.001266,0.00091,-0.000922
"2017-11-01",-0.00303,0.00052,0.000011,-0.001573,0.000167,-0.000018,0.001895,0.001605,-0.000035
"2017-11-02",-0.004548,-0.001539,0.002262,0.000223,-0.000577,-0.001805,-0.000043,0.00179,-0.00034
"2017-11-03",-0.005232,-0.000775,0.001685,-0.000416,0.000153,-0.001911,-0.000764,0.000968,0.000244
"2017-11-06",0.009392,0.000207,-0.001355,0.003029,0.000946,0.00073,0.001732,0.003771,-0.000801
"2017-11-07",0.008036,0.001464,0.001732,0.000269,-0.000643,0.000652,0.000041,-0.000802,0.000662
"2017-11-08",0.00091,0.002188,-0.000816,0.000454,0.001177,0.001346,-0.001351,-0.000909,0.000624
"2017-11-09",0.005818,0.000088,0.000347,-0.000075,-0.000339,0.000894,-0.0003,0.000652,-0.000575
"2017-11-10",0.004023,0.000247,0.001507,0.001764,-0.001352,-0.000393,-0.000538,0.000864,-0.000778
"2017-11-13",0.004945,0.000924,0.002165,0.001609,-0.001369,-0.001018,0.003074,0.000868,0.000881
"2017-11-14",-0.00621,-0.0008,0.00074,-0.000871,-0.000895,0.00228,-0.001902,-0.003136,0.000731
"2017-11-15",-0.007713,-0.00127,-0.001676,-0.001503,0.001074,-0.000947,-0.002245,-0.000995,0.000223
"2017-11-16",0.002137,0.000027,0.002488,0.002978,-0.000607,0.001404,-0.003048,-0.000358,-0.000913
"2017-11-17",-0.009222,-0.004052,0.008813,0.002219,-0.002744,-0.006639,-0.004142,-0.003057,-0.000264
"2017-11-20",0.007778,0.001146,0.002455,0.003873,-0.000549,0.001123,0.000298,0.002206,-0.000636
"2017-11-21",0.009768,0.00149,0.004326,0.00094,0.000014,0.000647,-0.000453,-0.000257,-0.000152
"2017-11-22",0.00214,0.00104,0.001729,-0.002703,0.000924,0.000513,0.000156,-0.000812,0.000933
"2017-11-23",-0.027047,-0.001214,-0.002856,-0.002983,-0.000024,-0.001275,-0.003587,-0.001348,0.00076
"2017-11-24",0.000857,0.000903,-0.000717,-0.000584,-0.000175,0.000555,-0.000846,-0.000695,0.000159
"2017-11-27",-0.012889,-0.001688,-0.00216,-0.000794,0.001023,-0.001516,-0.001769,-0.000914,0.000395
"2017-11-28",0.00813,0.003123,-0.000685,0.000976,0.000721,0.004999,-0.000149,0.00158,0.000226
"2017-11-29",0.002043,0.000947,-0.00008,0.001097,-0.000117,0.002125,0.000296,-0.00201,0.002123
"2017-11-30",-0.008024,-0.000715,-0.002978,-0.001345,0.000032,-0.001078,-0.000817,0.000658,0.000183
"2017-12-01",0.002927,0.001746,-0.00159,0.001878,0.000819,0.00175,-0.001745,0.001266,-0.000906
"2017-12-04",0.000933,0.000169,0.003968,0.005972,-0.001002,-0.00088,-0.006004,-0.001479,-0.000365
"2017-12-05",-0.006245,-0.004724,0.005252,0.000765,-0.001463,-0.00477,-0.001647,-0.000022,-0.000526
"2017-12-06",-0.000588,0.002455,-0.001404,-0.001791,0.000991,0.003658,0.000752,0.000931,0.000556
"2017-12-07",-0.008759,-0.000881,-0.001343,-0.00289,-0.00004,-0.000135,-0.000989,-0.000526,-0.000816
"2017-12-08",0.007581,0.001877,-0.002496,0.001916,0.000926,0.003128,-0.000639,0.002203,-0.000497
"2017-12-11",0.013825,0.002866,0.001716,0.002925,0.001297,0.003267,-0.001224,0.002321,-0.000465
"2017-12-12",-0.011918,0.000062,0.000814,0.002621,-0.000805,-0.001061,-0.001683,-0.000793,-0.00038
"2017-12-13",0.007528,0.000371,0.000198,-0.000237,0.000151,0.001271,0.000969,0.000559,0.000745
"2017-12-14",-0.003185,-0.000909,-0.001236,0.000105,0.000216,0.000072,0.000705,0.00182,0.000405
"2017-12-15",-0.009401,-0.000491,-0.001342,-0.003428,0.000006,-0.000742,-0.00048,-0.000122,0.000067
"2017-12-18",-0.000674,-0.00093,0.00143,-0.001463,0.000065,-0.001694,-0.001829,0.000823,0.000911
"2017-12-19",0.010045,0.000813,0.00014,0.00063,-0.000122,0.000733,0.001074,0.000432,-0.000428
"2017-12-20",-0.003571,-0.000812,0.00195,0.002692,-0.000139,-0.000079,-0.001553,0.000131,0.000023
"2017-12-21",0.007115,0.001898,0.001397,0.004655,-0.000607,0.000718,0.000534,0.000356,-0.000608
"2017-12-22",-0.000759,0.000593,0.000372,0.001512,0.000449,0.000787,-0.000991,-0.000706,-0.000206
"2017-12-25",-0.006849,-0.002878,0.001699,0.001379,-0.000846,-0.001937,0.000287,-0.000194,-0.000121
"2017-12-26",0.005225,0.000042,-0.000152,-0.004227,0.000879,-0.000332,0.003531,0.001274,0.001117
"2017-12-27",-0.009656,-0.000303,-0.000555,-0.003135,0.00057,0.000541,0.000101,-0.000682,0.000636
"2017-12-28",0.005523,0.000764,-0.000558,-0.00027,0.000665,0.000381,0.000069,0.001443,0.000658
"2017-12-29",0.005429,0.000617,-0.001339,0.001233,-0.000265,0.000399,-0.000478,-0.000187,-0.000886
"2018-01-02",0.014085,0.001005,0.000218,0.002035,-0.000423,0.000981,0.000749,-0.000767,0.000999
"2018-01-03",0.007105,0.001894,0.000518,-0.000302,0.001132,0.003046,0.00061,0.000198,-0.00012
"2018-01-04",0.005659,-0.000203,0.001584,0.000264,-0.000111,0.002822,-0.000658,0.000741,0.00125
"2018-01-05",0.001035,-0.000214,-0.000231,-0.001658,0.001107,-0.00102,-0.001075,-0.000657,0.000092
"2018-01-08",0.006428,0.000391,0.001119,0.000893,0.000384,0.000272,0.001042,0.000169,0.000428
"2018-01-09",0.002245,-0.000114,-0.000582,0.001285,0.00006,0.000722,-0.000669,0.001069,0.00011
"2018-01-10",-0.000145,-0.000446,0.002162,0.0008,0.000438,0.00018,-0.000864,-0.000505,-0.000192
"2018-01-11",-0.000731,0.00085,-0.001088,-0.002593,0.000741,-0.000259,0.000105,0.000837,-0.001265
"2018-01-12",0.000848,-0.000728,-0.000537,0.000997,0.000497,0.001251,-0.003576,0.000938,0.000296
"2018-01-15",-0.009172,-0.003385,0.003371,0.0015,-0.002351,-0.004661,-0.001225,-0.001217,-0.000097
"2018-01-16",0.009422,0.000906,0.000406,-0.000796,0.001738,-0.000016,0.003884,0.001237,0.001168
"2018-01-17",-0.001173,-0.001552,-0.002251,-0.003034,0.000378,-0.002797,0.002533,0.000182,-0.000701
"2018-01-18",0.007522,0.001238,-0.000008,0.000935,0.00059,0.001262,-0.000656,0.000625,0.000423
"2018-01-19",0.00372,-0.000411,0.000348,-0.001277,0.000567,0.00014,-0.000272,-0.000137,-0.001061
"2018-01-22",0.008703,0.001866,0.001723,0.002326,-0.000339,0.001214,-0.001031,0.001147,-0.001172
"2018-01-23",0.010517,0.000652,0.001414,-0.000953,-0.000484,0.000039,0.000839,0.000359,0.000356
"2018-01-24",0.002928,0.00118,0.001074,-0.000525,0.001122,-0.001986,0.001817,0.000295,-0.00087
"2018-01-25",-0.003008,-0.00019,0.000128,-0.000557,0.000264,-0.000063,-0.002063,-0.00083,0.000172
"2018-01-26",0.002685,0.000046,0.001655,-0.000428,-0.000609,0.000467,-0.00103,-0.000788,-0.000226
"2018-01-29",-0.01191,-0.001565,-0.00053,-0.001081,-0.001988,-0.002722,0.000429,-0.00201,0.000193
"2018-01-30",-0.00872,0.000831,-0.001327,0.000661,-0.001053,-0.001765,-0.000959,0.000371,0.000208
"2018-01-31",-0.003884,-0.002112,0.003021,0.006601,-0.001943,-0.004503,-0.00271,0.002341,-0.000201
"2018-02-01",-0.016725,-0.001939,0.007154,0.003268,-0.001761,-0.002159,-0.002012,0.002204,-0.00066
"2018-02-02",0.008363,0.001171,0.005578,0.004208,0.001581,0.000077,-0.000476,0.000026,0.000096
"2018-02-05",0.005839,-0.001867,0.000164,0.000792,0.000663,-0.001097,0.001268,-0.002063,0.001588
"2018-02-06",-0.03813,-0.007166,0.002621,0.00324,-0.000943,-0.004259,-0.003383,-0.00119,-0.00236
"2018-02-07",-0.017482,-0.000701,-0.003487,-0.006623,0.002785,0.000009,0.002496,0.001497,-0.000432
"2018-02-08",-0.005963,0.00482,-0.00381,0.001126,0.001521,0.003406,-0.001803,0.002521,-0.0018
"2018-02-09",-0.041893,-0.001622,-0.003414,-0.000422,-0.001128,-0.001373,-0.004817,0.001546,-0.002874
"2018-02-12",0.015645,0.003366,-0.00262,0.003661,-0.000197,0.004275,0.000246,0.00234,-0.001307
"2018-02-13",0.009404,0.002189,0.002224,0.003289,-0.000879,-0.000221,-0.001966,-0.000872,0.000985
"2018-02-14",0.005964,0.001384,-0.000079,0.003209,-0.001043,0.00033,-0.001731,-0.0014,-0.00016
"2018-02-22",0.022852,0.003346,0.002098,0.001596,0.000131,0.004979,0.002518,-0.000791,0.000875
"2018-02-23",0.00479,0.001293,0.0005,-0.00193,0.000376,0.00103,0.002325,-0.000502,0.001779
"2018-02-26",0.015535,0.001765,0.00086,-0.003361,0.000137,0.003172,0.003351,0.000654,-0.000955
"2018-02-27",-0.01135,-0.000195,0.000564,-0.005633,-0.000026,0.002441,-0.000136,0.000254,-0.000626
"2018-02-28",-0.004045,0.002055,-0.00132,0.00165,-0.000827,-0.000008,-0.002137,-0.000041,-0.001359
"2018-03-01",0.006929,0.002887,-0.000765,-0.002053,0.000091,0.003082,-0.001831,0.000879,-0.000711
"2018-03-02",-0.006802,-0.000331,0.000415,-0.001234,-0.000481,-0.001328,-0.001215,-0.00164,-0.000329
"2018-03-05",-0.000636,-0.000411,0.000969,-0.004106,-0.000704,-0.00121,0.002464,0.000269,-0.001379
"2018-03-06",0.014396,0.00323,-0.000513,0.001896,0.001665,0.002544,-0.000225,0.000245,0.00107
"2018-03-07",-0.007914,-0.00242,-0.001934,-0.00043,-0.000501,0.000103,-0.000194,-0.000227,0.000541
"2018-03-08",0.006537,0.001138,-0.000968,-0.001806,0.000538,-0.001263,0.003094,0.001663,0.00008
"2018-03-09",0.009101,0.000961,-0.000476,-0.003009,0.00043,0.002398,-0.000208,0.002234,-0.002094
"2018-03-12",0.009033,0.001775,-0.000737,-0.001074,0.001179,0.004904,-0.000927,-0.000002,-0.000885
"2018-03-13",-0.006579,0.000344,-0.001511,-0.001369,0.000849,0.000978,-0.001992,-0.001386,-0.001243
"2018-03-14",-0.006418,-0.000155,0.000382,0.001795,-0.000298,-0.000867,0.00024,0.000338,0.000338
"2018-03-15",0.000396,0.001354,0.003064,0.00384,0.000753,0.00054,-0.002669,-0.001041,-0.000063
"2018-03-16",-0.007775,0.000397,-0.001968,-0.003669,-0.000742,0.000319,-0.002075,-0.000503,0.000515
"2018-03-19",-0.000246,-0.000336,-0.000356,-0.002577,-0.000463,-0.001078,0.000543,0.003434,-0.000946
"2018-03-20",0.002671,0.000726,-0.000767,-0.001432,0.0007,0.00119,-0.001073,0.001814,0.000772
"2018-03-21",-0.003986,0.000069,-0.000214,-0.002393,-0.000477,0.000324,-0.00308,-0.000187,0.000678
"2018-03-22",-0.006978,0.00064,-0.003242,-0.003483,0.001129,-0.000302,0.000388,0.000739,0.00066
"2018-03-23",-0.035866,-0.007608,0.006276,0.00251,-0.002743,-0.004664,-0.004404,0.00018,0.000191
"2018-03-26",0.002187,0.002059,-0.00226,0.00361,0.000423,-0.00005,0.002358,0.002704,-0.001302
"2018-03-27",0.013626,0.002753,-0.002807,-0.002633,0.000244,0.002531,0.001059,0.001344,-0.000826
"2018-03-28",-0.013249,0.000984,-0.004264,-0.001577,-0.000784,-0.002617,0.000628,-0.000694,-0.001386
"2018-03-29",0.012294,0.004522,-0.001185,-0.000398,-0.000051,0.000383,0.00028,-0.000854,0.000866
"2018-03-30",0.005797,0.001925,-0.002336,0.001742,-0.000353,0.001036,0.000703,0.002124,-0.001813
"2018-04-02",-0.000437,0.000174,0.000241,-0.001617,-0.000207,0.000535,-0.00042,0.00039,0.000263
"2018-04-03",-0.008479,-0.000743,-0.000673,0.001222,0.000024,-0.002168,0.001203,0.0005,-0.000151
"2018-04-04",-0.003833,-0.001898,-0.000153,-0.001887,-0.001167,-0.002673,0.000182,-0.000217,0.001407
"2018-04-09",-0.001689,0.000221,-0.001662,-0.00021,-0.001178,-0.003412,0.003289,-0.000432,0.000465
"2018-04-10",0.014394,0.002684,0.000149,0.003919,0.001606,-0.000092,-0.001193,0.000213,0.000384
"2018-04-11",0.004604,-0.000512,-0.002854,-0.000397,-0.000249,-0.000551,0.001034,0.001845,-0.000562
"2018-04-12",-0.007855,-0.001253,-0.001168,0.000097,-0.000284,-0.001632,-0.000374,0.001164,-0.000623
"2018-04-13",-0.005535,0.000806,-0.000754,0.001125,-0.000492,-0.001435,-0.00095,-0.00113,-0.001524
"2018-04-16",-0.012218,-0.001201,0.001188,0.002571,-0.000264,0.000015,-0.00012,0.000124,-0.000875
"2018-04-17",-0.016772,-0.003309,0.00247,-0.001359,-0.000147,-0.003688,-0.000157,-0.002564,0.001047
"2018-04-18",0.007761,0.003076,-0.002054,0.002078,0.000874,0.000833,0.000479,0.00081,-0.001882
"2018-04-19",0.009111,0.002966,0.003335,-0.002195,-0.000289,0.001897,-0.002763,0.000652,0.001587
"2018-04-20",-0.016202,-0.001871,0.003556,0.000483,-0.000956,-0.001834,-0.003077,0.000287,-0.000546
"2018-04-23",-0.003716,0.002318,-0.002002,0.000932,0.002303,-0.002469,0.000218,-0.000127,0.001811
"2018-04-24",0.021458,0.002557,-0.003607,0.003771,-0.000501,0.001171,0.002281,0.001646,-0.001619
"2018-04-25",-0.001609,0.000412,-0.003208,0.000211,0.000691,0.001382,-0.001611,0.002628,-0.000133
"2018-04-26",-0.015155,-0.002067,0.000519,0.001307,-0.002058,-0.002431,-0.003983,-0.000865,-0.000521
"2018-04-27",0.004782,-0.000891,0.000154,0.000997,0.000361,-0.000636,-0.001094,0.000297,-0.001845
"2018-05-02",0.001356,0.000047,0.001259,0.003524,-0.000354,-0.000265,-0.001598,0.001206,0.000028
"2018-05-03",0.008199,0.000794,-0.00163,-0.00081,0.00069,0.001978,0.000752,-0.000278,0.000403
"2018-05-04",-0.001543,-0.001948,-0.001526,0.001385,0.000138,-0.000637,-0.000083,0.000353,-0.000253
"2018-05-07",0.016527,0.002672,-0.001043,0.000852,0.000413,0.002142,0.001832,0.001319,-0.000632
"2018-05-08",0.007459,0.001753,-0.001401,-0.001712,-0.000366,0.002671,0.000228,-0.000255,-0.000302
"2018-05-09",-0.001337,0.000222,-0.002333,-0.000429,-0.000482,-0.000158,0.000662,0.000942,0.000106
"2018-05-10",0.00497,0.001187,-0.001613,-0.001268,-0.000077,-0.00007,-0.000124,0.001085,-0.000222
"2018-05-11",-0.005191,-0.000085,0.002707,0.000549,-0.000784,-0.001179,-0.003068,-0.000981,0.000415
"2018-05-14",0.003961,0.000996,0.003667,0.001463,-0.000433,-0.000704,-0.001787,0.000822,0.00003
"2018-05-15",0.006768,0.001294,-0.002368,0.000734,0.001533,0.001528,0.001462,0.001694,-0.000207
"2018-05-16",-0.004921,-0.001312,0.000802,-0.000766,-0.000123,-0.001622,0.000478,0.001155,-0.000528
"2018-05-17",-0.005796,-0.000045,-0.001804,-0.001259,0.000725,-0.002351,0.002607,-0.000408,0.000444
"2018-05-18",0.009698,0.001146,0.000456,-0.00052,0.00047,-0.000881,-0.000714,0.000072,0.000689
"2018-05-21",0.007578,0.000802,-0.001434,-0.000202,0.00101,0.001549,0.001743,0.000995,0.000307
"2018-05-22",-0.001086,0.000126,-0.001391,-0.000288,0.000372,-0.000049,0.001274,0.001471,-0.000703
"2018-05-23",-0.013511,-0.002388,-0.000728,0.002065,0.000657,-0.000915,-0.000309,-0.000523,0.000071
"2018-05-24",-0.005617,-0.00076,-0.001937,-0.001077,0.000681,0.000581,0.002293,0.00034,0.000438
"2018-05-25",-0.005782,-0.001963,0.00006,-0.001601,-0.000588,-0.002745,0.002757,0.001272,0.000155
"2018-05-28",0.000421,0.001076,0.001733,0.002718,-0.000566,-0.001876,-0.002987,0.002695,0.000188
"2018-05-29",-0.007495,-0.000712,-0.000278,-0.001041,-0.000346,-0.000729,-0.002901,-0.000669,0.000584
"2018-05-30",-0.023063,-0.005244,0.006769,0.005451,-0.001603,-0.001349,-0.005667,0.001155,0.000108
"2018-05-31",0.018185,0.001674,-0.000934,-0.00087,0.000397,-0.000123,0.002659,0.002318,0.000248
"2018-06-01",-0.008454,-0.000275,-0.000642,-0.002696,-0.000998,-0.002997,-0.000689,-0.00007,0.000942
"2018-06-04",0.003724,0.000839,0.000318,0.000924,0.000354,-0.00043,-0.000807,0.00031,0.001392
"2018-06-05",0.011209,0.001788,-0.001017,0.001284,0.000715,0.002372,0.003298,0.001281,-0.000058
"2018-06-06",0.000203,-0.00086,-0.001547,0.000903,0.000175,0.000866,0.00204,0.001879,0.000331
"2018-06-07",-0.002696,0.000137,0.001601,0.000309,-0.000585,0.000989,-0.001182,-0.001035,0.000462
"2018-06-08",-0.014017,-0.001927,-0.001011,0.001761,-0.001305,-0.000023,0.001574,0.000649,-0.001481
"2018-06-11",-0.004649,-0.000184,-0.000044,-0.000863,-0.000719,-0.002226,0.002751,-0.001236,0.000788
"2018-06-12",0.012625,0.002196,0.00138,0.002022,0.000385,0.001062,-0.000848,0.001032,0.001043
"2018-06-13",-0.011202,-0.001478,0.002277,0.001884,-0.001393,-0.001431,-0.000898,-0.000412,0.000354
"2018-06-14",-0.003438,0.001164,-0.000127,-0.000472,0.000085,0.000106,0.001492,-0.001019,0.000698
"2018-06-15",-0.008793,-0.000397,0.004446,0.002467,0.000749,-0.002483,-0.002331,-0.000203,-0.000084
"2018-06-19",-0.044185,-0.007039,0.008977,0.00388,-0.003578,-0.00189,-0.001757,0.000315,-0.001585
"2018-06-20",0.005401,0.00237,-0.002696,0.003716,0.002263,0.002483,0.001666,0.003568,-0.000136
"2018-06-21",-0.013488,-0.001671,0.003039,0.002125,0.001966,-0.00236,-0.001614,0.001866,0.000106
"2018-06-22",0.00903,0.003557,-0.001535,-0.000287,0.002045,0.001948,0.00065,0.002855,-0.000328
"2018-06-25",-0.01087,-0.000262,-0.002861,-0.00092,0.002214,0.000673,0.001318,0.002354,0.000277
"2018-06-26",-0.005505,0.003075,-0.003031,-0.002061,0.002216,0.001655,0.001916,0.001376,0.00016
"2018-06-27",-0.01507,-0.000129,-0.002607,-0.00176,0.001519,-0.000172,0.000607,-0.000958,-0.000214
"2018-06-28",-0.010091,-0.002112,-0.001376,0.000582,-0.000228,-0.002571,-0.001041,-0.000856,-0.00057
"2018-06-29",0.026704,0.004,-0.000359,0.001883,0.001245,0.005977,-0.000219,0.002435,-0.000684
"2018-07-02",-0.022139,-0.001613,-0.00296,0.001217,0.001736,0.005711,-0.003418,-0.000854,0.000243
"2018-07-03",0.002665,0.002936,-0.003741,-0.001973,0.001119,0.000469,0.002819,-0.000192,0.000106
"2018-07-04",-0.010706,-0.003099,0.001859,-0.001033,-0.002274,-0.003246,-0.002658,-0.000952,0.001366
"2018-07-05",-0.015057,-0.003254,0.00254,-0.000246,-0.000146,-0.003706,-0.000967,0.000049,-0.000656
"2018-07-06",0.002723,0.000973,-0.001558,-0.000527,0.001591,0.000124,0.002165,0.000242,-0.000036
"2018-07-09",0.027226,0.003407,-0.000398,0.00343,0.000093,0.00146,0.001517,0.002172,0.000082
"2018-07-10",0.004824,0.001629,-0.002132,0.002385,-0.000411,-0.000727,0.003167,-0.000182,0.00035
"2018-07-11",-0.018315,-0.002154,0.001308,0.004119,-0.00074,-0.00102,-0.000897,0.001315,-0.001572
"2018-07-12",0.02463,0.003096,0.000107,-0.000509,0.001364,0.00262,0.000331,0.001341,-0.000464
"2018-07-13",0.005246,0.003032,-0.000154,0.002379,0.000623,0.001489,-0.004458,0.003141,-0.000071
"2018-07-16",-0.002944,0.000817,-0.001076,0.001349,0.000064,-0.000505,-0.001053,0.000903,0.000548
"2018-07-17",-0.003622,0.001268,-0.002322,-0.00158,-0.00008,0.002656,-0.001136,-0.000786,-0.000517
"2018-07-18",-0.004293,-0.00179,-0.000504,-0.001864,0.00006,-0.001172,-0.002486,-0.000945,0.000907
"2018-07-19",-0.00524,0.000447,0.00229,0.002189,-0.001101,-0.004125,-0.000366,-0.000977,-0.000433
"2018-07-20",0.018733,0.00097,0.000106,-0.000254,0.000475,-0.000259,0.000132,-0.000241,-0.001301
"2018-07-23",0.011221,0.001481,0.002291,-0.000919,-0.000836,-0.003063,0.000441,-0.002609,0.000475
"2018-07-24",0.016131,0.002625,0.000165,-0.003013,0.001987,0.000647,-0.000484,0.000521,0.000933
"2018-07-25",0.000229,-0.000724,-0.00099,-0.001268,0.000043,0.002802,-0.002032,-0.000071,0.001419
"2018-07-26",-0.007467,-0.000851,-0.003763,-0.007048,0.001908,0.002555,-0.005229,-0.000887,0.001796
"2018-07-27",-0.003186,0.001953,-0.000414,0.002205,-0.002256,-0.003271,-0.002532,-0.000979,0.000445
"2018-07-30",-0.004518,0.000841,0.00363,0.000851,-0.001121,-0.004932,-0.00104,-0.00075,0.000401
"2018-07-31",0.002631,0.000222,-0.001955,-0.00009,0.001099,-0.000144,-0.001442,0.00024,-0.000843
"2018-08-01",-0.018997,-0.00089,-0.000629,0.001672,-0.000407,-0.000622,-0.002002,0.000091,-0.000039
"2018-08-02",-0.01975,-0.001478,0.002099,0.003833,0.000355,0.000998,-0.002825,0.001064,0.00123
"2018-08-03",-0.013642,-0.001246,-0.001554,-0.003683,-0.000658,-0.004765,-0.002145,-0.001779,-0.000971
"2018-08-06",-0.016657,-0.002654,-0.000738,-0.001843,0.001232,-0.005548,-0.000029,-0.000557,0.001955
"2018-08-07",0.029336,0.003074,0.001498,0.000488,0.001994,0.002041,0.001163,0.000547,0.001676
"2018-08-08",-0.014338,-0.000845,0.00005,-0.003181,0.000693,-0.002887,-0.003292,-0.001103,-0.000888
"2018-08-09",0.022134,0.003119,-0.000367,0.004015,0.001615,0.003624,0.000177,0.0023,-0.001565
"2018-08-10",0.002537,0.001839,-0.000902,0.001948,0.000245,0.001708,0.001469,0.000982,-0.000717
"2018-08-13",-0.000459,0.000262,-0.000122,0.002654,0.000142,0.001186,0.001621,0.000858,0.000137
"2018-08-14",-0.002727,0.00019,-0.000524,-0.00304,0.000548,0.000348,0.000413,-0.000012,0.001096
"2018-08-15",-0.021963,-0.002198,-0.00117,-0.001003,-0.001827,-0.002326,-0.000314,-0.001697,-0.000218
"2018-08-16",-0.007628,-0.001162,0.000131,-0.000123,-0.000447,-0.003956,0.000237,0.000049,0.000503
"2018-08-17",-0.014971,-0.00252,0.001031,-0.000324,-0.001671,-0.005708,0.000653,-0.001537,0.000263
"2018-08-20",0.007585,0.001022,-0.000096,0.001006,0.000941,-0.001364,0.002871,0.000046,0.000703
"2018-08-21",0.015081,0.002859,0.000569,0.00294,0.00113,0.003322,-0.001633,0.00139,0.000795
"2018-08-22",-0.007364,-0.001026,0.00084,0.000601,0.000261,-0.001206,-0.001481,-0.000067,0.000748
"2018-08-23",0.003409,0.000297,-0.001019,0.000982,0.000549,0.000541,0.001933,0.000659,-0.000049
"2018-08-24",0.002262,-0.000752,0.000109,-0.000003,0.000605,-0.001148,-0.000486,0.000407,-0.000483
"2018-08-27",0.022483,0.002781,0.001426,0.003006,0.000113,0.002233,0.000469,0.000477,-0.000277
"2018-08-28",0.000323,0.000895,-0.00004,0.000077,0.000292,0.000198,-0.000144,0.000266,0.000311
"2018-08-29",-0.00498,0.000445,0.000054,-0.000033,-0.000601,-0.001654,-0.001009,-0.00104,-0.000254
"2018-08-30",-0.012089,-0.001349,0.000596,0.000478,-0.00013,-0.001909,-0.002319,0.000203,-0.000685
"2018-08-31",-0.004933,-0.00047,0.001003,0.000932,-0.000002,-0.001723,-0.001342,-0.002421,0.000362
"2018-09-03",-0.001708,-0.000236,0.000822,-0.000115,0.000762,0.003086,-0.000232,0.000691,0.000409
"2018-09-04",0.010859,0.001623,0.000102,-0.002474,0.00049,0.002539,0.000422,-0.000545,0.000414
"2018-09-05",-0.016485,-0.001932,-0.000532,-0.004061,0.000934,0.00115,-0.001989,0.00008,-0.000581
"2018-09-06",-0.007945,-0.00137,-0.000756,-0.000981,-0.000188,-0.002845,0.0033,-0.000521,0.000702
"2018-09-07",0.004039,0.00142,-0.000742,-0.00325,0.000878,0.003463,-0.001365,0.000692,0.00012
"2018-09-10",-0.015039,-0.003612,0.000832,-0.000992,0.001506,-0.001434,-0.000262,-0.000453,0.000256
"2018-09-11",-0.001357,0.000187,0.000283,-0.002511,0.00056,-0.000129,0.000731,0.000624,0.000496
"2018-09-12",-0.003597,0.000656,-0.001092,-0.003149,-0.000795,-0.002887,0.000362,-0.000912,-0.000589
"2018-09-13",0.00951,0.001512,0.000108,-0.000598,-0.000013,-0.000156,0.000199,-0.000552,0.001228
"2018-09-14",-0.002636,0.000938,0.002457,-0.001273,-0.000627,-0.003939,-0.002814,-0.000438,0.000053
"2018-09-17",-0.012064,-0.00181,0.000644,0.000561,0.000174,-0.00052,-0.001855,-0.000129,0.000338
"2018-09-18",0.019432,0.002462,-0.00163,0.001191,0.002795,0.005408,0.000539,0.001984,0.001498
"2018-09-19",0.012752,0.002001,0.001071,0.000791,-0.000471,0.001785,0.000359,0.000508,0.000142
"2018-09-20",-0.000424,0.000748,0.000096,-0.001726,0.000472,0.001349,-0.000505,-0.000304,0.000162
"2018-09-21",0.024759,0.002099,0.003056,0.000686,-0.000519,-0.001324,0.000347,0.00114,-0.000042
"2018-09-25",-0.005565,-0.001355,-0.000359,0.001971,0.000641,0.001609,-0.000738,0.000044,0.000018
"2018-09-26",0.008921,0.000841,0.000843,0.00167,0.00023,0.002665,-0.001798,0.001994,-0.000662
"2018-09-27",-0.004997,-0.001016,0.003342,0.002016,0.000591,-0.00121,-0.002161,0.00009,0.000397
"2018-09-28",0.009681,0.001404,0.000931,-0.000692,-0.000556,-0.002263,0.001636,0.000795,0.000689
"2018-10-08",-0.036276,-0.004442,-0.000469,-0.000817,-0.000561,-0.003976,-0.00205,-0.002288,0.000383
"2018-10-09",-0.001248,0.00058,-0.001558,-0.003137,-0.000289,-0.00198,0.004075,-0.002286,0.001401
"2018-10-10",0.000765,-0.000799,-0.002154,-0.000105,-0.000432,-0.001743,0.003631,0.000195,0.000065
"2018-10-11",-0.055282,-0.00712,0.005369,0.004559,-0.003855,0.000509,-0.001431,-0.001283,-0.000922
"2018-10-12",0.010179,-0.002947,0.002004,0.007198,-0.001531,0.00026,0.002469,0.001494,-0.001264
"2018-10-15",-0.016404,-0.001991,-0.003935,0.001697,0.000037,0.000166,0.000032,0.000522,-0.001881
"2018-10-16",-0.014915,-0.002474,-0.001559,-0.002986,0.00234,0.000295,0.001269,0.001498,0.000404
"2018-10-17",0.006769,0.002308,-0.001136,-0.001705,0.001758,0.000487,-0.000729,-0.001214,-0.000234
"2018-10-18",-0.02626,0.001155,0.002559,-0.000536,-0.002178,-0.007137,-0.002194,0.001387,-0.001997
"2018-10-19",0.0284,0.004901,0.001493,0.003575,0.0004,0.001683,-0.00007,0.002113,-0.000723
"2018-10-22",0.046487,0.004509,-0.001035,-0.000036,0.00099,0.003423,0.000633,0.00213,0.000623
"2018-10-23",-0.020908,-0.002279,-0.003522,-0.004037,-0.000658,0.005308,-0.001161,-0.001927,0.000222
"2018-10-24",0.002634,0.000812,-0.002045,-0.002746,-0.000312,-0.002356,0.000051,-0.0014,0.000827
"2018-10-25",0.001666,0.000903,0.001857,-0.000876,0.001205,-0.001278,-0.003044,-0.001627,-0.000892
"2018-10-26",-0.003495,-0.000574,-0.002788,-0.002411,0.000831,-0.003213,-0.000565,-0.0019,0.000259
"2018-10-29",-0.022074,-0.002436,-0.000906,-0.001508,0.000344,-0.003893,-0.000342,-0.001737,-0.000865
"2018-10-30",0.011901,0.002034,-0.001708,-0.001255,0.001316,0.000138,0.000485,0.000395,0.00097
"2018-10-31",0.014252,0.00237,-0.000328,0.000824,-0.000343,0.002031,-0.001274,0.002411,0.000148
"2018-11-01",0.005035,0.000965,0.001612,-0.000477,-0.000792,0.00124,0.000109,0.000429,-0.001098
"2018-11-02",0.031782,0.005004,0.003453,0.000346,-0.000318,0.002925,-0.000679,0.003569,-0.000801
"2018-11-05",-0.003429,0.000799,-0.003771,-0.003115,0.00106,0.004213,-0.000974,-0.00093,0.00128
"2018-11-06",-0.003026,0.000486,0.000984,0.000052,-0.00015,-0.00107,-0.002255,-0.001595,0.002285
"2018-11-07",-0.005746,0.000797,-0.002029,0.000098,0.00025,0.00162,-0.001108,0.000358,-0.00082
"2018-11-08",-0.003001,0.000196,-0.002791,-0.003427,-0.000245,0.001733,-0.002136,-0.001624,0.001375
"2018-11-09",-0.010359,0.000908,-0.001908,-0.000679,0.000077,-0.001612,-0.00124,0.000387,-0.000466
"2018-11-12",0.016235,0.003092,-0.003121,-0.003348,0.003124,0.001185,0.000232,0.001071,-0.000663
"2018-11-13",0.011915,0.001099,-0.002669,-0.004857,0.001567,0.001553,-0.002166,-0.000101,-0.001036
"2018-11-14",-0.006591,-0.000396,-0.00176,-0.002467,-0.001653,0.001076,-0.000881,-0.000984,0.000473
"2018-11-15",0.012226,0.001716,-0.001888,-0.001937,-0.001272,-0.002668,0.00322,0.001018,-0.000388
"2018-11-16",0.005584,0.001896,0.00036,-0.003284,-0.001285,0.000048,-0.002617,-0.000599,0.00106
"2018-11-19",0.009297,0.002744,-0.00048,0.000171,-0.000465,-0.002058,-0.000806,-0.002289,0.001675
"2018-11-20",-0.024538,-0.004456,0.00042,0.000833,-0.001066,-0.000775,0.001681,-0.00034,0.00017
"2018-11-21",0.002767,0.001742,-0.003114,-0.002718,0.000569,0.00025,-0.0006,0.000116,0.000012
"2018-11-22",-0.002608,-0.001033,-0.000857,-0.001867,0.000526,-0.001089,-0.000402,-0.000539,0.000361
"2018-11-23",-0.028143,-0.003537,0.005046,0.005196,-0.001456,-0.003199,-0.001642,0.000166,-0.001255
"2018-11-26",-0.003061,0.002014,-0.000449,-0.000364,0.001192,-0.001732,-0.002051,-0.001294,0.000775
"2018-11-27",0.000632,0.000801,-0.002485,0.000215,-0.000009,-0.000466,-0.000721,-0.000315,0.000315
"2018-11-28",0.011161,0.002817,0.00047,-0.000144,0.001798,-0.003826,0.000322,0.001134,-0.001254
"2018-11-29",-0.014476,-0.002673,0.00348,0.001768,-0.00142,-0.001798,-0.002881,0.000698,-0.000107
"2018-11-30",0.009243,0.003238,-0.000328,0.001143,0.000898,-0.000018,0.000008,0.002271,-0.000922
"2018-12-03",0.027992,0.003216,-0.000762,-0.001296,0.001324,0.002041,-0.000532,0.001316,0.0002
"2018-12-04",0.00353,0.00137,-0.002309,-0.000619,0.001319,0.003,0.000531,-0.0001,0.001423
"2018-12-05",-0.004817,-0.000548,0.001491,-0.001021,-0.000808,-0.003616,-0.000713,0.001189,-0.001457
"2018-12-06",-0.019513,-0.003637,-0.001674,0.000206,-0.00118,-0.002532,0.000795,-0.001294,0.000125
"2018-12-07",0.000969,0.000226,0.000535,-0.000497,-0.000543,-0.002929,0.000269,-0.001352,-0.000114
"2018-12-10",-0.010691,-0.001837,0.001509,0.002803,0.000539,-0.000433,-0.000382,0.001817,-0.000536
"2018-12-11",0.005817,0.001368,-0.001336,-0.000925,-0.00113,0.00249,-0.000754,-0.001257,0.000146
"2018-12-12",0.002592,0.00036,0.000051,0.000082,-0.00026,-0.000854,0.000576,0.000231,0.00007
"2018-12-13",0.012831,0.001619,0.00173,0.000746,-0.000174,-0.001307,0.000422,0.001429,0.00044
"2018-12-14",-0.017992,-0.002371,0.003176,-0.000574,-0.002617,-0.003962,-0.000862,0.000205,0.000745
"2018-12-17",-0.00131,0.000519,-0.002698,-0.000961,0.000077,0.000898,0.00215,-0.001123,0.001442
"2018-12-18",-0.008565,-0.002331,-0.000952,0.000633,0.000212,0.00091,0.000014,0.000519,-0.000444
"2018-12-19",-0.011016,-0.002221,-0.001238,-0.00043,0.000213,0.00051,0.000188,-0.000476,0.001009
"2018-12-20",-0.003762,0.002223,-0.003184,0.001493,0.000533,0.002413,0.000108,0.000275,0.000037
"2018-12-21",-0.010037,-0.00244,0.000423,-0.0012,-0.001102,-0.003594,0.001712,0.000051,-0.00079
"2018-12-24",0.00542,0.001458,-0.000469,0.00168,-0.000299,-0.000399,-0.00035,0.001619,-0.000329
"2018-12-25",-0.009369,-0.000925,0.000229,0.003976,-0.002662,0.001,0.000236,-0.000468,-0.00046
"2018-12-26",-0.003112,-0.000631,-0.002148,0.00219,0.000044,0.001823,-0.001561,-0.000957,0.000768
"2018-12-27",-0.005626,-0.001869,0.004021,0.000275,-0.000148,-0.005368,-0.001475,0.000357,-0.001235
"2018-12-28",0.005697,-0.000684,0.001407,0.001554,0.000916,0.000547,-0.002281,0.00005,-0.000445
"2019-01-02",-0.012445,0.000683,-0.004401,-0.001427,0.00007,0.000246,0.000409,-0.001974,0.000767
"2019-01-03",-0.002703,-0.000783,-0.000179,-0.003164,0.00121,-0.00427,-0.001231,-0.000877,0.000173
"2019-01-04",0.023884,0.005194,-0.001604,0.001493,0.003302,0.002826,-0.000653,0.000409,0.000669
"2019-01-07",0.010826,0.003161,-0.001775,-0.000463,0.001083,0.003218,-0.002554,-0.000284,0.000568
"2019-01-08",-0.00139,0.000281,-0.001149,0.001313,0.002301,0.002718,-0.001567,-0.000829,0.000064
"2019-01-09",0.006505,0.000367,-0.00034,0.000861,0.00191,0.002611,-0.000935,0.000641,0.000663
"2019-01-10",-0.00392,0.000261,-0.00172,-0.000948,0.000434,-0.001881,-0.000765,0.000265,-0.000805
"2019-01-11",0.005602,0.000479,-0.000486,-0.002568,0.000817,-0.002573,0.001568,0.000735,0.00033
"2019-01-14",-0.00641,-0.000392,-0.001372,0.00133,-0.000197,-0.00019,-0.000061,-0.001431,-0.000016
"2019-01-15",0.014881,0.003581,0.000887,0.000043,0.000548,-0.000542,-0.000334,0.002156,0.000012
"2019-01-16",-0.000408,-0.000249,-0.000336,0.001152,-0.000591,0.000339,-0.000471,0.001639,-0.000763
"2019-01-17",-0.00474,-0.000976,0.001306,0.000547,0.001432,0.002539,-0.000327,-0.000171,0.000955
"2019-01-18",0.013628,0.001615,0.002059,-0.000849,0.000497,-0.004221,0.000186,0.002813,-0.000025
"2019-01-21",0.005228,0.00099,0.000029,0.000154,-0.000333,0.000811,-0.000693,0.000369,-0.000126
"2019-01-22",-0.012745,-0.001737,-0.001896,0.001553,-0.001158,0.000113,0.000643,-0.000924,-0.000617
"2019-01-23",0.00079,0.001518,-0.000147,0.001586,-0.000463,-0.000138,-0.000108,-0.00015,0.000544
"2019-01-24",0.003846,0.000667,-0.000935,0.000195,0.000378,-0.002355,0.00013,0.000671,-0.000355
"2019-01-25",0.003755,0.000705,0.004211,0.002035,-0.001574,-0.003742,-0.002417,0.00056,-0.001202
"2019-01-28",-0.000578,-0.000255,0.003377,0.002959,-0.001187,-0.002288,-0.00161,0.000135,0.000795
"2019-01-29",-0.001485,-0.000645,0.004934,0.004496,-0.001122,-0.00182,-0.002535,0.000674,-0.000395
"2019-01-30",-0.007745,-0.001236,0.002723,0.001194,-0.000295,-0.003053,-0.002046,0.000672,-0.00126
"2019-01-31",0.001821,-0.000078,0.006223,0.003939,-0.001191,-0.006308,-0.001215,-0.000105,-0.000978
"2019-02-01",0.017564,0.002838,-0.002117,-0.002223,0.000508,0.00282,0.000658,0.000786,-0.001156
"2019-02-11",0.018485,0.00427,-0.002189,0.000594,0.001356,0.005384,-0.000309,0.001711,-0.000194
"2019-02-12",0.009777,0.001471,-0.001967,-0.002225,0.001462,0.005238,-0.001146,-0.000824,-0.00002
"2019-02-13",0.01763,0.002094,0.000656,-0.001898,0.001737,-0.001446,0.001447,-0.000042,0.000201
"2019-02-14",0.001656,0.001955,-0.000439,0.000181,0.00031,0.003989,-0.000175,-0.000046,-0.000018
"2019-02-15",-0.012807,-0.000497,-0.003456,-0.002215,-0.000068,0.00207,-0.000805,-0.002444,-0.000448
"2019-02-18",0.031368,0.004739,-0.000336,-0.000264,0.001114,0.003257,-0.000195,0.000365,-0.000913
"2019-02-19",-0.000745,0.001173,-0.002344,-0.002318,0.001269,0.005778,-0.000345,-0.002377,0.00141
"2019-02-20",0.003095,0.001175,-0.001059,0.000072,0.000599,0.001404,-0.000505,-0.000913,-0.000545
"2019-02-21",-0.002423,0.000625,-0.000432,0.003024,0.000327,0.003762,-0.001769,0.000888,-0.000248
"2019-02-22",0.021762,0.004355,0.000786,0.001221,0.001872,0.002565,0.000784,-0.00084,0.000819
"2019-02-25",0.057332,0.004072,0.004323,-0.002651,0.000728,0.002058,0.001334,-0.000906,0.000277
"2019-02-26",-0.00547,0.000278,0.002399,-0.004936,0.001137,-0.001387,-0.00095,0.001268,0.000029
"2019-02-27",0.000118,-0.000861,-0.001528,-0.002156,0.000413,0.000518,0.00009,0.00005,0.002179
"2019-02-28",-0.002855,-0.002151,-0.002442,-0.000171,0.000054,-0.003652,0.000856,0.000649,-0.000762
"2019-03-01",0.016221,0.002384,0.002437,0.001995,0.000054,0.001912,-0.001553,0.000255,0.000243
"2019-03-04",0.014522,0.003101,0.001779,0.000462,-0.000893,0.005009,-0.000508,-0.001928,0.000182
"2019-03-05",0.011704,0.004976,-0.000548,-0.001996,0.000975,0.005793,-0.001049,-0.002871,0.000846
"2019-03-06",0.013433,0.00193,-0.000289,-0.006892,0.001052,0.0015,0.000169,-0.00113,0.000878
"2019-03-07",-0.000347,0.001017,-0.002053,-0.006045,0.001538,0.001764,0.0008,-0.001113,0.001225
"2019-03-08",-0.042115,-0.001761,0.002796,0.005044,-0.002046,-0.000985,-0.00455,0.001262,-0.001709
"2019-03-11",0.026903,0.000606,-0.004757,-0.000498,0.000384,-0.001747,-0.000474,0.001229,-0.001191
"2019-03-12",0.012114,0.002726,-0.000291,0.000295,-0.000996,0.005136,-0.003216,-0.000043,-0.000061
"2019-03-13",-0.014139,-0.000505,-0.003343,0.002853,-0.000407,0.00259,-0.002028,-0.000743,0.001288
"2019-03-14",-0.015492,-0.003134,0.002108,0.002204,-0.000399,-0.005063,0.001878,0.002273,-0.000721
"2019-03-15",0.012932,0.001563,-0.005108,0.002073,0.000625,-0.000393,-0.00139,0.000202,0.000883
"2019-03-18",0.025721,0.001605,0.00013,0.00149,0.001113,-0.002307,0.000701,0.001396,0.000033
"2019-03-19",-0.001681,0.000791,-0.001286,0.000076,-0.000639,0.001545,-0.000614,-0.000524,-0.000237
"2019-03-20",-0.000751,0.001617,-0.003159,-0.000378,0.000613,-0.00007,0.000259,-0.001921,0.002113
"2019-03-21",0.004473,0.002127,-0.000215,-0.000491,0.00036,0.001676,-0.002077,-0.002344,0.000974
"2019-03-22",0.00199,0.000607,-0.000368,0.001445,0.000372,-0.00107,-0.001394,-0.000935,0.001378
"2019-03-25",-0.01813,-0.00213,-0.002503,0.0006,-0.000827,-0.00109,-0.002314,-0.000213,-0.000018
"2019-03-26",-0.018146,-0.002671,-0.000228,0.001919,-0.001985,-0.000312,-0.000317,0.001239,-0.000476
"2019-03-27",0.010577,-0.001398,-0.00006,0.00016,-0.00131,-0.001469,0.000859,0.00092,0.000546
"2019-03-28",-0.008176,-0.001192,-0.00103,0.001262,-0.000008,-0.002527,-0.001938,0.001878,-0.002251
"2019-03-29",0.033686,0.004728,0.001462,0.001945,0.000932,-0.001018,-0.000407,0.001622,-0.000735
"2019-04-01",0.030272,0.004305,-0.000868,0.000721,-0.00003,0.002406,-0.000491,-0.00019,-0.000351
"2019-04-02",0.000173,0.002901,-0.000967,-0.002433,-0.000901,0.001379,-0.000633,-0.000819,0.000648
"2019-04-03",0.013955,0.001784,0.000624,-0.002573,0.001049,-0.002021,-0.000821,-0.00019,0.001312
"2019-04-04",0.009129,0.000842,0.001056,-0.001182,-0.000878,-0.000889,0.00028,-0.001796,0.00177
"2019-04-08",-0.001402,0.00005,-0.002591,0.000141,-0.000333,0.000322,0.000887,-0.000995,0.002013
"2019-04-09",0.000065,0.000686,-0.002138,-0.000882,0.000428,0.001487,-0.000371,-0.000141,-0.000826
"2019-04-10",0.000315,-0.000932,-0.001637,-0.000642,0.001528,-0.000467,-0.001975,0.001076,0.000029
"2019-04-11",-0.018664,-0.000217,-0.001822,0.000115,0.001891,0.001482,-0.003125,0.000833,0.001131
"2019-04-12",-0.001289,0.000165,-0.000315,0.00185,-0.000317,-0.00124,0.000107,-0.000186,0.000216
"2019-04-15",-0.006445,-0.002219,-0.000916,-0.001459,-0.001293,-0.00057,-0.000112,-0.000224,0.000534
"2019-04-16",0.022518,0.002078,-0.000336,-0.000977,0.00109,0.000007,0.002436,0.000248,0.000773
"2019-04-17",0.003986,0.002354,-0.001375,-0.000804,0.003315,0.005767,-0.002222,0.000945,-0.001043
"2019-04-18",-0.004093,0.000595,-0.000243,0.000425,0.000123,-0.000724,-0.000981,0.000675,-0.000744
"2019-04-19",0.007111,0.000796,-0.001267,-0.000984,0.001745,0.000127,0.000178,0.000493,-0.000518
"2019-04-22",-0.017171,-0.002276,-0.00094,0.001548,0.000284,0.000907,0.000091,0.000524,0.00014
"2019-04-23",-0.00746,0.000878,0.001973,0.003667,-0.001449,0.000797,-0.00241,0.000982,-0.000148
"2019-04-24",0.005734,0.001273,-0.001936,-0.000795,0.002199,0.000125,0.000195,0.000641,-0.001476
"2019-04-25",-0.027065,-0.004076,0.002849,0.003556,-0.001896,-0.003409,-0.001685,0.002825,-0.002025
"2019-04-26",-0.012328,-0.001127,-0.000251,-0.00022,-0.000537,-0.002863,-0.001613,0.000815,-0.000296
"2019-04-29",-0.010013,-0.00496,0.007423,0.003457,-0.001514,-0.008679,-0.003203,0.002155,-0.003563
"2019-04-30",0.007399,0.001814,-0.003903,0.000724,0.00186,0.002513,-0.003283,-0.000733,-0.000931
"2019-05-06",-0.061,-0.006232,0.001524,-0.002132,-0.000083,0.000752,-0.00401,0.003238,-0.002232
"2019-05-07",0.012613,-0.00048,-0.004456,0.000109,0.001419,-0.001251,0.001331,0.001307,0.000995
"2019-05-08",-0.010524,0.000902,-0.003916,0.000317,0.001471,-0.000406,0.000133,-0.001037,-0.000514
"2019-05-09",-0.015666,-0.001092,-0.003788,0.001711,0.000212,-0.003635,0.000784,-0.001301,-0.000207
"2019-05-10",0.032959,0.003868,-0.00039,0.005001,-0.000111,0.003331,0.000972,0.000371,0.000041
"2019-05-13",-0.011375,-0.003082,-0.004186,0.000235,-0.00141,0.000664,-0.000208,-0.000584,0.000898
"2019-05-14",-0.00652,0.000258,-0.000909,0.000988,0.000541,0.002711,-0.000134,0.000031,-0.000436
"2019-05-15",0.020662,0.002588,-0.001544,0.002152,0.001559,0.003771,0.00016,0.001298,0.000349
"2019-05-16",0.005736,-0.000047,-0.000338,-0.002855,-0.00016,-0.001602,-0.000468,-0.001267,0.001169
"2019-05-17",-0.027545,-0.007221,0.002768,0.00013,-0.001334,-0.00375,-0.000385,-0.000676,-0.000268
"2019-05-20",-0.007002,0.000867,-0.000994,0.001205,-0.001052,-0.004875,-0.000341,-0.00155,0.001883
"2019-05-21",0.015607,0.005215,-0.000287,0.0014,-0.000091,0.002441,-0.00096,-0.000124,0.000331
"2019-05-22",-0.004203,-0.001977,-0.000146,0.000471,-0.00192,-0.002667,0.001103,-0.000509,0.000718
"2019-05-23",-0.016967,-0.001965,0.001255,0.000698,-0.000652,-0.003846,-0.000246,-0.001102,0.000565
"2019-05-24",-0.001444,0.001245,-0.001259,0.001694,0.000227,-0.003491,-0.000952,0.001044,-0.000562
"2019-05-27",0.016891,0.002856,-0.002997,0.00092,0.000055,0.002845,0.001094,-0.000437,0.000302
"2019-05-28",0.007049,0.000352,0.0009,0.000517,-0.000389,0.003295,-0.001597,0.000085,0.000359
"2019-05-29",-0.001883,-0.00123,-0.001882,-0.00302,-0.001688,0.000528,0.001148,-0.000107,0.000452
"2019-05-30",-0.00409,-0.001939,0.000343,-0.000428,-0.000426,-0.00295,0.000355,0.001126,0.000516
"2019-05-31",-0.001496,-0.001063,-0.000612,-0.000317,-0.001904,-0.001477,0.000579,-0.000069,-0.000635
"2019-06-03",-0.004788,-0.003038,0.003055,0.000331,-0.000289,-0.004683,0.000963,-0.000386,-0.000111
"2019-06-04",-0.010228,-0.001714,0.001293,0.000246,0.000862,-0.003208,-0.000884,-0.000105,-0.001263
"2019-06-05",-0.000662,-0.002549,-0.002719,-0.002122,0.000043,-0.002589,0.002364,-0.002198,-0.000775
"2019-06-06",-0.01196,-0.002152,0.003047,0.001427,0.00039,-0.003333,-0.000361,-0.000247,-0.000084
"2019-06-10",0.010187,0.000935,-0.00104,-0.000722,0.000525,-0.000217,0.001093,0.000095,-0.000446
"2019-06-11",0.030794,0.005898,-0.000823,0.001625,0.001808,0.004043,0.000888,0.000856,0.000605
"2019-06-12",-0.006283,-0.002891,-0.00119,-0.00201,-0.001117,-0.00122,0.002026,-0.001153,0.000894
"2019-06-13",0.000517,0.003096,-0.002601,-0.000383,0.002703,0.003044,-0.000688,0.000129,-0.000403
"2019-06-14",-0.011187,-0.003125,0.003213,0.00054,-0.001389,-0.004047,-0.003265,0.00031,0.000188
"2019-06-17",0.000874,0.000761,-0.001834,-0.000671,0.001173,-0.000164,-0.000423,0.000545,0.000598
"2019-06-18",0.00086,-0.000143,0.000423,0.000397,0.000062,-0.001077,-0.000228,0.001287,0.000125
"2019-06-19",0.011923,0.002418,-0.001257,0.000169,-0.000256,0.002603,-0.000732,0.001017,-0.000589
"2019-06-20",0.023545,0.004056,0.001119,0.001335,0.0018,-0.000322,0.000175,0.002539,0.000427
"2019-06-21",0.006658,0.00302,-0.005639,-0.00249,0.000952,0.00316,-0.001008,0.001859,-0.000658
"2019-06-24",0.001314,-0.001292,-0.00218,0.002106,0.000857,-0.00001,0.000085,0.000101,0.000343
"2019-06-25",-0.00857,-0.002613,0.00017,0.000099,-0.001102,-0.001619,0.001122,0.000426,0.00049
"2019-06-26",-0.00031,0.000117,-0.000272,0.000399,-0.000722,-0.001725,-0.002514,0.000563,-0.000727
"2019-06-27",0.008884,0.001665,0.001308,0.001815,-0.000068,0.000332,-0.000067,0.001146,-0.000657
"2019-06-28",-0.004477,-0.001534,0.003055,0.00168,-0.001016,-0.002808,-0.000961,0.001593,0.000603
"2019-07-01",0.025105,0.004679,0.000172,-0.000121,0.000974,0.00234,0.000278,0.001052,-0.001284
"2019-07-02",0.001121,0.00051,0.000494,0.000244,-0.000429,-0.000788,-0.001155,0.000612,-0.001728
"2019-07-03",-0.007579,-0.001412,0.001245,-0.001392,0.000092,-0.000931,-0.000208,-0.000548,-0.000256
"2019-07-04",-0.005401,0.000357,0.000158,-0.000523,0.000025,-0.003235,-0.000708,-0.000415,0.000861
"2019-07-05",0.003216,-0.001081,-0.000634,0.001973,-0.000061,-0.000532,0.000283,0.000912,-0.000176
"2019-07-08",-0.025356,-0.003381,0.002164,0.001858,-0.001383,-0.00133,-0.002007,0.000628,-0.000835
"2019-07-09",0.000373,0.00087,-0.000694,-0.000424,-0.00025,-0.000454,0.000382,-0.000343,0.000098
"2019-07-10",-0.003993,-0.000322,-0.000406,0.000416,0.000399,-0.001718,-0.00126,0.000811,-0.000521
"2019-07-11",0.000459,-0.000927,-0.000666,-0.001736,-0.000325,0.000368,-0.000558,0.000494,-0.000002
"2019-07-12",0.006746,0.000703,0.000438,0.000728,-0.000114,-0.000926,-0.00147,-0.000275,0.00018
"2019-07-15",0.007114,0.001779,0.00096,0.003192,0.001219,0.000629,0.000157,-0.000491,0.000466
"2019-07-16",-0.001715,0.000522,-0.00163,-0.001321,-0.00015,0.001366,-0.000017,-0.001584,-0.000124
"2019-07-17",-0.000062,0.000575,-0.000725,0.001044,0.000269,0.000408,0.00006,-0.000268,-0.000096
"2019-07-18",-0.012033,-0.003338,0.001233,0.000874,-0.000232,-0.001895,-0.000724,-0.000697,-0.000392
"2019-07-19",0.009219,0.000327,0.001089,0.00061,-0.001075,-0.001465,0.000493,-0.000728,-0.000188
"2019-07-22",-0.011348,-0.002638,0.005929,0.001288,-0.001193,-0.00518,-0.003281,0.000772,-0.001489
"2019-07-23",0.006039,0.000565,-0.001964,-0.000368,0.000128,0.001782,0.001459,0.000626,0.000092
"2019-07-24",0.00834,0.001224,-0.001321,-0.000225,-0.00048,0.000819,0.000263,0.000097,-0.000428
"2019-07-25",0.006251,-0.000283,0.001151,0.000793,-0.000256,-0.001077,0.00137,0.000089,-0.000103
"2019-07-26",0.002191,0.000933,0.000656,0.001309,-0.000714,-0.00117,-0.001515,0.000375,0.000034
"2019-07-29",-0.000496,-0.001288,0.000321,0.000841,-0.00093,-0.000524,0.000191,0.00004,-0.001049
"2019-07-30",0.004656,0.000871,-0.00088,-0.000413,0.000473,0.000308,-0.000092,0.00118,-0.000635
"2019-07-31",-0.007266,-0.001493,0.000829,-0.000236,-0.000201,-0.001392,-0.000747,0.000981,-0.000504
"2019-08-01",-0.008252,0.000099,-0.001603,-0.001531,-0.000446,-0.00045,-0.000083,0.000161,-0.000933
"2019-08-02",-0.014528,-0.004211,0.000576,0.001765,-0.001188,-0.000976,0.000947,-0.000449,-0.001131
"2019-08-05",-0.01674,-0.002928,-0.001216,0.000274,0.000682,0.001423,0.002162,-0.001473,0.000931
"2019-08-06",-0.016335,-0.004351,0.003835,0.004058,-0.00155,-0.003952,0.003315,0.000047,-0.001635
"2019-08-07",-0.002251,-0.001251,-0.00091,0.000976,-0.000986,-0.000486,-0.001616,-0.000087,-0.000361
"2019-08-08",0.010906,0.001935,0.000182,0.00187,0.001644,0.000351,0.000043,0.002409,0.00015
"2019-08-09",-0.009675,-0.001776,-0.000206,0.000043,0.000156,-0.000958,-0.000791,0.001553,-0.000983
"2019-08-12",0.015384,0.001562,0.000291,0.001025,-0.000466,-0.000973,0.001728,-0.000356,-0.000775
"2019-08-13",-0.007278,-0.002634,-0.000126,-0.000292,-0.000526,0.000687,0.000822,-0.000724,-0.000503
"2019-08-14",0.004585,0.002726,-0.000439,0.000432,0.00043,0.000253,-0.001956,0.002889,-0.000982
"2019-08-15",0.002514,0.001208,0.000498,-0.00022,-0.000748,0.00124,0.000475,0.001021,0.000238
"2019-08-16",0.003649,-0.000324,-0.000139,0.000677,-0.000489,-0.001611,0.000657,0.000715,0.000067
"2019-08-19",0.024143,0.003936,0.000294,-0.000923,-0.00094,-0.000911,0.000888,0.00074,-0.000544
"2019-08-20",-0.001053,0.000586,-0.001213,-0.001559,0.000198,0.002169,0.000087,-0.001069,0.00042
"2019-08-21",-0.001402,0.000613,-0.000681,0.000654,-0.000629,0.000769,-0.000623,-0.000162,0.000457
"2019-08-22",0.001229,0.002558,-0.001087,-0.001313,0.000038,0.001825,-0.001607,-0.00008,0.000107
"2019-08-23",0.003631,-0.000018,0.001183,0.001011,0.000749,0.000414,-0.00113,0.001408,0.000026
"2019-08-26",-0.010047,-0.001555,0.000067,0.00049,-0.000029,0.001309,0.000732,0.000135,-0.000016
"2019-08-27",0.015334,0.002916,-0.000833,-0.002083,0.002088,0.003705,-0.001557,0.000482,-0.000372
"2019-08-28",-0.00234,0.000667,-0.001678,0.000518,0.001418,0.001486,-0.002352,0.000238,-0.000659
"2019-08-29",-0.001825,0.001259,-0.001169,0.001251,0.000881,0.002791,-0.000954,0.000105,0.000666
"2019-08-30",-0.002834,-0.001577,0.002342,0.003754,-0.000354,-0.003793,-0.001041,0.000746,-0.000495
"2019-09-02",0.016362,0.003722,-0.002278,0.001314,0.000418,-0.000342,-0.000175,-0.000016,-0.000103
"2019-09-03",0.002517,0.002002,-0.001077,0.000041,-0.000742,0.00257,-0.000119,-0.000663,0.000383
"2019-09-04",0.008725,0.000877,0.001058,-0.001132,-0.00045,-0.000384,0.001489,-0.001016,0.000762
"2019-09-05",0.009052,0.002636,-0.000152,0.000292,0.00009,0.001249,-0.000286,-0.000165,-0.000197
"2019-09-06",0.00323,0.001655,0.00128,-0.002254,-0.00031,-0.001465,0.000477,0.000928,0.000178
"2019-09-09",0.010981,0.002236,-0.001871,-0.000466,0.000526,0.001751,0.001928,-0.000023,-0.000778
"2019-09-10",-0.001548,0.002135,-0.001228,-0.003864,0.000121,0.005042,-0.002496,0.000846,0.000194
"2019-09-11",-0.004843,-0.000981,-0.000661,-0.000975,-0.000081,0.000084,-0.00009,-0.001354,0.000129
"2019-09-12",0.005848,0.000108,-0.001019,-0.000621,0.000446,-0.000363,0.000274,-0.000599,-0.000194
"2019-09-16",-0.000717,-0.000405,-0.000796,-0.000157,0.000158,0.001847,-0.000328,-0.000218,-0.000159
"2019-09-17",-0.017585,-0.002255,0.000851,0.002402,-0.00218,-0.000488,-0.001011,0.001071,-0.000184
"2019-09-18",0.002537,-0.000907,-0.001355,0.001009,-0.000495,-0.000339,-0.000833,0.001465,-0.000567
"2019-09-19",0.005786,0.000959,-0.001859,0.000535,-0.00041,-0.001401,0.000473,-0.000113,-0.001173
"2019-09-20",0.002368,-0.000129,0.00033,0.001035,-0.000294,-0.000846,-0.001442,0.000728,0.000629
"2019-09-23",-0.010215,-0.002251,0.000131,0.000211,-0.001068,-0.001634,0.00036,0.000062,0.000088
"2019-09-24",0.0022,0.000215,-0.000939,0.002234,-0.000119,-0.001942,-0.000381,0.000809,-0.000779
"2019-09-25",-0.010458,-0.002174,0.002606,0.001119,-0.002581,-0.004869,-0.001458,-0.000008,-0.000669
"2019-09-26",-0.011259,-0.00374,0.003659,-0.00092,-0.001057,-0.006485,-0.00246,0.000937,-0.000872
"2019-09-27",0.002811,0.002791,-0.002164,0.000087,0.000376,0.000138,-0.000718,0.000427,-0.001057
"2019-09-30",-0.008974,-0.00301,0.000602,0.002325,-0.000824,-0.002603,-0.001109,-0.000424,-0.001016
"2019-10-08",0.002972,0.000297,-0.001758,0.001345,-0.000276,0.001482,0.001711,-0.000236,0.000907
"2019-10-09",0.005049,0.000162,-0.004138,0.003492,0.000774,-0.000227,0.001999,-0.000904,-0.000404
"2019-10-10",0.011269,0.001288,0.000185,0.003098,0.000373,0.000418,-0.001447,0.001059,-0.00101
"2019-10-11",0.00703,0.001151,-0.000036,0.000633,0.000194,-0.000213,-0.001627,-0.000429,0.001189
"2019-10-14",0.012024,0.002767,-0.001137,-0.001633,0.000934,0.001534,0.000982,-0.000329,-0.000335
"2019-10-15",-0.007186,-0.001507,-0.000499,-0.000191,-0.001023,-0.002618,-0.003201,-0.000412,-0.000314
"2019-10-16",-0.004136,-0.000976,0.00069,0.001536,-0.000518,-0.001841,-0.000157,0.001261,-0.001183
"2019-10-17",-0.001069,-0.000551,0.000378,0.000842,0.000227,-0.001378,0.000653,0.000874,0.000075
"2019-10-18",-0.013017,-0.001216,0.00072,-0.001801,-0.002747,-0.000441,-0.00133,-0.000113,-0.000425
"2019-10-21",0.001909,0.001551,-0.00156,0.000713,-0.000147,0.000495,-0.002081,-0.000934,-0.00065
"2019-10-22",0.005783,0.001644,-0.001697,0.0013,0.000399,0.000664,-0.0012,0.000506,-0.0006
"2019-10-23",-0.006445,-0.001243,-0.002148,-0.00021,0.000848,-0.002234,0.000507,0.000067,0.000793
"2019-10-24",-0.000564,0.00091,-0.001101,0.000061,-0.000112,-0.001559,-0.000081,0.000091,0.000574
"2019-10-25",0.00771,0.001446,-0.000039,0.002679,0.000074,-0.0006,-0.001283,-0.000326,-0.000558
"2019-10-28",0.009676,0.004417,-0.000363,-0.001124,0.002425,0.003659,0.000033,0.000362,0.000468
"2019-10-29",-0.00749,-0.000963,0.00279,-0.000114,-0.001794,-0.000825,-0.002491,-0.001002,-0.000588
"2019-10-30",-0.005692,-0.000492,0.001308,0.004152,-0.000845,-0.003192,-0.001452,-0.000829,-0.00139
"2019-10-31",-0.004057,-0.00298,0.003129,0.002104,-0.001569,-0.005429,-0.000391,0.000946,-0.000157
"2019-11-01",0.012436,0.001487,-0.000163,0.000635,-0.000441,0.000016,0.000686,-0.000016,0.000144
"2019-11-04",0.006138,0.000018,0.001849,0.002692,-0.000575,-0.00234,0.00156,0.000286,-0.00001
"2019-11-05",0.007029,0.000742,0.002048,0.001353,-0.000624,-0.001698,0.000572,-0.000471,0.00002
"2019-11-06",-0.006698,-0.001269,0.001529,0.000084,-0.001319,-0.003303,-0.000521,0.00008,-0.000994
"2019-11-07",0.002808,0.000994,-0.00102,-0.000042,0.000431,0.001191,0.000809,0.000325,-0.000555
"2019-11-08",-0.004466,-0.000478,-0.000137,0.000004,-0.00116,-0.001828,-0.000754,0.001001,0.000211
"2019-11-11",-0.019315,-0.00143,0.002034,0.00144,-0.001245,-0.000834,-0.001602,-0.000284,-0.000471
"2019-11-12",0.001915,0.000821,-0.001266,-0.001455,0.000764,0.002827,-0.000007,-0.000377,0.000238
"2019-11-13",-0.001669,-0.001982,-0.000814,0.003543,0.000395,-0.001157,0.00072,0.000777,-0.000788
"2019-11-14",0.002796,0.000363,-0.000751,0.002148,0.000152,-0.000401,0.001344,-0.000506,0.000194
"2019-11-15",-0.008382,-0.000692,0.00154,0.002077,-0.000947,-0.001132,-0.00171,0.000675,0.00005
"2019-11-18",0.00753,0.001062,0.000128,-0.000648,-0.000626,0.001495,-0.000827,-0.000866,-0.00087
"2019-11-19",0.011938,0.002073,-0.001612,-0.000121,0.000317,0.00292,-0.000119,0.001093,-0.001038
"2019-11-20",-0.008172,-0.000805,-0.000592,-0.001468,0.000008,0.002067,-0.001028,0.000937,0.000099
"2019-11-21",-0.001902,0.001055,-0.000618,-0.000906,0.001392,-0.000048,-0.00031,0.000442,0.000497
"2019-11-22",-0.007679,-0.000097,0.000502,-0.004152,-0.000986,-0.001129,-0.001984,-0.002132,0.000864
"2019-11-25",0.006613,0.001791,0.002117,-0.003986,0.000341,-0.003741,-0.003198,-0.000927,0.001869
"2019-11-26",0.00261,-0.000555,0.000156,0.002535,0.00069,0.000363,-0.000799,0.000049,-0.001571
"2019-11-27",-0.004189,0.00061,0.000644,0.002399,-0.001405,-0.002208,0.000479,-0.001393,0.000689
"2019-11-28",-0.003412,-0.000434,-0.000301,0.001533,0.000783,0.000283,-0.000423,0.000117,0.000474
"2019-11-29",-0.003969,-0.000048,-0.000444,-0.001997,0.000318,-0.001771,0.000107,-0.000913,0.000039
"2019-12-02",0.001379,0.000763,-0.000598,0.000331,-0.001068,-0.000356,0.000607,-0.000454,0.000003
"2019-12-03",0.003464,0.000449,-0.001269,-0.000022,0.000464,0.00043,0.001255,-0.000608,-0.000419
"2019-12-04",-0.00116,-0.000662,-0.001108,0.000079,0.000119,0.000954,-0.000122,-0.00024,-0.000395
"2019-12-05",0.007876,0.001038,-0.000003,0.001859,-0.000085,-0.000453,0.001327,0.000887,-0.000435
"2019-12-06",0.005421,0.001341,-0.00036,0.000641,-0.000646,0.000998,0.000013,-0.000172,-0.000828
"2019-12-09",0.000535,0.000923,-0.000036,-0.001244,-0.00048,0.002658,0.000678,-0.001151,0.000988
"2019-12-10",0.001077,0.000364,-0.000664,-0.000207,0.000209,0.000748,0.000746,-0.000508,0.000525
"2019-12-11",0.000641,0.000156,-0.000917,0.001559,-0.000274,0.000292,-0.000787,-0.000889,0.000685
"2019-12-12",-0.002613,-0.001192,-0.000355,0.001008,-0.001968,-0.000709,0.000094,-0.0008,-0.000138
"2019-12-13",0.016371,0.002133,0.00016,0.001835,-0.000386,-0.003036,0.001168,0.001297,-0.000645
"2019-12-16",0.008588,0.001533,-0.000333,-0.001675,0.000428,0.001129,0.00272,-0.000331,-0.000851
"2019-12-17",0.012929,0.002897,0.001285,-0.002632,0.001324,0.002933,-0.000908,-0.000833,-0.000383
"2019-12-18",-0.001983,-0.000152,0.000171,-0.003756,-0.000042,0.001307,0.00112,0.000723,0.000693
"2019-12-19",0.000149,0.001159,-0.002292,-0.002576,0.000549,0.0006,-0.000045,-0.000921,-0.000069
"2019-12-20",-0.003781,-0.00239,0.000773,0.001108,-0.00097,-0.003733,-0.000139,0.000334,-0.000979
"2019-12-23",-0.015434,-0.002673,0.001389,0.002883,-0.001605,-0.004515,-0.001878,0.000349,-0.00143
"2019-12-24",0.008839,0.002516,-0.001435,-0.000218,0.000344,-0.001831,0.002698,0.000028,-0.00034
"2019-12-25",0.000829,0.000021,0.000253,0.000572,-0.001013,0.000671,0.001437,-0.00109,0.000254
"2019-12-26",0.008072,0.002004,-0.000527,-0.001683,-0.001043,-0.000141,0.001227,-0.000043,0.000777
"2019-12-27",-0.002454,-0.000759,0.00131,-0.002329,-0.000574,-0.000013,-0.001977,0.000632,-0.000391
"2019-12-30",0.013541,0.000804,0.002316,0.001735,0.000482,-0.004567,-0.001171,0.001176,-0.000471
"2019-12-31",0.005003,0.000086,-0.00075,0.000896,-0.000772,0.000887,-0.000278,-0.000037,0.000325
"2020-01-02",0.014613,0.002751,0.000758,-0.001382,0.000982,0.004305,0.000492,0.000133,0.000963
"2020-01-03",0.000356,-0.00031,-0.000476,-0.002324,-0.000063,0.000218,0.000488,-0.000817,0.000598
"2020-01-06",0.000156,0.000129,0.000216,-0.003265,-0.000727,0.001995,-0.000314,-0.000903,-0.000836
"2020-01-07",0.008691,0.001613,-0.00119,-0.000303,0.001316,0.00367,-0.000988,0.001095,-0.000614
"2020-01-08",-0.013034,-0.0023,0.001537,-0.001465,-0.001322,-0.000761,-0.001809,0.000849,-0.001391
"2020-01-09",0.011781,0.0016,-0.002399,0.004053,0.000734,-0.001486,0.000785,0.000791,-0.001504
"2020-01-10",-0.00107,-0.001447,-0.000858,0.003662,0.000016,-0.002667,0.000414,0.001475,-0.000672
"2020-01-13",0.009587,-0.000154,0.001402,0.002838,-0.000929,-0.000993,0.001391,0.000142,-0.000745
"2020-01-14",-0.003344,0.000916,-0.000832,-0.002519,-0.000303,0.000426,-0.000534,-0.000614,-0.00123
"2020-01-15",-0.004611,-0.001176,0.000355,0.005065,-0.000278,-0.002572,0.001426,-0.000324,0.000002
"2020-01-16",-0.003479,-0.000277,0.001402,0.003233,-0.000111,-0.000806,0.00035,0.001428,-0.000712
"2020-01-17",-0.000447,-0.000446,0.000644,0.000944,-0.000316,-0.002869,0.000306,0.0019,-0.000199
"2020-01-20",0.008939,0.001239,-0.00052,0.003876,0.000899,-0.001156,-0.000961,0.00021,-0.000443
"2020-01-21",-0.014227,-0.001754,-0.001673,0.000613,0.00042,-0.000564,-0.002312,0.00029,0.000343
"2020-01-22",0.004576,0.000035,0.002879,0.004641,-0.000373,-0.003083,0.003943,-0.000844,-0.001574
"2020-01-23",-0.030292,-0.003877,0.00104,-0.001044,-0.001319,-0.003013,-0.001956,0.000477,-0.00041
"2020-02-03",-0.082757,-0.002375,0.002576,-0.001575,-0.001668,0.003146,-0.002902,0.000525,-0.000163
"2020-02-04",0.019094,-0.008748,0.010871,0.011772,-0.001232,-0.007918,0.001523,0.001287,-0.005221
"2020-02-05",0.015251,0.000427,0.000342,-0.007416,-0.000882,0.005906,0.002154,-0.001908,0.000573
"2020-02-06",0.02131,-0.002042,0.001095,-0.00266,0.000417,0.005562,0.001577,-0.001422,-0.000204
"2020-02-07",0.003296,0.001013,-0.001648,-0.002806,-0.000142,0.001924,0.001858,0.000574,-0.001256
"2020-02-10",0.008469,0.002826,-0.003043,0.003867,-0.000533,-0.002781,0.001897,-0.001193,-0.001295
"2020-02-11",0.00394,0.001794,-0.000568,0.005232,0.000385,-0.00273,-0.002388,0.001421,-0.001341
"2020-02-12",0.011156,0.002261,0.000117,-0.000263,0.000363,0.00106,0.001875,-0.001233,-0.001117
"2020-02-13",-0.007298,0.00203,0.002572,0.000751,-0.001154,-0.000531,0.001104,-0.001259,-0.000391
"2020-02-14",0.004789,0.001894,0.000164,0.002097,-0.001029,-0.003852,0.001594,-0.001092,0.00078
"2020-02-17",0.025755,0.003028,-0.002485,0.000514,0.00155,0.000596,0.000316,0.001201,-0.000187
"2020-02-18",0.001318,0.000868,-0.003582,-0.000853,0.001662,0.006465,0.001673,-0.001302,0.000129
"2020-02-19",-0.004412,0.000631,-0.00265,0.001975,0.000546,-0.0029,-0.001603,0.00041,-0.000827
"2020-02-20",0.020854,0.00527,-0.000759,0.002733,0.002567,-0.002084,0.001027,0.000479,0.000034
"2020-02-21",0.006141,-0.000414,-0.000085,0.001701,0.001404,0.002828,0.000437,0.000053,0.000355
"2020-02-24",0.002315,-0.001276,-0.001888,-0.000365,0.000433,0.002137,0.003567,-0.001099,0.000087
"2020-02-25",-0.001775,-0.001231,0.004349,-0.001896,0.001465,0.006898,0.000767,-0.002831,-0.001989
"2020-02-26",-0.013934,0.000429,-0.00259,-0.007292,0.001959,-0.001968,-0.006311,0.000205,0.002017
"2020-02-27",0.00183,-0.000136,-0.003841,0.003659,-0.001045,-0.004096,-0.003209,0.002943,-0.001189
"2020-02-28",-0.038898,-0.009649,0.002648,0.000889,0.000988,0.001117,-0.004421,0.000532,-0.000585
"2020-03-02",0.034081,0.003593,-0.00164,0.000057,-0.001119,-0.002905,0.003809,-0.001211,0.001057
"2020-03-03",0.006558,0.002442,-0.001626,0.000767,0.001443,0.002462,-0.00096,0.001734,-0.000516
"2020-03-04",0.004417,0.002016,-0.004589,-0.001336,-0.000509,-0.004388,0.002504,0.000681,0.000532
"2020-03-05",0.019576,0.002783,-0.001643,-0.003251,0.000418,0.002055,-0.0007,0.000652,0.001173
"2020-03-06",-0.011508,-0.002809,-0.002314,-0.003027,-0.000394,0.004286,-0.004012,-0.001338,-0.000684
"2020-03-09",-0.033305,-0.005334,-0.002139,-0.007432,-0.000764,0.002037,-0.001296,-0.002634,0.001754
"2020-03-10",0.02078,0.005935,-0.000745,0.004817,0.001709,-0.002878,0.000621,0.000058,-0.000043
"2020-03-11",-0.011914,-0.001541,-0.001829,-0.005562,-0.001691,0.000975,-0.001897,-0.00223,-0.000205
"2020-03-12",-0.018185,-0.002002,-0.001154,-0.001553,-0.000055,-0.001518,0.001557,-0.001686,0.000545
"2020-03-13",-0.009682,-0.000269,-0.000799,0.004907,0.001962,-0.004924,0.000356,-0.000184,0.000924
"2020-03-16",-0.040294,-0.009398,-0.0039,-0.004754,0.002523,-0.001089,0.00032,-0.000255,0.00209
"2020-03-17",-0.003005,-0.00003,-0.00153,0.007977,0.002291,-0.006501,0.000842,0.000217,0.000156
"2020-03-18",-0.017744,-0.001831,-0.001568,0.00267,-0.002107,-0.001275,-0.001792,0.001583,-0.00068
"2020-03-19",-0.006586,0.002498,-0.005133,0.004372,0.001166,-0.001897,0.003071,0.00056,0.00123
"2020-03-20",0.014524,0.000222,-0.00174,-0.00104,-0.001379,-0.002619,-0.001111,0.000244,-0.000459
"2020-03-23",-0.035541,-0.006244,-0.00241,-0.003706,0,-0.005553,-0.001713,0.001646,0.001725
"2020-03-24",0.023444,0.003354,-0.000726,0.002839,0.000801,-0.004921,-0.000378,-0.00013,-0.000367
"2020-03-25",0.025052,0.003592,0.000276,0.002948,0.000851,0.004545,-0.00154,0.000702,-0.001435
"2020-03-26",-0.006281,-0.003142,-0.000009,0.001851,0.000235,-0.002217,0.000226,0.000514,-0.000646
"2020-03-27",0.001598,0.000011,0.000584,0.001602,0.000346,-0.005293,-0.001248,0.001403,-0.000268
"2020-03-30",-0.012337,-0.003344,0.003063,0.000747,-0.00032,-0.002349,-0.000792,-0.000661,0.00063
"2020-03-31",0.003971,-0.001119,0.00172,0.001218,-0.002042,-0.002791,-0.001384,0.001596,-0.000489
"2020-04-01",-0.005514,0.001844,-0.000671,0.002719,0.000191,0.000205,-0.000301,0.000234,-0.0013
"2020-04-02",0.017519,0.00385,-0.000054,0.002897,0.000936,0.006989,-0.001307,-0.000278,-0.00047
"2020-04-03",-0.005896,-0.002734,-0.001168,-0.001591,-0.002848,0.00095,-0.000575,-0.001026,-0.000381
"2020-04-07",0.024421,0.003012,-0.000747,0.000285,0.000334,0.004298,0.002213,-0.000392,0.0011
"2020-04-08",-0.00271,0.002348,-0.004047,-0.001644,0.001059,0.000994,-0.001341,0.000154,0.00145
"2020-04-09",0.006014,0.001496,-0.001061,0.001045,-0.000278,0.000672,-0.001338,0.00078,0.001309
"2020-04-10",-0.013106,-0.002627,0.001613,-0.000702,-0.001023,-0.005511,-0.002131,0.001447,-0.000007
"2020-04-13",-0.005854,-0.004323,0.000669,0.002821,0.00036,-0.005286,0.002015,0.000222,0.00041
"2020-04-14",0.019168,0.002577,0.001412,0.001621,0.00014,0.003874,-0.000289,0.000516,-0.001728
"2020-04-15",-0.00629,-0.001168,0.001704,-0.000414,-0.000251,0.002102,0.000645,0.000789,-0.000233
"2020-04-16",0.003853,-0.000719,0.000822,0.002065,0.001183,-0.000038,0.000711,0.001069,-0.000492
"2020-04-17",0.004423,0.002383,0.002122,0.002087,-0.002178,-0.000133,-0.002063,-0.000522,-0.001802
"2020-04-20",0.005578,0.001174,-0.00027,0.002156,-0.00192,0.000792,0.000942,-0.000253,-0.000134
"2020-04-21",-0.009413,-0.000899,-0.002305,0.002108,0.000783,-0.00003,0.000668,0.000356,0.00014
"2020-04-22",0.007735,0.001751,-0.000496,0.000768,0.000858,0.000046,-0.000788,0.00028,-0.00007
"2020-04-23",-0.002309,-0.001392,0.00171,-0.003626,-0.002024,-0.000128,-0.002261,-0.000172,0.000676
"2020-04-24",-0.010143,-0.000641,0.001728,0.002625,-0.001972,-0.006518,-0.003686,0.000592,-0.001102
"2020-04-27",0.003599,-0.001083,0.002364,0.003893,-0.001216,-0.005399,-0.002006,0.001533,-0.000421
"2020-04-28",0.001754,0.001677,0.006553,0.008767,-0.00199,-0.003787,-0.002735,0.002133,-0.001938
"2020-04-29",0.002387,-0.000638,0.001039,0.000193,0.000201,-0.002883,-0.000086,-0.001111,-0.002344
"2020-04-30",0.015642,0.005306,0.000684,-0.001722,0.002715,0.005359,0.001128,-0.000468,-0.000402
"2020-05-06",0.009225,0.002992,-0.000737,-0.001005,0.000965,0.00381,0.003939,0.001065,0.000619
"2020-05-07",-0.001961,-0.00127,-0.000194,0.00304,-0.00015,-0.001509,0.000012,0.002106,0.00027
"2020-05-08",0.010307,0.001959,-0.000066,-0.000748,-0.001499,0.000127,-0.000545,0.000259,-0.000603
"2020-05-11",-0.002437,-0.000231,0.000933,-0.001983,-0.000559,0.000667,0.002077,-0.000281,0.000419
"2020-05-12",0.000595,-0.001187,0.001453,0.004586,-0.000779,-0.00284,0.00092,0.000186,-0.00122
"2020-05-13",0.004524,0.001137,-0.001449,0.002361,0.000956,0.001879,-0.000764,0.001481,-0.002005
"2020-05-14",-0.010469,-0.000348,0.000197,-0.001415,-0.000807,-0.000991,0.000203,0.000598,0.000546
"2020-05-15",-0.000101,0.000969,-0.001233,0.001177,0.001399,0.001794,0.000172,-0.001225,-0.001053
"2020-05-18",0.001626,-0.004512,-0.000213,0.001707,-0.002448,-0.007402,-0.000008,0.000386,0.00025
"2020-05-19",0.009944,0.001201,0.001004,-0.001177,-0.000227,0.002677,0.000939,0.001448,-0.000697
"2020-05-20",-0.007254,-0.000039,0.000943,-0.005418,-0.001394,0.00338,-0.002698,-0.000893,0.000138
"2020-05-21",-0.007109,-0.000771,-0.002687,-0.000078,-0.000727,-0.003324,-0.004541,0.0004,0.000076
"2020-05-22",-0.019316,-0.002644,-0.002362,0.000213,-0.000845,-0.003302,-0.001553,-0.001745,-0.000492
"2020-05-25",0.001479,-0.001188,-0.002353,0.003972,-0.000265,-0.003394,-0.001634,-0.000234,-0.000296
"2020-05-26",0.014218,0.002683,0.00009,-0.00205,-0.0005,0.00608,0.000717,0.00153,-0.001948
"2020-05-27",-0.005878,-0.00172,-0.000936,-0.004561,-0.001539,-0.000714,-0.001457,-0.000617,-0.000906
"2020-05-28",0.001197,0.000472,-0.000288,0.002485,-0.001241,-0.002209,-0.002536,-0.000028,0.000151
"2020-05-29",0.005977,0.000663,0.000321,0.002287,-0.000603,0.001277,-0.002966,0.000682,-0.002247
"2020-06-01",0.024145,0.006619,0.002593,-0.001597,0.000237,0.007205,0.000981,0.000278,0.000017
"2020-06-02",-0.000185,0.002069,-0.002224,-0.004864,0.000509,0.001438,0.000694,-0.003375,0.00003
"2020-06-03",-0.000056,0.000344,0.000482,0.000854,-0.000908,0.003328,-0.001507,-0.001569,0.000043
"2020-06-04",0.000757,0.001562,-0.001939,-0.000473,-0.001602,-0.002848,-0.001673,0.000247,-0.001147
"2020-06-05",0.00361,0.002062,0.001105,0.001011,0.000018,-0.000582,-0.002286,0.0009,-0.00108
"2020-06-08",0.000912,0.001104,0.001577,-0.001241,-0.000487,-0.002235,0.000328,0.000512,0.000583
"2020-06-09",0.007224,0.001702,-0.000525,0.001985,0.001198,0.000917,-0.000772,0.002916,-0.000277
"2020-06-10",-0.000239,-0.000984,-0.000061,0.005148,-0.000227,-0.001537,-0.001467,0.001536,-0.001
"2020-06-11",-0.007497,-0.000049,-0.000621,0.000257,0.001436,0.002374,0.00028,0.001312,0.000073
"2020-06-12",0.000648,-0.00038,-0.000002,0.001369,0.001033,0.001209,0.000169,0.001443,-0.000248
"2020-06-15",-0.007477,-0.00207,-0.003018,-0.001262,0.002355,0.002625,0.001829,0.001012,-0.001054
"2020-06-16",0.015549,0.003533,0.001136,0.003299,-0.001393,-0.001677,0.00122,0.000571,-0.000372
"2020-06-17",0.002276,-0.000529,-0.000749,-0.001697,0.000305,0.00078,-0.000123,0.001287,0.001776
"2020-06-18",0.003697,0.001722,0.000207,0.000614,0.001916,-0.001103,-0.00087,0.000679,-0.000452
"2020-06-19",0.012466,0.002938,0.002723,0.003781,-0.000814,-0.001885,-0.001995,0.000104,-0.000911
"2020-06-22",0.000373,0.000508,-0.000716,0.001765,0.000608,0.000728,0.002655,-0.001125,0.000287
"2020-06-23",0.005455,0.000731,0.001249,0.004689,-0.001141,-0.002632,-0.002061,0.002002,-0.001745
"2020-06-24",0.003395,-0.000529,0.002277,-0.001407,-0.001821,-0.001197,0.000839,0.001447,-0.001488
"2020-06-29",-0.005703,-0.002275,-0.000795,0.004319,-0.000623,-0.002627,0.000337,0.000745,-0.000788
"2020-06-30",0.015631,0.002677,-0.000053,0.002156,-0.000278,-0.000129,-0.000218,0.002812,-0.000122
"2020-07-01",0.01322,0.002676,0.002589,-0.003506,-0.000196,0.001196,0.001062,0.000207,0.001136
"2020-07-02",0.018953,0.002029,0.002836,-0.005751,0.000816,-0.000021,0.002998,-0.002949,0.001986
"2020-07-03",0.018255,0.001862,0.001406,-0.002621,0.002161,0.002315,-0.000981,-0.000221,0.001109
"2020-07-06",0.05156,0.003605,0.005259,-0.007651,0.003595,0.004624,0.003142,-0.00335,0.00144
"2020-07-07",0.006533,0.001233,0.002062,0.002733,-0.00121,0.005851,-0.00078,0.001241,-0.00239
"2020-07-08",0.018916,0.003678,0.001019,-0.001311,-0.000198,0.000836,0.001289,-0.001578,0.001722
"2020-07-09",0.019101,0.001157,-0.000745,-0.002416,-0.002048,0.00601,-0.000516,0.002376,0.000525
"2020-07-10",-0.01122,-0.001311,0.000948,0.006808,-0.001003,-0.000454,-0.00116,-0.000783,-0.001501
"2020-07-13",0.025061,0.00045,-0.000731,0.000859,0.000894,-0.001669,0.005431,-0.00104,0.000658
"2020-07-14",-0.00816,0.000147,-0.00384,-0.000731,0.000749,0.000454,-0.00275,0.001071,0.000235
"2020-07-15",-0.013327,-0.001676,-0.001932,0.004816,-0.002597,-0.004046,-0.008819,0.003124,-0.002295
"2020-07-16",-0.046153,-0.001233,-0.003353,-0.000317,-0.000731,-0.005276,-0.00446,-0.002849,0.000027
"2020-07-17",0.004057,-0.001822,-0.000754,0.00573,-0.002472,-0.004118,-0.000508,0.000606,-0.000842
"2020-07-20",0.029636,0.002685,-0.001386,-0.001792,0.000087,-0.003043,0.003004,-0.003867,0.002508
"2020-07-21",0.004628,-0.000458,-0.000178,0.004803,-0.000378,0.001382,-0.005243,0.000786,-0.00106
"2020-07-22",0.006222,0.002455,0.000931,0.001803,-0.001696,0.001041,-0.002481,0.001329,-0.000075
"2020-07-23",-0.000939,0.000335,-0.000407,0.002387,-0.000049,0.002083,-0.003018,0.000449,0.000206
"2020-07-24",-0.043912,-0.004453,-0.003069,-0.005075,0.000378,-0.001975,-0.002552,-0.00118,0.00135
"2020-07-27",0.003497,-0.002741,0.00144,0.000106,0.000052,-0.002074,0.001309,0.001171,0.001297
"2020-07-28",0.009738,0.000847,-0.002532,0.001491,-0.002665,0.000275,-0.001556,0.000403,-0.001635
"2020-07-29",0.023778,0.003328,0.002268,0.002269,0.000134,0.002657,0.001608,-0.000082,0.000002
"2020-07-30",-0.00351,0.000714,-0.000082,-0.001808,0.001294,0.00132,-0.000313,0.000223,0.000101
"2020-07-31",0.007908,0.001176,-0.001205,0.001279,0.00081,0.003013,0.00149,0.000427,0.000195
"2020-08-03",0.02079,0.003963,-0.001141,-0.001714,-0.000438,0.00336,0.000751,-0.002329,-0.00011
"2020-08-04",-0.000762,-0.000946,0.000082,0.000014,-0.00297,-0.004607,-0.002185,-0.000085,-0.001205
"2020-08-05",0.005222,-0.001493,-0.000143,-0.000402,-0.003159,0.001636,-0.000277,-0.000744,0.001461
"2020-08-06",-0.000878,0.001004,0.001281,-0.00012,-0.002312,-0.001639,-0.00162,-0.002686,0.001102
"2020-08-07",-0.01043,-0.001924,0.002301,-0.002493,-0.001453,0.002196,-0.002313,0.000012,0.000621
"2020-08-10",0.005871,-0.000855,-0.002136,-0.003344,0.000644,-0.000965,-0.000668,-0.001023,-0.001051
"2020-08-11",-0.012119,-0.001607,0.001298,0.000342,-0.000608,-0.001723,-0.001698,0.001489,-0.000164
"2020-08-12",-0.009615,0.000985,-0.002218,-0.005621,0.000975,-0.000994,0.001685,-0.003124,0.000922
"2020-08-13",0.000555,-0.001115,-0.001652,-0.001583,0.002133,-0.000828,-0.000076,-0.000243,-0.00002
"2020-08-14",0.013272,0.001576,-0.000598,0.00287,-0.002718,-0.003741,-0.0026,0.001517,-0.001348
"2020-08-17",0.021346,0.003872,0.000537,-0.000439,-0.001413,0.002004,0.001844,-0.000898,0.001451
"2020-08-18",0.002897,-0.001281,-0.000785,-0.000759,0.000043,0.005806,-0.001414,0.001931,0.00034
"2020-08-19",-0.011841,-0.003028,-0.001439,-0.001855,-0.000321,-0.003708,-0.002705,0.000636,0.000255
"2020-08-20",-0.013871,-0.001325,-0.002626,0.000596,0.000202,-0.003383,0.00111,-0.000431,-0.000519
"2020-08-21",0.008872,-0.000217,-0.000639,0.002258,-0.001153,-0.002418,-0.001957,0.00184,-0.001509
"2020-08-24",0.00589,0.000436,0.001253,0.002006,-0.002499,-0.003491,0.000447,-0.000461,-0.001415
"2020-08-25",-0.003212,0.000585,-0.004942,-0.000647,-0.003182,-0.00244,-0.000887,-0.000358,-0.002528
"2020-08-26",-0.014593,-0.002961,-0.000007,-0.000274,0.000327,-0.003953,-0.000754,0.001004,-0.000948
"2020-08-27",0.008124,0.000585,-0.00511,0.002178,0.001634,-0.00085,0.000257,0.000682,-0.000621
"2020-08-28",0.019165,0.000522,0.002202,0.005703,-0.001063,-0.004259,0.00078,0.000729,0.000619
"2020-08-31",-0.00391,-0.000368,-0.00027,-0.001475,-0.000778,0.000409,0.001051,-0.00041,-0.000208
"2020-09-01",0.005137,0.000509,0.000733,-0.002426,-0.000707,0.002236,-0.001333,-0.000173,-0.000939
"2020-09-02",-0.000435,0.001308,-0.00271,-0.005166,-0.001298,0.001524,-0.000629,0.000286,-0.00109
"2020-09-03",-0.005642,-0.000561,0.000033,-0.00059,0.000144,-0.00131,-0.002133,-0.000065,-0.000347
"2020-09-04",-0.009277,0.000643,-0.004144,-0.005333,-0.000501,0.004107,0.000529,-0.002759,0.000177
"2020-09-07",-0.022123,-0.000507,-0.002495,-0.011657,0.000226,0.005034,0.001516,-0.002443,0.001448
"2020-09-08",0.003959,-0.000738,-0.001587,-0.009587,0.002336,0.002805,0.001452,-0.000997,0.001541
"2020-09-09",-0.024524,-0.001852,-0.00257,0.000744,0.004719,-0.007481,-0.003822,0.001048,0.000871
"2020-09-10",-0.009222,0.000146,0.009784,0.015284,-0.000271,-0.01074,-0.005909,0.00348,-0.000635
"2020-09-11",0.010339,0.002046,-0.002148,0.001672,-0.000139,0.004231,0.000247,0.000341,-0.001413
"2020-09-14",0.005678,0.001098,-0.002175,-0.010278,-0.001243,0.013299,0.003115,-0.001423,-0.001132
"2020-09-15",0.007167,0.002753,0.002504,0.004991,0.000919,-0.000029,-0.000238,0.001247,-0.000469
"2020-09-16",-0.004271,-0.000673,0.002807,-0.00156,0.000496,-0.000786,-0.00132,-0.001593,-0.000794
"2020-09-17",-0.001707,0.000972,0.0003,-0.001155,-0.001709,0.000547,-0.001023,-0.000586,-0.001706
"2020-09-18",0.018927,0.004292,0.000103,0.002781,-0.000471,-0.001622,0.000618,0.000088,0.001255
"2020-09-21",-0.006845,0.000517,-0.001082,-0.000318,0.000533,0.00145,0.000846,-0.000919,0.00111
"2020-09-22",-0.012387,-0.00207,-0.000693,0.002324,0.000083,-0.001395,0.00015,0.001205,-0.000371
"2020-09-23",0.004214,-0.000079,-0.002214,0.001081,0.001652,0.004423,-0.000089,0.001986,-0.001514
"2020-09-24",-0.019697,-0.001236,0.00232,0.001754,-0.000557,-0.004574,-0.002084,0.000525,0.000638
"2020-09-25",-0.000638,0.000092,-0.000636,0.0026,0.000317,-0.001632,-0.001884,0.000695,-0.001005
"2020-09-28",-0.002182,-0.000566,0.003062,0.00286,0.000774,-0.003991,-0.001025,0.001869,-0.001067
"2020-09-29",0.005372,0.000244,-0.000113,0.000219,0.000035,0.000237,0.001473,0.000142,-0.001689
"2020-09-30",-0.001483,-0.000934,-0.000236,0.001575,-0.00058,0.000178,-0.001122,0.000964,-0.000853
"2020-10-09",0.02072,0.003479,-0.001883,-0.001818,0.000763,0.007494,0.001892,-0.000075,-0.000019
"2020-10-12",0.027525,0.004357,-0.001672,-0.002128,0.001313,0.007833,0.00145,0.000061,0.000361
"2020-10-13",0.002914,-0.000231,-0.000311,0.002786,-0.000997,0.003369,-0.000531,0.000479,-0.000642
"2020-10-14",-0.006906,-0.003011,-0.00062,0.002664,-0.001568,-0.003953,0.001116,-0.000082,-0.000919
"2020-10-15",-0.003652,-0.001715,-0.001505,0.001889,-0.000202,-0.0057,0.000139,0.000648,-0.000192
"2020-10-16",-0.002057,-0.000333,-0.004035,-0.001169,0.001134,0.002999,0.001121,0.000465,0.000738
"2020-10-19",-0.009118,0.000506,-0.000555,-0.004367,-0.000075,0.002155,0.000096,-0.00172,-0.000409
"2020-10-20",0.008273,0.00127,-0.000111,0.00029,-0.000881,0.000973,0.000249,0.000683,-0.000111
"2020-10-21",-0.003933,-0.00237,0.001915,-0.00261,-0.00017,-0.001554,-0.001626,0.001287,-0.000126
"2020-10-22",-0.005005,0.001212,-0.001548,-0.0018,-0.000243,-0.001721,0.001369,0.000232,0.00004
"2020-10-23",-0.01381,-0.001127,-0.00019,-0.003886,-0.000495,-0.002396,-0.002027,-0.00196,0.000855
"2020-10-26",-0.003424,-0.000946,-0.000596,0.001293,0.000634,0.001217,0.002058,0.002184,-0.000944
"2020-10-27",0.004116,0.000467,-0.000312,0.005248,-0.000456,-0.001201,-0.001861,0.000171,-0.00147
"2020-10-28",0.006569,0.001496,0.001488,0.001799,0.000013,-0.002125,-0.000018,0.002853,-0.000822
"2020-10-29",0.004888,-0.000456,0.000409,0.003151,0.000027,-0.001823,-0.000047,0.000666,-0.000508
"2020-10-30",-0.0174,-0.002319,0.004916,0.001835,0.000619,-0.003314,-0.003122,0.000213,-0.001099
"2020-11-02",0.005448,0.000669,-0.000145,0.003107,-0.000278,0.000809,0.000396,0.001552,-0.001534
"2020-11-03",0.013635,0.00349,-0.002357,-0.004287,0.000237,0.003642,-0.000107,-0.000445,0.001629
"2020-11-04",0.003436,-0.000632,0.001517,0.001899,-0.00289,-0.003722,0.000374,-0.000833,0.000578
"2020-11-05",0.015237,0.003187,0.001302,-0.001238,-0.000003,0.001012,0.000802,-0.00091,-0.00063
"2020-11-06",-0.003109,0.000158,0.002854,-0.001091,-0.001629,-0.004455,-0.00302,-0.001597,0.001013
"2020-11-09",0.019127,0.004866,-0.000333,-0.003245,0.000718,0.00615,0.002217,-0.000974,0.000141
"2020-11-10",-0.005315,-0.001799,0.000732,0.000336,-0.002453,-0.003878,-0.002117,-0.001421,-0.00062
"2020-11-11",-0.008672,-0.002343,-0.000584,0.000071,-0.000077,-0.00374,-0.003037,-0.000852,0.001571
"2020-11-12",0.003295,0.000922,0.000158,-0.00005,0.000449,-0.000492,-0.000824,0.000437,-0.000698
"2020-11-13",-0.007006,0.000217,-0.00069,0.000687,-0.00124,-0.003097,-0.000345,-0.000336,-0.000741
"2020-11-16",0.010607,0.001059,0.000418,-0.001627,0.000639,-0.002764,-0.001274,-0.000486,0.001183
"2020-11-17",-0.003954,-0.000506,0.000796,-0.003133,0.000388,-0.001534,-0.000955,-0.000393,0.000086
"2020-11-18",-0.000856,0.000082,-0.002316,-0.003755,-0.000303,0.001816,0.000797,-0.00045,0.001825
"2020-11-19",0.006663,0.000368,-0.00124,0.004383,-0.000128,0.002101,-0.002478,0.000315,-0.000901
"2020-11-20",0.006732,0.000786,0.001964,0.001944,0.000193,-0.001861,-0.000689,-0.000449,0.000654
"2020-11-23",0.008911,0.001526,0.002692,0.000477,0.002137,-0.000866,0.000936,-0.001164,0.00161
"2020-11-24",-0.003196,0.000647,0.000654,-0.001198,-0.000475,-0.001305,0.000359,-0.001293,-0.000409
"2020-11-25",-0.01613,-0.000017,-0.001304,-0.003617,0.000002,-0.000843,-0.000096,-0.002337,-0.000288
"2020-11-26",0.000253,-0.000026,-0.000268,-0.000387,0.00114,-0.000702,-0.000487,0.000397,0.000103
"2020-11-27",0.009508,0.000287,0.001472,0.001133,0.000407,-0.001957,-0.001866,0.000432,0.000067
"2020-11-30",-0.00235,0.002292,-0.000546,-0.003847,0.001075,0.003115,-0.000056,0.000012,-0.000315
"2020-12-01",0.018106,0.001466,0.000689,0.001234,0.00055,0.000656,0.000712,0.001261,-0.000464
"2020-12-02",0.000345,0.000963,-0.000512,-0.001693,-0.000936,-0.000036,-0.001469,0.000211,0.000103
"2020-12-03",0.000043,-0.000188,-0.000727,-0.001255,-0.000958,0.00082,-0.001558,0.000567,0.000272
"2020-12-04",0.002771,0.00029,-0.000906,0.002495,-0.001051,-0.000654,-0.001535,-0.000002,-0.000139
"2020-12-07",-0.006804,0.000994,-0.000137,0.002414,0.000609,-0.000402,-0.001285,0.000342,-0.001221
"2020-12-08",-0.000429,0.000839,0.00015,0.003899,0.000955,-0.000552,-0.000307,0.000492,-0.000645
"2020-12-09",-0.014037,0.000333,-0.000345,0.00136,0.000811,-0.000664,-0.002033,0,-0.000628
"2020-12-10",0.001382,0.000634,-0.000579,0.002702,0.001609,-0.001086,0.000073,0.000477,-0.000088
"2020-12-11",-0.00901,-0.001495,0.002473,0.000114,-0.000745,-0.00008,0.000095,-0.000988,-0.000115
"2020-12-14",0.00844,0.001119,0.000466,0.002034,0.000525,0.001574,0.001157,0.001698,-0.001096
"2020-12-15",0.001958,0.001686,0.001371,0.003008,0.000359,-0.00099,-0.001284,0.001858,0.000185
"2020-12-16",0.000561,-0.000469,0.004439,0.002884,0.001134,-0.002473,-0.002095,-0.000133,-0.000533
"2020-12-17",0.009991,0.003577,-0.000315,0.000798,0.002309,0.001131,0.000672,0.001381,0.000924
"2020-12-18",-0.002458,0.000124,0.002469,0.002273,0.002177,-0.001084,0.000529,-0.002592,0.000673
"2020-12-21",0.011193,0.001265,0.00384,0.003106,0.00025,0.001144,0.000764,-0.000981,0.000686
"2020-12-22",-0.019525,-0.001482,0.000739,-0.001168,0.001256,0.002258,-0.000984,0.000309,-0.000041
"2020-12-23",0.007921,0.001571,0.002937,0.003509,0.002134,-0.000162,0.002574,-0.002023,0.001154
"2020-12-24",-0.00771,-0.00082,0.003132,0.004611,-0.002066,-0.00189,-0.003465,-0.000655,0.001059
"2020-12-25",0.0095,0.000665,-0.000242,0.00246,-0.000151,-0.002328,-0.000152,-0.000069,0.000984
"2020-12-28",0.000811,-0.000211,0.004328,0.002933,0.000619,0.001296,-0.001279,-0.001311,0.001117
"2020-12-29",-0.004242,0.001318,-0.003573,-0.003616,0.001062,-0.001165,-0.002913,0.00392,-0.001019
"2020-12-30",0.011798,-0.000653,0.00334,0.002482,-0.000772,-0.001968,0.000933,0.000887,0.000258
"2020-12-31",0.017248,0.002266,0.00155,0.001284,-0.00166,0.000219,0.000226,-0.00069,-0.001808
"2021-01-04",0.015535,0.003219,0.00232,0.002548,-0.000749,-0.000051,0.002141,-0.000311,0.000285
"2021-01-05",0.014117,0.000433,0.004886,0.003656,-0.003612,-0.006953,0.000919,0.0012,-0.001038
"2021-01-06",0.00384,-0.003143,0.00623,0.001237,-0.000602,-0.001812,-0.000024,0.001886,0.000907
"2021-01-07",0.008666,-0.000062,0.012364,0.010238,-0.001917,-0.007668,-0.001545,-0.000892,0.00114
"2021-01-08",0.000217,-0.000464,0.005018,-0.007083,0.002964,0.004258,0.000357,0.001016,-0.000924
"2021-01-11",-0.011852,-0.000389,0.006472,0.002115,-0.003534,-0.002473,-0.001822,0.001066,-0.000418
"2021-01-12",0.020603,0.001985,0.002986,0.003668,-0.000014,-0.003158,0.001037,-0.000665,0.000242
"2021-01-13",-0.003203,-0.000695,0.008237,-0.000357,-0.000427,-0.001692,0.000506,-0.000676,0.001235
"2021-01-14",-0.010848,-0.000489,-0.00369,-0.008216,-0.000461,0.000316,-0.003457,0.000615,-0.002897
"2021-01-15",-0.001163,0.000108,-0.009362,-0.000913,-0.000476,0.004148,0.000186,0.00031,-0.001335
"2021-01-18",0.01127,0.003033,-0.003136,0.002298,-0.002223,0.002844,-0.000234,-0.001804,-0.000174
"2021-01-19",-0.00964,0.000813,-0.005601,-0.005412,0.000939,0.003575,-0.001602,-0.001587,-0.000706
"2021-01-20",0.007904,0.00037,-0.000242,0.007678,-0.001516,-0.001437,-0.001387,-0.000344,-0.002024
"2021-01-21",0.013903,-0.000381,0.001673,0.003857,0.000351,-0.000478,0.00143,0.001535,-0.0002
"2021-01-22",-0.000464,-0.000499,0.002255,0.007965,-0.001075,-0.002537,-0.001033,0.000849,-0.002303
"2021-01-25",0.00489,0.001394,0.007829,0.006642,-0.000457,-0.001501,-0.000765,0.000304,0.000552
"2021-01-26",-0.016099,-0.003812,-0.001319,-0.005609,-0.00181,0.000212,-0.001581,0.000153,-0.001903
"2021-01-27",0.002296,-0.000413,0.000035,0.000882,0.000151,-0.001059,0.00048,0.00108,0.001335
"2021-01-28",-0.023478,-0.000999,-0.005287,-0.005333,0.00161,0.001127,-0.004037,0.000727,0.00106
"2021-01-29",-0.005328,-0.003222,0.002057,0.004582,-0.001143,-0.005224,-0.001278,0.00092,-0.000429
"2021-02-01",0.009592,0.000572,0.00369,0.001318,-0.00723,-0.00318,-0.00051,-0.000416,-0.000259
"2021-02-02",0.01486,0.004546,0.003214,0.00266,-0.001403,0.003054,-0.004793,0.000959,-0.001909
"2021-02-03",-0.005607,-0.002718,0.001922,0.002019,-0.00054,0.000732,-0.003893,-0.000257,0.00016
"2021-02-04",-0.008577,-0.002073,0.003689,-0.001098,-0.001051,-0.000547,-0.001654,-0.000175,-0.000699
"2021-02-05",-0.001623,-0.001984,-0.002968,-0.000597,0.002961,-0.000705,-0.00465,0.003795,-0.002252
"2021-02-08",0.013507,0.001195,0.005979,0.003694,-0.000933,-0.005203,-0.000833,-0.000229,0.000444
"2021-02-09",0.021127,0.004324,0.001229,0.00319,0.001381,0.001857,0.001873,0.000654,0.000671
"2021-02-10",0.013493,0.000599,0.002034,-0.001159,0.000176,0.000033,-0.00127,0.001642,0.000452
"2021-02-18",0.002301,0.00332,-0.002925,-0.010989,0.000476,0.006744,0.002669,-0.003692,0.003172
"2021-02-19",0.004834,0.001326,-0.003401,-0.012395,0.002681,0.006645,0.002442,-0.00094,0.002491
"2021-02-22",-0.018657,-0.000586,-0.004098,-0.010405,-0.001016,0.004844,0.000066,-0.004796,0.002792
"2021-02-23",-0.004497,-0.002134,0.000818,0.001015,-0.001038,-0.003016,0.000031,-0.000183,0.001041
"2021-02-24",-0.021016,0.000778,-0.004914,-0.00921,-0.001047,0.003111,0.000519,-0.001212,0.000727
"2021-02-25",0.001932,-0.000827,0.000856,0.002854,0.000052,0.000138,-0.001777,0.00018,0.00067
"2021-02-26",-0.0228,-0.001895,-0.007982,-0.003815,0.000894,-0.00049,0.00187,0.000352,0.00045
"2021-03-01",0.015077,0.001054,0.000314,-0.000582,0.000432,0.002781,0.003806,0.000174,0.000309
"2021-03-02",-0.008548,-0.001114,-0.00078,0.001645,-0.001313,-0.002017,-0.001229,0.000196,-0.001689
"2021-03-03",0.015559,-0.000244,0.001359,0.00038,0.000493,0.0018,0.001784,-0.000245,0.000787
"2021-03-04",-0.024729,-0.003384,-0.001972,-0.008797,-0.000343,-0.000646,-0.001673,-0.001294,0.001042
"2021-03-05",-0.001417,0.001414,-0.004297,-0.003733,0.002158,0.002152,-0.000836,0.002128,0.000504
"2021-03-08",-0.0268,-0.003532,-0.001306,-0.009485,-0.000469,0.000247,-0.002219,-0.000687,0.000804
"2021-03-09",-0.021528,-0.000161,0.000305,-0.00013,0.002392,-0.004195,-0.002355,-0.001386,-0.000708
"2021-03-10",0.000676,0.000202,-0.000486,0.011833,-0.000026,-0.001157,-0.001241,0.000057,-0.001114
"2021-03-11",0.022881,0.002486,-0.000697,0.000717,0.001431,0.002895,0.002468,-0.000322,0.001285
"2021-03-12",0.004926,-0.000959,-0.000498,0.004916,0.000125,-0.001898,-0.001365,-0.001637,0.00054
"2021-03-15",-0.014965,-0.001189,-0.001863,-0.003282,0.0008,-0.001227,-0.001718,-0.003544,0.001571
"2021-03-16",0.007387,0.000965,-0.00362,-0.004073,-0.001433,0.004978,-0.002699,0.000388,-0.001029
"2021-03-17",0.003521,0.001882,-0.002362,0.001749,-0.002048,0.001876,0.000492,0.000147,-0.001416
"2021-03-18",0.008111,0.000976,0.001028,0.005592,-0.000307,-0.000801,-0.001555,0.002448,-0.0004
"2021-03-19",-0.018337,-0.002628,-0.00422,-0.002696,-0.00074,-0.001899,0.000619,0.000696,0.00012
"2021-03-22",0.012806,0.000594,0.000353,0.000352,0.000389,-0.00029,0.001604,0.000253,0.002075
"2021-03-23",-0.010092,0.000857,-0.000859,-0.00127,-0.002217,-0.003638,-0.002289,0.000612,0.000877
"2021-03-24",-0.013936,-0.001972,-0.002199,-0.0019,0.003425,-0.002127,0.000305,0.001032,0.000071
"2021-03-25",0.001388,0.002391,0.000194,0.001652,-0.00041,-0.000234,-0.003159,-0.000588,-0.00097
"2021-03-26",0.01923,0.003056,0.000528,0.003616,0.001885,0.001922,0.001421,0.001381,-0.000283
"2021-03-29",0.004892,-0.000954,-0.000222,0.003587,0.001078,0.000706,-0.000751,0.000074,0.001145
"2021-03-30",0.007042,0.001457,0.003492,0.005845,-0.00146,-0.001654,-0.002383,0.001837,-0.000349
"2021-03-31",-0.004265,-0.001231,-0.002575,-0.001539,0.002537,0.000674,-0.002675,0.000825,-0.000613
"2021-04-01",0.008885,0.000974,0.001313,0.002771,0.001857,0.002304,-0.000667,0.000638,-0.00073
"2021-04-02",0.004984,0.003177,-0.000548,-0.00149,0.000959,0.000395,0.001552,0.000903,-0.000363
"2021-04-06",-0.00081,-0.001212,-0.003996,-0.000559,0.000673,0.002777,0.001615,0.000301,0.000706
"2021-04-07",-0.002256,-0.002708,-0.000634,-0.003205,0.000565,0.002762,0.002185,-0.001788,0.000768
"2021-04-08",0.001741,-0.000325,0.002733,0.003091,-0.000919,-0.002862,-0.001201,0.00273,-0.000721
"2021-04-09",-0.008991,-0.001096,-0.002736,-0.000984,0.00069,-0.000803,0.000367,-0.000425,0.000469
"2021-04-12",-0.015933,-0.004879,0.000078,-0.003918,0.001962,-0.001403,-0.001578,0.000325,-0.00029
"2021-04-13",-0.002371,0.001714,-0.001994,0.001969,0.001223,-0.000134,-0.001144,0.001366,-0.000775
"2021-04-14",0.009626,0.003531,-0.002071,0.001044,-0.00013,-0.000038,0.000837,-0.000134,-0.000051
"2021-04-15",-0.003286,0.002354,-0.00261,0.001748,0.000175,-0.00268,-0.001846,-0.000745,0.000149
"2021-04-16",0.006268,0.00143,-0.00317,-0.004389,0.001655,0.003411,-0.000527,-0.001726,0.001037
"2021-04-19",0.018601,0.004536,0.001834,0.000837,-0.000584,0.00115,0.001889,-0.001845,-0.001141
"2021-04-20",0.000305,-0.000452,-0.000057,0.004253,-0.000254,-0.00005,-0.000637,0.000314,-0.000932
"2021-04-21",0.002528,0.001572,-0.000019,0.001204,-0.001445,-0.000449,-0.000729,0.001675,-0.000241
"2021-04-22",0.001168,0.000555,-0.001544,0.000273,-0.000309,0.000444,0.000248,0.001693,-0.000228
"2021-04-23",0.00264,0.001359,0.003552,0.003529,-0.000589,0.000026,-0.000273,0.000176,-0.00154
"2021-04-26",-0.007962,0.000705,-0.000438,-0.000486,-0.000126,0.0007,-0.000892,0.001786,-0.000519
"2021-04-27",0.001478,0.000357,0.000384,0.005672,0.000918,-0.000059,-0.003999,0.002575,0.000064
"2021-04-28",0.008627,0.001938,0.003334,0.000998,0.00139,0.002949,-0.002155,0.000126,0.000156
"2021-04-29",0.0051,-0.00019,0.00022,-0.000047,0.000868,-0.000403,-0.000277,0.000166,-0.00041
"2021-04-30",-0.005993,-0.000566,0.002094,0.004176,-0.00008,-0.001016,0.000014,-0.001743,0.000284
"2021-05-06",-0.005275,0.000902,-0.002588,-0.000847,0.003279,0.004488,-0.001022,-0.000724,0.001548
"2021-05-07",-0.010122,-0.001543,-0.00149,-0.003225,0.001301,0.000426,-0.000726,-0.002976,0.003498
"2021-05-10",0.001063,-0.002145,-0.000441,0.000056,0.002647,0.003774,0.003664,-0.001714,0.003175
"2021-05-11",0.003434,-0.00134,-0.002168,-0.000718,0.00161,-0.000934,-0.000678,0.000385,-0.000205
"2021-05-12",0.005585,0.000553,-0.002153,-0.000134,0.001294,0.0021,0.001753,0.001345,0.001848
"2021-05-13",-0.009149,-0.000088,-0.002606,-0.003578,-0.000007,0.00027,-0.000481,0.000593,0.000605
"2021-05-14",0.018066,0.004793,-0.001034,-0.000902,-0.000287,-0.000305,0.000618,0.001211,-0.000316
"2021-05-17",0.011583,0.002735,0.007961,0.003621,-0.000573,-0.000901,0.000047,0.001595,-0.003453
"2021-05-18",0.001794,-0.000227,0.000537,-0.000671,-0.000502,0.002047,0.000506,-0.001326,0.001774
"2021-05-19",-0.002961,0.002031,-0.000461,0.001361,0.000028,0.000929,0.001703,-0.001251,-0.000741
"2021-05-20",0.002012,0.001013,-0.001471,0.000785,0.000087,0.000362,-0.00206,0.001673,-0.002631
"2021-05-21",-0.006175,-0.001268,-0.003239,0.001687,0.001801,0.002851,0.000773,-0.002604,-0.000058
"2021-05-24",0.004957,0.002376,-0.001851,-0.000674,0.001306,-0.001806,0.000451,0.000333,0.000045
"2021-05-25",0.020587,0.002141,0.002924,-0.000102,-0.000676,0.00063,0.000897,0.001868,-0.001497
"2021-05-26",0.000346,-0.001341,-0.000391,-0.003904,-0.000805,0.002357,0.001795,-0.000037,0.000179
"2021-05-27",0.005516,0.001563,0.000563,-0.001499,-0.000414,0.001697,0.000858,0.000373,-0.001574
"2021-05-28",-0.003911,0.002023,0.000532,0.001374,0.000151,-0.000265,0.000892,-0.001969,0.000666
"2021-05-31",0.006043,0.002312,-0.001547,0.001356,-0.000192,0.003908,0.002643,0.000356,-0.001283
"2021-06-01",0.002774,0.001039,-0.002458,-0.002484,-0.001324,0.002502,-0.001434,-0.000369,-0.000371
"2021-06-02",-0.008449,-0.000828,-0.000512,-0.003047,0.000563,-0.000077,-0.002421,0.000488,0.000142
"2021-06-03",-0.002597,-0.000545,-0.001353,0.000502,-0.000588,-0.002901,-0.001271,-0.000189,0.001309
"2021-06-04",0.005276,0.001688,0.000757,0.002098,-0.000737,-0.002081,0.000509,-0.000845,-0.000077
"2021-06-07",0.003055,0.000794,-0.001654,0.000742,-0.000458,0.000487,0.000989,-0.000405,0.001197
"2021-06-08",-0.007986,-0.000865,-0.003366,-0.001929,0.000603,0.000003,-0.001599,-0.000489,0.000902
"2021-06-09",0.001437,0.00058,-0.002178,0.000534,0.000538,0.0021,-0.002209,-0.000853,0.000393
"2021-06-10",0.004865,0.00381,0.000751,-0.000253,0.001141,0.001522,0.00109,0.00066,-0.001794
"2021-06-11",-0.006046,-0.002684,-0.000749,0.002883,0.002966,0.000469,0.000102,0.000178,-0.001763
"2021-06-15",-0.00892,-0.001157,-0.000536,0.002835,-0.00117,-0.001636,-0.001149,-0.000102,-0.001421
"2021-06-16",-0.015246,-0.002881,-0.001499,-0.006787,0.000167,-0.000248,-0.001874,0.000001,0.001544
"2021-06-17",0.008107,0.001528,0.001436,0.003314,-0.001044,-0.000743,0.004082,-0.001092,-0.001438
"2021-06-18",0.003521,0.002939,-0.00158,0.003159,0.000644,0.000755,0.003185,-0.002256,0.000386
"2021-06-21",0.002571,0.001083,-0.002609,0.000432,-0.000599,0.005654,-0.000887,0.00165,0.000159
"2021-06-22",0.006839,-0.000023,-0.001341,0.002993,0.002015,-0.000663,-0.000176,0.000098,0.001487
"2021-06-23",0.005461,0.001571,0.00226,0.000848,-0.000868,0.000213,0.001446,-0.00248,0.000098
"2021-06-24",-0.001909,0.000918,0.000218,-0.002859,0.000321,-0.002332,-0.001556,0.002792,0.000034
"2021-06-25",0.012348,0.001431,0.001891,0.004663,0.001598,-0.00198,0.001876,0.000151,-0.000886
"2021-06-28",0.002707,0.00066,-0.000343,0.000845,0.000745,0.002113,0.000723,0.001088,-0.001364
"2021-06-29",-0.008234,0.000279,-0.000194,0.002699,-0.000036,0.001122,-0.003135,0.000744,-0.00079
"2021-06-30",0.007532,0.001693,-0.00119,0.001688,-0.00005,-0.002321,0.001519,-0.001839,-0.000568
"2021-07-01",-0.003396,-0.00098,0.002474,0.001492,-0.000847,-0.002185,-0.004803,0.00069,-0.001475
"2021-07-02",-0.01959,-0.000634,-0.003965,-0.001642,0.000099,-0.000003,0.002687,-0.002156,0.001888
"2021-07-05",0.004441,0.000631,-0.003966,0.002635,0.001322,-0.000018,0.004673,-0.002193,0.000747
"2021-07-06",-0.001811,-0.000027,-0.000396,-0.001163,0.000042,0.000764,-0.000416,-0.001259,0.001175
"2021-07-07",0.012064,0.002501,0.001449,0.005151,-0.001383,-0.000477,0.001062,-0.001061,-0.001563
"2021-07-08",-0.006832,0.003161,0.000642,0.000736,0.001826,-0.001741,0.002159,-0.000702,0.000522
"2021-07-09",-0.000076,0.000879,-0.000801,0.000743,0.00035,-0.001443,0.002493,-0.003531,0.001503
"2021-07-12",0.012724,0.00151,-0.000791,0.004902,-0.001192,-0.00093,0.000971,-0.001904,0.000017
"2021-07-13",0.006012,-0.00038,0.000617,0.000817,-0.000746,0.002601,-0.00144,0.000047,0.001627
"2021-07-14",-0.009508,-0.002177,-0.00168,0.002448,0.000385,-0.000766,-0.001653,0.001926,-0.000274
"2021-07-15",0.009591,0.001174,0.006104,0.004067,-0.000175,-0.000799,-0.000884,-0.000619,0.00028
"2021-07-16",-0.007412,-0.000037,0.00002,-0.001529,-0.000649,-0.001557,0.002468,-0.001613,0.003357
"2021-07-19",-0.001117,-0.000858,-0.001235,0.000595,-0.000493,-0.002234,-0.000397,0.000862,0.0011
"2021-07-20",-0.000108,0.000793,-0.001484,0.001284,0.001522,0.001549,0.001547,-0.001439,0.00062
"2021-07-21",0.009905,0.003149,-0.001996,0.003839,0.00125,0.003941,0.000774,-0.001275,-0.000877
"2021-07-22",0.003444,0.001065,0.000563,-0.001548,-0.00023,-0.00026,0.003578,-0.002893,-0.000048
"2021-07-23",-0.00894,0.000642,0.002585,-0.001638,0.000905,-0.00231,-0.000363,-0.00157,0.001992
"2021-07-26",-0.021902,-0.000085,-0.001374,0.000716,-0.002178,-0.003754,-0.001135,-0.003467,0.000572
"2021-07-27",-0.027317,-0.001728,-0.003305,-0.000674,0.000132,-0.006638,-0.001998,-0.002618,-0.001313
"2021-07-28",-0.005665,-0.001758,0.004849,0.003873,-0.000831,-0.001816,-0.003114,0.001703,-0.002784
"2021-07-29",0.020457,0.001964,-0.001989,0.003543,-0.000912,0.004861,0.004896,-0.00019,-0.001143
"2021-07-30",-0.001769,-0.000242,-0.002651,-0.005397,0.000359,0.002624,0.00504,0.000296,0.000289
"2021-08-02",0.020992,0.006011,-0.001163,-0.0007,-0.002358,-0.001196,-0.0001,0.000205,0.001071
"2021-08-03",-0.00367,-0.000741,-0.002325,-0.002849,-0.002233,-0.003219,-0.005416,0.004039,0.001114
"2021-08-04",0.011918,0.001497,0.000191,0.007519,0.001243,0.000815,0.003671,-0.002889,-0.000664
"2021-08-05",-0.003194,0.000097,0.001083,0.002757,0.001166,-0.002182,-0.002084,-0.001929,-0.000022
"2021-08-06",-0.001706,-0.000235,0.000544,0.002918,0.000058,-0.001819,0.002985,-0.002447,0.001454
"2021-08-09",0.012406,0.000044,-0.000826,-0.005994,-0.00278,0.003992,-0.00303,0.003767,-0.000358
"2021-08-10",0.008648,0.000855,-0.002786,-0.004088,-0.002233,0.000725,0.000384,0.002177,0.000238
"2021-08-11",0.000836,-0.000873,-0.001707,0.001354,0.001735,0.003099,0.001348,-0.002211,0.001125
"2021-08-12",-0.002686,0.000275,-0.000229,0.001139,0.00188,0.001924,-0.000149,-0.002276,-0.000146
"2021-08-13",-0.003835,0.000263,-0.001208,0.001657,-0.002773,-0.003856,-0.000168,-0.000568,0.001217
"2021-08-16",-0.001274,-0.002343,0.000568,-0.005103,-0.000059,0.001132,-0.001554,0.001748,-0.001124
"2021-08-17",-0.020363,-0.000496,0.002288,-0.002247,0.000043,-0.001024,-0.002953,-0.000415,-0.000491
"2021-08-18",0.010241,0.000793,-0.001781,0.000293,-0.000441,-0.003001,0.002851,-0.001389,0.002022
"2021-08-19",-0.00158,0.000151,-0.000103,0.008073,0.000849,-0.001864,-0.001285,-0.001018,-0.000994
"2021-08-20",-0.010937,-0.000525,-0.000967,0.004091,-0.000427,-0.004425,0.001768,-0.002215,0.000555
"2021-08-23",0.016639,0.000235,-0.003187,0.000853,-0.003034,0.000149,0.00314,0.000638,-0.000533
"2021-08-24",0.009871,-0.00091,-0.001403,0.006102,-0.000439,-0.001195,-0.001018,-0.000469,-0.001212
"2021-08-25",0.006593,-0.00065,0.000079,0.00154,0.00109,0.000506,0.000279,0.000173,0.000086
"2021-08-26",-0.012042,-0.002504,-0.00204,0.000459,0.001035,-0.002772,-0.000782,-0.00201,0.002404
"2021-08-27",0.004266,-0.000946,0.003547,0.004534,-0.000368,-0.002467,0.001563,-0.003336,0.000762
"2021-08-30",0.001649,0.002538,0.00184,0.00269,-0.000508,0.000499,-0.00087,-0.003477,0.001077
"2021-08-31",0.003282,0.001453,0.001873,-0.002925,0.000681,0.002212,-0.001395,-0.003453,0.00314
"2021-09-01",0.003567,0.000792,0.002473,-0.012354,-0.00106,0.003723,-0.003929,0.001792,-0.000177
"2021-09-02",0.006716,-0.000323,0.001766,0.000343,0.000562,0.000047,0.004284,-0.003365,0.002813
"2021-09-03",-0.00579,-0.002317,-0.003088,-0.006004,0.000292,-0.001046,0.000585,0.000277,0.000764
"2021-09-06",0.016921,0.001527,-0.000492,0.002079,0.001005,0.001115,-0.003028,0.002636,-0.00231
"2021-09-07",0.014423,0.001485,0.00136,0.002164,0.001882,0.002682,-0.000038,-0.001458,0.001818
"2021-09-08",0.001018,-0.001249,-0.002298,-0.003662,0.00165,-0.000354,0.00303,-0.001963,0.002173
"2021-09-09",0.004982,-0.000919,0.001751,-0.000619,0.00114,-0.000141,-0.002024,-0.002396,0.000348
"2021-09-10",0.00297,0.000301,0.002672,0.006683,0.000107,-0.000011,-0.000304,-0.000564,0.000106
"2021-09-13",0.001066,-0.000469,-0.001503,-0.002744,0.001359,0.002158,-0.000867,0.000468,0.00246
"2021-09-14",-0.012666,0.000507,-0.001027,0.006783,-0.001159,0.004593,-0.002921,-0.000696,-0.001681
"2021-09-15",-0.002264,-0.000892,-0.003166,0.003671,0.003777,-0.003444,0.002513,-0.00214,0.000471
"2021-09-16",-0.015608,-0.001666,-0.002056,-0.007349,-0.001242,-0.000483,-0.003353,0.001833,-0.000608
"2021-09-17",0.003738,0.000613,0.002631,-0.001847,-0.000323,-0.000032,0.000153,0.001959,0.000413
"2021-09-22",0.002917,-0.003612,0.002405,0.000654,0.002534,0.001247,-0.001542,-0.000878,0.002301
"2021-09-23",0.004892,0.00081,-0.001314,-0.001995,0.002338,-0.003174,0.002208,-0.000146,-0.000654
"2021-09-24",-0.006535,0.002116,0.003172,-0.001364,-0.000863,0.004192,-0.005453,0.001624,-0.002245
"2021-09-27",-0.009486,0.003213,0.005398,-0.007662,-0.003139,0.002686,-0.00751,0.001968,-0.00308
"2021-09-28",0.003727,-0.002276,-0.000926,-0.002948,0.004025,0.000432,-0.000098,0.001776,0.001484
"2021-09-29",-0.01831,0.000044,0.001739,-0.003589,-0.000203,-0.00431,-0.002632,0.000881,-0.002948
"2021-09-30",0.011706,0.000973,-0.005844,0.006272,0.000007,0.006623,-0.000296,-0.000852,0.000669
"2021-10-08",0.005078,0.001246,-0.006003,-0.009463,0.000405,-0.003918,0.000906,-0.000121,0.002573
"2021-10-11",-0.001202,0.002146,-0.00134,-0.001841,-0.002096,-0.0014,-0.002492,0.000225,0.001314
"2021-10-12",-0.014471,-0.000236,-0.001517,-0.003231,-0.002558,-0.00143,-0.001572,0.001113,0.000476
"2021-10-13",0.007928,0.003296,0.000501,0.004805,0.00011,0.001355,-0.000966,0.000244,-0.002897
"2021-10-14",-0.001267,-0.001235,-0.002271,0.003903,-0.001124,-0.001301,0.000869,-0.001224,-0.001578
"2021-10-15",0.00323,-0.000243,0.003796,0.006412,-0.002774,-0.002057,-0.002882,-0.001973,-0.001185
"2021-10-18",-0.000065,0.000042,-0.003399,0.007246,0.002383,0.002195,0.000361,-0.002728,0.000939
"2021-10-19",0.008608,-0.000191,0.002677,0.000112,-0.001078,0.002229,-0.000224,0.002091,-0.00096
"2021-10-20",-0.002676,0.000713,0.002115,0.002906,0.001928,0.002706,0.001172,-0.000429,0.000414
"2021-10-21",0.000754,-0.000428,0.002585,-0.001284,-0.000722,0.00269,-0.000103,0.00111,0.000619
"2021-10-22",-0.003182,0.000388,0.002262,-0.00439,-0.001826,-0.001348,0.000281,0.000712,-0.002109
"2021-10-25",0.008587,-0.000047,0.000849,0.005257,-0.000457,0.003779,0.001134,-0.00125,-0.000446
"2021-10-26",-0.002013,0.001133,0.000555,0.000925,-0.002991,-0.002572,-0.000274,-0.000999,0.000004
"2021-10-27",-0.009158,-0.001231,0.003402,0.00721,-0.000058,-0.000907,-0.000774,-0.001426,-0.000489
"2021-10-28",-0.009693,-0.001807,0.002361,-0.003564,-0.000878,-0.001642,-0.003311,0.002154,-0.000997
"2021-10-29",0.011403,-0.000125,-0.00184,0.000437,0.000964,-0.000981,0.002039,-0.000853,-0.000487
"2021-11-01",-0.000301,0.00027,-0.002981,-0.005877,-0.001594,0.002318,0.001921,0.001628,0.000519
"2021-11-02",-0.008585,-0.002094,0.003267,-0.002687,-0.003218,-0.002017,-0.003603,-0.001076,-0.002383
"2021-11-03",0.000439,0.001118,-0.002038,-0.005963,0.000563,0.004478,-0.000958,0.001568,-0.000093
"2021-11-04",0.008365,-0.000845,-0.000618,-0.00162,-0.001525,-0.00044,0.002244,0.000892,0.000479
"2021-11-05",-0.010545,0.000869,-0.003837,-0.00388,-0.000202,-0.004909,0.000179,0.001413,-0.000589
"2021-11-08",0.002298,0.002379,-0.002439,0.003749,-0.000316,0.000082,0.000942,-0.002908,0.002021
"2021-11-09",0.003682,-0.000538,-0.002677,0.004011,-0.001634,-0.001116,0.001086,-0.001064,-0.00062
"2021-11-10",-0.005427,-0.001755,-0.004055,-0.002845,-0.000629,0.000588,0.000578,-0.000636,-0.000599
"2021-11-11",0.010946,-0.000334,0.00076,-0.00331,0.001264,0.003687,-0.000826,0.000749,-0.001227
"2021-11-12",0.00164,0.000021,-0.001602,0.001215,-0.002804,-0.00138,-0.000829,-0.000178,-0.000131
"2021-11-15",-0.003106,0.000166,-0.005317,-0.010625,0.000149,0.003428,-0.001559,0.001838,-0.000347
"2021-11-16",-0.003249,0.000431,0.000721,-0.001581,0.00106,-0.000419,-0.00255,0.002962,-0.000189
"2021-11-17",0.005728,0.000263,-0.003879,0.003934,-0.001042,0.001708,0.001722,-0.000916,0.000891
"2021-11-18",-0.00561,-0.00016,0.001054,0.00641,-0.0008,-0.001683,-0.001918,-0.000288,0.000876
"2021-11-19",0.01066,0.00089,-0.001188,-0.001506,-0.000622,0.000364,0.001431,0.000932,-0.000283
"2021-11-22",0.007943,0.002043,0.000644,0.004465,-0.001226,0.001559,0.001839,-0.000395,-0.000722
"2021-11-23",-0.000626,0.001326,0.000203,-0.005643,0.000353,0.003135,-0.000084,-0.000407,0.000765
"2021-11-24",-0.001141,-0.000739,-0.000058,-0.006486,-0.000411,0.004977,-0.000745,0.000903,-0.000746
"2021-11-25",-0.00328,-0.00055,-0.002665,-0.000292,-0.001171,-0.001474,-0.001474,0.000299,-0.000453
"2021-11-26",-0.004681,0.000892,-0.001515,0.004901,-0.000033,-0.000797,0.000551,0.000227,0.000071
"2021-11-29",0.000351,0.00064,-0.000893,0.004661,0.000089,0.001981,-0.000277,0.001267,0.000096
"2021-11-30",-0.000236,0.000479,-0.005964,0.003264,0.000666,-0.003741,-0.00005,-0.000105,0.000701
"2021-12-01",0.001796,0.000103,-0.004666,-0.004011,0.000394,0.000962,0.000388,-0.001555,0.001291
"2021-12-02",-0.00092,0.00136,0.002181,0.000662,0.001377,-0.00176,-0.002929,-0.001071,0.000946
"2021-12-03",0.009692,0.00054,0.002169,0.001397,0.000847,-0.000527,-0.000824,0.000025,-0.000094
"2021-12-06",-0.006294,-0.00014,0.004143,-0.001178,-0.000603,0.000498,-0.002429,0.001098,0.002071
"2021-12-07",0.000711,0.000056,0.001868,-0.006339,0.002131,0.001539,-0.001023,0.000497,0.000549
"2021-12-08",0.013794,0.000574,0.000721,0.002431,-0.00056,0.001214,0.000581,0.001385,-0.001471
"2021-12-09",0.009905,0.001703,0.001368,-0.005931,-0.000998,0.001062,-0.000896,0.00117,0.000363
"2021-12-10",-0.001696,0.001437,-0.004901,0.003832,-0.000817,0.001305,-0.001362,0.001696,-0.000397
"2021-12-13",0.003964,0.000173,0.001296,-0.000772,-0.000731,-0.000532,0.003324,0.001324,-0.000422
"2021-12-14",-0.006355,-0.00115,-0.005611,-0.000628,-0.00102,-0.000108,-0.000181,-0.000875,-0.000591
"2021-12-15",-0.004981,-0.001803,-0.002864,-0.0006,0.002596,-0.000166,-0.000064,0.000038,0.000985
"2021-12-16",0.007025,0.000581,-0.00124,-0.002476,0.001532,0.002259,-0.000706,-0.000151,0.000559
"2021-12-17",-0.011587,-0.001341,-0.002244,-0.003696,0.000716,0.000087,-0.001664,-0.001401,0.002049
"2021-12-20",-0.013699,-0.000626,-0.002846,-0.00243,0.00142,-0.002443,-0.004239,0.002284,0.001036
"2021-12-21",0.010302,0.000527,-0.003449,-0.0006,0.003425,0.000868,-0.001113,0.000122,0.000992
"2021-12-22",0.001812,0.001795,0.001045,0.001624,-0.003629,-0.000682,-0.001188,0.000204,-0.001102
"2021-12-23",0.0051,-0.000751,0.004813,0.004911,0.001763,-0.001753,0.000248,0.001489,-0.00112
"2021-12-24",-0.0068,-0.000797,0.004666,-0.002144,-0.001515,-0.004678,-0.003471,0.002232,-0.00083
"2021-12-27",0.000227,-0.000105,-0.004253,-0.001576,0.000162,-0.002387,0.000361,-0.000279,-0.000219
"2021-12-28",0.004467,0.002383,-0.003302,0.004036,-0.001308,0.000194,0.000046,0.00049,0.000472
"2021-12-29",-0.009189,-0.000618,-0.002781,0.001024,-0.00005,-0.002227,-0.000638,-0.001307,-0.000474
"2021-12-30",0.006617,0.000228,-0.000734,-0.000257,0.000268,-0.000156,0.000442,-0.000073,0.000155
"2021-12-31",0.006565,0.000927,0.002277,0.001433,-0.000548,-0.001379,-0.001993,-0.000266,0.000487
"2022-01-04",-0.004217,-0.000113,-0.007713,-0.010623,0.00045,-0.001105,0.002755,0.000198,0.002425
"2022-01-05",-0.013096,0.000424,-0.00006,-0.009689,-0.000816,0.002461,-0.000908,-0.000328,0.000456
"2022-01-06",-0.00292,-0.001251,-0.004949,0.002908,0.001257,0.000645,0.001243,-0.000567,0.000021
"2022-01-07",-0.004141,-0.001284,0.005863,-0.005519,0.001531,-0.000739,-0.002094,0.002054,0.000345
"2022-01-10",0.003592,0.001547,-0.003594,-0.00389,-0.000268,0.002391,-0.001291,0.001583,-0.001276
"2022-01-11",-0.009695,-0.000967,-0.004841,-0.000595,-0.000559,-0.002749,0.000438,-0.001367,0.001009
"2022-01-12",0.010166,0.00069,-0.004115,0.00378,-0.001324,0.001365,-0.00108,-0.00071,-0.000365
"2022-01-13",-0.014217,-0.001454,-0.004539,-0.003643,0.000699,-0.000745,-0.001864,-0.002236,0.000374
"2022-01-14",-0.006558,-0.00043,0.001767,0.005148,-0.002255,0.002044,-0.00011,0.001412,-0.002181
"2022-01-17",0.008323,0.001336,-0.002895,0.000545,0.001061,0.002149,0.000234,-0.001774,-0.000982
"2022-01-18",0.00732,0.001328,0.010161,0.00319,0.001393,-0.001359,-0.003139,-0.000402,-0.000605
"2022-01-19",-0.007551,-0.001632,-0.007103,-0.006334,0.001776,0.001636,-0.000767,-0.000003,0.000242
"2022-01-20",-0.00107,-0.001128,0.010861,-0.002116,-0.000559,-0.00209,-0.001921,-0.000159,0.000041
"2022-01-21",-0.010635,0.000944,-0.005617,0.004564,-0.001303,-0.006289,-0.002289,-0.000626,0.000905
"2022-01-24",0.002319,0.002876,0.002111,0.006225,-0.001455,0.002271,-0.000198,-0.001134,-0.001131
"2022-01-25",-0.027648,-0.000978,0.004237,0.00321,-0.002548,-0.003805,-0.004029,-0.000046,-0.001596
"2022-01-26",0.006422,-0.000162,-0.00201,0.002551,0.002959,-0.002157,0.000795,0.00245,0.000121
"2022-01-27",-0.020831,-0.000804,0.005173,0.004097,0.002092,-0.001668,-0.003759,0.001816,-0.001098
"2022-01-28",-0.007735,-0.002052,-0.010654,-0.001298,-0.000435,-0.003369,0.000869,-0.001915,0.001448
"2022-02-07",0.017399,-0.000826,0.001173,-0.002358,-0.001684,0.000659,0.000652,-0.000697,0.002072
"2022-02-08",0.002194,-0.001083,-0.006136,-0.005019,0.001711,-0.00151,0.002742,-0.001199,0.003405
"2022-02-09",0.010688,0.000883,-0.000388,0.002278,0.001949,0.001893,0.002925,0.000636,0.00094
"2022-02-10",-0.00056,-0.000918,0.001289,-0.00257,-0.000444,-0.002013,0.001364,-0.000339,0.001181
"2022-02-11",-0.010172,-0.00075,0.003338,-0.003213,-0.000066,-0.000888,-0.000758,-0.00089,0.000181
"2022-02-14",-0.009584,-0.001014,-0.005707,0.001039,-0.001298,-0.000118,-0.000778,-0.001985,0.001106
"2022-02-15",0.010505,0.001517,0.003164,0.003868,0.000373,0.002555,-0.001813,0.002098,-0.002448
"2022-02-16",0.004033,0.000076,-0.005234,0.000147,-0.000307,0.000406,0.001187,0.000209,0.000864
"2022-02-17",0.001786,0.000951,0.001384,0.001501,-0.001069,0.002194,-0.000594,-0.000217,-0.000405
"2022-02-18",0.00571,-0.000242,-0.000891,-0.000313,0.002072,-0.000814,0.001156,-0.001104,0.000155
"2022-02-21",0.001309,0.000294,-0.005447,-0.002254,0.000556,0.002835,0.001845,-0.002092,0.001423
"2022-02-22",-0.01002,-0.000995,-0.000323,0.000417,-0.002259,0.000529,-0.000956,-0.00245,0.000671
"2022-02-23",0.01153,0.003068,-0.001323,0.001906,-0.00016,0.004831,-0.001549,0.001253,-0.002074
"2022-02-24",-0.018194,-0.000564,-0.0001,0.00095,-0.002218,-0.001227,-0.003356,-0.001317,-0.000144
"2022-02-25",0.00839,0.002112,-0.002364,0.003021,0.001325,0.002333,-0.001924,0.001606,-0.000667
"2022-02-28",0.003679,-0.000088,0.001973,0.003769,0.001421,0.000878,0.000797,0.000978,0.000211
"2022-03-01",0.004584,-0.000785,-0.003596,-0.00027,0.000881,-0.000524,0.001158,-0.001765,0.000344
"2022-03-02",-0.003605,-0.002046,-0.004776,-0.001103,0.000884,0.000734,0.001509,-0.000483,0.002453
"2022-03-03",-0.003747,-0.003058,-0.000445,-0.001439,0.00133,-0.002766,0.001095,-0.00172,0.002458
"2022-03-04",-0.009751,-0.000946,0.000233,-0.000005,-0.000671,-0.000131,-0.001078,0.000236,-0.001755
"2022-03-07",-0.024947,-0.003069,-0.005629,0.000029,0.003701,0.002092,0.002061,-0.000193,0.001184
"2022-03-08",-0.027504,-0.00243,0.002495,0.000846,0.000075,-0.003589,-0.001158,-0.001056,-0.000538
"2022-03-09",-0.012892,-0.001412,0.000846,0.004449,0.000141,0.000492,0.002817,-0.000292,-0.000516
"2022-03-10",0.016899,0.002983,-0.0043,0.002486,0.000861,0.003144,-0.000631,0.000309,0.000003
"2022-03-11",0.005678,0.000954,-0.002378,-0.001798,0.001394,-0.000208,0.000769,0.00166,0.000636
"2022-03-14",-0.026332,-0.003089,0.001058,-0.000141,0.000862,-0.000926,-0.000296,-0.000478,0.000194
"2022-03-15",-0.048757,-0.001719,-0.000278,0.003768,-0.000578,0.00065,0.001209,-0.000425,-0.001685
"2022-03-16",0.035081,0.003029,-0.000519,0.002867,0.000448,0.000601,0.000879,-0.002654,0.00072
"2022-03-17",0.016023,0.004184,0.000023,-0.003711,-0.000949,0.00669,-0.002131,0.003091,-0.001109
"2022-03-18",0.009177,0.000328,-0.004029,0.000867,0.002871,-0.001496,0.000921,-0.002235,0.001637
"2022-03-21",0.002495,-0.002963,-0.004994,-0.000755,-0.001183,0.002509,0.001714,-0.000945,0.000276
"2022-03-22",-0.000437,0.002794,-0.000745,0.001531,0.003417,-0.000906,-0.002022,-0.000448,0.000271
"2022-03-23",0.003343,0.003121,0.000769,0.000059,0.000177,-0.000028,-0.001027,0.001301,-0.000081
"2022-03-24",-0.006523,-0.001529,0.001605,0.001061,0.000263,-0.000856,0.000037,0.000084,0.000647
"2022-03-25",-0.014463,-0.000133,-0.007344,0.000082,0.001909,-0.003913,0.000176,0.00041,0.000732
"2022-03-28",-0.002167,-0.001034,0.000069,-0.000582,0.003407,-0.0007,0.000481,-0.000771,0.000898
"2022-03-29",-0.003664,-0.001524,0.001257,0.003622,-0.000179,-0.00175,0.00037,0.000842,0.000605
"2022-03-30",0.022084,0.004595,0.003267,-0.001037,0.000443,0.003073,-0.001166,0.000506,-0.001527
"2022-03-31",-0.007423,-0.001577,-0.006572,-0.001517,0.001037,-0.0027,-0.000238,0.000967,0.00014
"2022-04-01",0.00918,0.002585,0.004198,0.001003,-0.000102,-0.001737,-0.00215,0.000122,-0.000042
"2022-04-06",-0.00204,-0.001843,-0.008806,-0.00176,0.002934,-0.004363,0.003317,-0.001097,0.001554
"2022-04-07",-0.015251,-0.00057,0.003515,0.001554,-0.002964,-0.002097,-0.001479,0.00044,0.000032
"2022-04-08",0.0027,-0.002126,0.00436,0.001477,0.00073,-0.003788,0.000105,0.000282,-0.001139
"2022-04-11",-0.028375,-0.006979,-0.002045,-0.001215,-0.000157,-0.002152,-0.000254,0.001524,0.000868
"2022-04-12",0.016833,0.001593,-0.002176,-0.00134,0.000023,-0.002794,-0.000259,-0.001224,0.001796
"2022-04-13",-0.010357,-0.00028,0.000443,0.000243,-0.00194,-0.003335,-0.002422,0.001057,0.001964
"2022-04-14",0.013717,0.001415,0.000952,-0.002229,0.000519,0.001893,0.002083,0.000761,0.001778
"2022-04-15",-0.003068,0.00199,0.006023,0.000426,0.000253,0.000352,-0.004183,-0.000841,-0.001587
"2022-04-18",-0.000069,-0.000215,-0.00155,0.001453,-0.001649,0.00151,-0.00353,0.00016,-0.002787
"2022-04-19",-0.001516,-0.002139,-0.003259,0.003689,0.00198,-0.004143,0.002309,-0.000904,0.001182
"2022-04-20",-0.015627,-0.000185,-0.004208,-0.004657,-0.001354,-0.001134,-0.00197,0.000509,0.000795
"2022-04-21",-0.025676,-0.000501,0.003428,-0.00152,-0.000475,-0.000489,-0.003248,0.00182,-0.0022
"2022-04-22",0.002135,-0.000407,0.00261,-0.000095,-0.000013,-0.002791,-0.001501,0.000125,-0.00002
"2022-04-25",-0.054162,-0.005437,0.008436,0.003174,0.000945,-0.002451,-0.001995,0.003799,-0.002364
"2022-04-26",-0.016149,-0.000609,0.005764,0.000532,0.001262,0.00023,0.000415,0.002213,-0.001057
"2022-04-27",0.033098,0.007416,0.005505,0.005436,-0.002437,0.00349,-0.000555,-0.000729,-0.000341
"2022-04-28",0.00486,0.000517,0.007999,0.005147,-0.000159,0.000058,-0.005641,-0.001599,0.000398
"2022-04-29",0.030925,0.005459,-0.003484,-0.003685,-0.001238,0.004021,-0.000665,-0.000587,0.000972
"2022-05-05",0.006878,-0.000553,-0.002989,-0.000254,-0.001788,0.001773,0.000479,0.000329,-0.000247
"2022-05-06",-0.022554,0.000626,-0.004122,-0.000439,-0.003885,0.002846,-0.002381,-0.000538,-0.000542
"2022-05-09",-0.00059,-0.001454,-0.006253,0.000339,0.001641,0.00096,0.001826,-0.003374,0.001775
"2022-05-10",0.012302,0.00117,0.000008,0.000614,-0.000039,0.003898,0.000123,-0.001194,-0.002774
"2022-05-11",0.012,0.003986,0.002891,-0.001643,-0.000213,0.005319,-0.001932,0.00095,-0.002239
"2022-05-12",-0.000852,0.000361,-0.004361,-0.001162,0.000805,-0.001007,-0.000076,0.000321,0.000115
"2022-05-13",0.008416,0.001977,-0.00089,0.002638,0.000879,-0.001694,-0.00177,-0.001166,0.000723
"2022-05-16",-0.002154,0.001435,-0.003701,0.002495,-0.000016,-0.00074,-0.000414,-0.000737,0.000983
"2022-05-17",0.007646,0.002941,0.003705,-0.000203,-0.002424,0.000816,-0.00121,-0.000235,0.000673
"2022-05-18",-0.002908,0.000505,-0.005145,-0.00129,-0.000396,0.000356,-0.000796,-0.00053,0.000655
"2022-05-19",0.004836,-0.000494,-0.000485,-0.000694,0.001451,0.004037,0.000334,0.000324,0.000372
"2022-05-20",0.016478,0.002304,0.002086,-0.004458,-0.000832,0.000522,0.00016,0.001343,0.001809
"2022-05-23",0.000988,0.000163,-0.004476,0.000326,-0.00064,-0.000022,0.001599,-0.000362,0.000664
"2022-05-24",-0.027746,-0.001777,0.003542,0.002308,-0.000821,-0.003146,-0.003407,-0.000718,-0.000639
"2022-05-25",0.011236,-0.000806,-0.003098,-0.000228,0.002626,-0.000514,0.002448,-0.000783,0.001643
"2022-05-26",0.007785,0.001283,0.000843,0.001847,0.000072,-0.002143,-0.00111,-0.000489,-0.00023
"2022-05-27",-0.000147,-0.000772,-0.002093,0.002353,-0.000384,-0.001771,0.000983,0.000517,0.000952
"2022-05-30",0.008533,0.001454,0.001436,-0.000849,-0.001095,-0.000084,-0.003824,0.001042,-0.00062
"2022-05-31",0.014735,0.003282,0.002187,-0.004581,-0.000971,0.001495,-0.002784,0.000563,-0.000606
"2022-06-01",-0.001032,0.001769,-0.002145,-0.00384,-0.000405,-0.000302,-0.001101,0.000181,0.000088
"2022-06-02",0.005471,0.002432,0.001765,-0.00383,-0.001169,0.001982,-0.003245,-0.001018,-0.002874
"2022-06-06",0.017692,0.00392,-0.001094,-0.000907,-0.001802,0.004584,0.000573,0.000446,-0.001021
"2022-06-07",0.002806,0.000206,0.001511,0.003217,0.001457,0.000909,0.000053,0.001552,0.001682
"2022-06-08",0.00727,0.000474,0.002856,-0.000792,-0.000124,0.000047,0.000237,-0.00016,0.001646
"2022-06-09",-0.010214,-0.001787,0.001496,0.004551,0.000785,-0.003915,0.000231,0.000431,-0.00019
"2022-06-10",0.015752,0.00416,0.000638,0.001544,-0.001321,0.000188,0.000646,-0.00001,-0.000485
"2022-06-13",-0.005529,0.002744,-0.001734,-0.00063,-0.002807,0.000711,0.001211,-0.001375,0.00074
"2022-06-14",0.008631,0.000297,0.00186,-0.001246,0.001338,-0.002263,0.001271,-0.000555,0.001574
"2022-06-15",0.005885,0.000468,0.001237,-0.004643,0.002144,0.000268,-0.000552,0.00103,0.000887
"2022-06-16",-0.003683,0.001277,-0.002915,-0.000656,-0.000451,0.004102,-0.001178,-0.000105,-0.002129
"2022-06-17",0.010002,0.001697,0.002745,0.000631,-0.001137,0.000906,-0.000347,0.000456,-0.000464
"2022-06-20",0.005006,0.000769,-0.002035,-0.002845,-0.000026,0.002928,-0.00094,-0.000362,0.000411
"2022-06-21",-0.004638,-0.001697,-0.00171,-0.001814,0.001132,-0.000198,-0.000502,-0.000662,0.000017
"2022-06-22",-0.013545,-0.00025,-0.001481,0.005121,-0.000112,-0.000663,-0.000778,-0.000603,0.000342
"2022-06-23",0.017113,0.00504,0.000653,0.000487,-0.0007,-0.000806,-0.000379,-0.000642,-0.000258
"2022-06-24",0.009911,0.00074,0.000979,-0.00128,-0.003198,0.000165,-0.000987,-0.001343,-0.001759
"2022-06-27",0.010759,0.001466,-0.000668,-0.000851,-0.001299,0.002227,0.000013,0.000305,0.000562
"2022-06-28",0.010101,0.000592,-0.003116,-0.000887,-0.000599,-0.002619,0.001081,-0.001861,0.002347
"2022-06-29",-0.015945,-0.003809,0.001086,-0.002217,0.000902,-0.00076,-0.001523,0.000925,-0.000989
"2022-06-30",0.014032,0.001403,0.001409,0.001407,-0.000538,-0.000595,0.001719,0.000913,-0.000784
"2022-07-01",-0.002273,0.000448,-0.000918,0.002822,0.000871,-0.000501,0.000025,0.000803,0.001171
"2022-07-04",0.009805,-0.000109,0.002764,0.001791,-0.001523,0.000534,-0.000746,0.000084,-0.000988
"2022-07-05",-0.002537,-0.002858,0.002441,0.002595,0.000425,-0.001215,0.001452,-0.001612,-0.000076
"2022-07-06",-0.013921,-0.000899,-0.000058,-0.000603,-0.000534,0.000503,-0.002042,-0.00109,-0.001939
"2022-07-07",0.005006,0.003577,-0.001116,0.004252,0.000776,-0.000201,-0.001003,-0.001576,0.001636
"2022-07-08",-0.003909,-0.002604,-0.003373,-0.003704,0.001874,0.000072,0.00073,-0.000007,0.000389
"2022-07-11",-0.013145,-0.00382,-0.002601,0.001852,0.00174,0.000088,-0.000326,-0.000578,-0.000236
"2022-07-12",-0.008731,-0.002537,0.002057,0.002717,0.001883,-0.000506,-0.000829,-0.00077,-0.000333
"2022-07-13",0.001417,-0.000047,-0.005503,0.001415,0.001442,-0.001041,0.00229,-0.001715,0.000659
"2022-07-14",0.002301,0.00456,-0.000556,0.002628,-0.003155,0.000751,-0.002617,-0.001578,-0.003719
"2022-07-15",-0.01285,0.002045,0.003571,0.003171,-0.004395,-0.000869,-0.002205,-0.000323,-0.001232
"2022-07-18",0.01265,0.001215,-0.006034,-0.003917,0.002746,0.002108,0.001968,-0.000627,0.001605
"2022-07-19",-0.000092,0.000841,-0.003676,-0.002004,-0.000898,-0.000982,0.000042,0.00126,0.000458
"2022-07-20",0.007818,-0.000145,0.001246,-0.000577,-0.001388,0.000731,-0.000817,-0.000734,0.000735
"2022-07-21",-0.009464,0.001002,0.000109,-0.003143,0.000433,0.001924,-0.003144,0.000143,-0.000528
"2022-07-22",-0.00398,0.00022,-0.003448,0.002569,0.000727,-0.002757,0.000317,-0.001372,0.000533
"2022-07-25",-0.007408,-0.002152,-0.001466,0.000146,-0.000957,-0.000116,-0.00187,0.001268,-0.000852
"2022-07-26",0.00937,0.002257,-0.001762,0.003338,0.000132,0.000561,-0.000399,-0.00028,0.000475
"2022-07-27",0.00013,0.003306,-0.003351,-0.000284,-0.002364,0.002361,-0.001853,-0.000702,-0.000595
"2022-07-28",0.00217,0.001397,-0.001143,-0.004909,-0.001078,0.00178,-0.000014,-0.000595,-0.000304
"2022-07-29",-0.010291,0.000967,-0.002059,0.001868,0.000894,0.000266,-0.001693,-0.000732,0.000273
"2022-08-01",0.006129,0.003141,0.000224,0.000547,-0.000695,0.001499,-0.001768,-0.000408,-0.001396
"2022-08-02",-0.022212,-0.000028,0.007349,0.00119,-0.000186,0.001309,-0.00724,0.000586,-0.002452
"2022-08-03",-0.008857,-0.00104,-0.001927,-0.002258,-0.000297,-0.004464,0.002056,0.001232,0.000693
"2022-08-04",0.006109,-0.00108,-0.004954,-0.001234,0.000736,-0.000444,0.002218,-0.000891,0.000944
"2022-08-05",0.014773,0.000452,0.004347,-0.005463,-0.001662,-0.002482,-0.000001,0.000523,-0.001996
"2022-08-08",0.003552,0.001867,-0.005298,0.004333,-0.000586,0.002455,-0.000457,-0.000191,-0.000195
"2022-08-09",0.002738,0.000579,-0.001446,0.002112,-0.001507,0.000136,0.000303,-0.000439,0.000035
"2022-08-10",-0.006268,-0.000262,-0.003679,-0.000548,-0.001173,0.000228,0.000269,-0.000561,0.000425
"2022-08-11",0.016787,0.001872,0.001313,-0.005569,0.001986,0.00039,-0.000177,0.000988,0.000307
"2022-08-12",-0.001995,-0.001042,-0.001109,-0.000642,0.001391,-0.000717,0.001071,-0.00051,0.002708
"2022-08-15",0.000805,0.00026,-0.002125,0.005908,-0.000721,0.000686,0.000306,-0.00198,-0.000392
"2022-08-16",0.000812,0.000992,-0.002936,0.003322,0.001004,0.002173,-0.000715,-0.001462,-0.000947
"2022-08-17",0.005838,0.000941,0.002065,-0.003287,0.0006,0.001183,-0.000229,-0.000608,0.00089
"2022-08-18",-0.005542,0.001666,-0.00268,0.003993,-0.000391,0.000581,-0.001225,-0.001167,-0.001864
"2022-08-19",-0.00741,-0.002084,0.001222,-0.002917,0.000724,-0.000882,-0.001408,0.001209,0.001253
"2022-08-22",0.008645,0.000949,-0.000224,0.003585,-0.001208,-0.001942,-0.001186,-0.00015,0.001038
"2022-08-23",-0.000969,-0.000474,-0.003544,0.004234,0.000628,0.000318,-0.000331,-0.000765,0.000124
"2022-08-24",-0.022015,-0.004384,0.00023,-0.000701,-0.000096,-0.00249,-0.00087,0.001006,0.001641
"2022-08-25",0.007982,-0.001753,0.003212,-0.000577,-0.000431,-0.001535,-0.002474,0.001125,0.001095
"2022-08-26",-0.002406,-0.000194,0.001416,0.001164,-0.001151,-0.004056,-0.001387,-0.002112,0.000519
"2022-08-29",0.001046,-0.000976,-0.003028,0.003391,0.001127,-0.000037,-0.000235,-0.001176,-0.001144
"2022-08-30",-0.004076,-0.000676,-0.000877,-0.00167,0.001656,-0.002826,-0.001231,-0.000171,-0.000823
"2022-08-31",-0.010181,-0.002305,0.005543,-0.007092,-0.001506,-0.002299,-0.00246,0.001651,0.000812
"2022-09-01",-0.005267,-0.002105,-0.002122,0.001988,0.001416,0.001153,-0.000738,0.001652,-0.001055
"2022-09-02",-0.000941,0.001448,-0.005256,0.002178,0.000292,0.001,-0.000767,-0.001678,0.000579
"2022-09-05",0.002737,-0.002886,-0.002081,0.003184,0.000593,-0.000034,-0.000846,-0.001511,0.000351
"2022-09-06",0.014087,0.003576,0.000632,0.006658,0.002211,0.00257,0.00049,-0.000997,0.000482
"2022-09-07",0.001824,0.001735,-0.000178,0.002149,0.001654,0.004377,-0.000099,-0.000943,-0.000992
"2022-09-08",-0.003858,-0.002261,0.003013,0.00094,-0.001016,-0.003542,-0.001488,-0.000104,0.000318
"2022-09-09",0.008579,0.001647,0.003752,-0.004031,-0.000991,-0.000887,-0.000493,0.001197,0.000001
"2022-09-13",0.000438,0.000826,-0.002203,0.000265,-0.00226,-0.001105,-0.000865,0.00101,-0.000102
"2022-09-14",-0.009452,-0.000447,-0.000785,-0.001336,-0.001101,0.000961,-0.001808,0.000261,-0.000569
"2022-09-15",-0.015124,-0.002038,0.002467,-0.008136,-0.000962,-0.002334,-0.000594,0.00099,0.00166
"2022-09-16",-0.023549,-0.00087,0.001832,0.003836,-0.000831,0.001229,-0.003698,0.000243,-0.002878
"2022-09-19",-0.003451,0.000233,0.001672,0.00194,-0.00012,0.00191,-0.0009,-0.000915,0.000384
"2022-09-20",0.004937,0.002676,-0.00709,0.004573,0.001176,0.00127,0.00162,-0.000192,0.001011
"2022-09-21",-0.001853,0.000085,-0.005484,-0.001046,0.002224,-0.001624,0.000549,-0.001073,0.002849
"2022-09-22",-0.004389,-0.000324,0.000082,0.0035,0.000335,0.001496,-0.000898,0.000423,-0.001453
"2022-09-23",-0.008398,-0.002368,0.005029,-0.000044,0.001134,-0.004693,-0.00074,0.000872,-0.000135
"2022-09-26",-0.009379,0.003881,0.00448,0.006667,-0.001886,0.005019,-0.004175,0.000849,-0.002972
"2022-09-27",0.01735,0.000527,-0.001473,-0.003863,-0.000239,0.000026,0.001337,0.001071,0.000321
"2022-09-28",-0.018452,-0.003258,0.000818,-0.001098,-0.00017,-0.002689,-0.003452,0.001743,-0.00069
"2022-09-29",-0.000746,0.001013,0.002742,0.00336,-0.002194,-0.002083,-0.002117,0.00174,-0.001741
"2022-09-30",-0.006939,-0.002854,0.001085,-0.002293,0.00051,-0.003208,-0.000533,0.000524,0.001673
"2022-10-10",-0.017117,-0.003275,-0.000708,0.002128,0.000492,-0.002897,-0.00014,-0.000292,0.000421
"2022-10-11",0.002889,-0.000509,-0.001515,0.004226,0.000697,-0.002185,0.003013,-0.000531,0.001813
"2022-10-12",0.01846,0.003417,-0.001135,-0.00055,0.001318,0.003778,0.000456,-0.000715,-0.000379
"2022-10-13",-0.001391,-0.000044,-0.003046,-0.00176,-0.000422,0.000059,-0.002281,0.000827,-0.000724
"2022-10-14",0.021808,0.005039,0.000123,-0.003756,-0.000171,0.005164,-0.00002,0.002563,0.00031
"2022-10-17",0.003622,0.000114,-0.004159,-0.004777,-0.000743,0.000783,0.000541,0.000861,0.000722
"2022-10-18",0.000321,0.000953,-0.001304,0.003215,0.000038,0.001541,-0.001021,0.000422,-0.000044
"2022-10-19",-0.012292,0.000029,-0.002761,0.001586,-0.000091,-0.000458,0.000003,0.000603,0.000605
"2022-10-20",-0.003024,-0.002112,0.000877,-0.004327,0.000601,-0.000253,0.000523,0.00113,-0.000099
"2022-10-21",0.000177,0.000043,0.000335,0.0022,0.001049,0.001085,-0.002528,0.00093,-0.000551
"2022-10-24",-0.017821,-0.0025,-0.000441,0.004208,0.000551,-0.001917,0.0006,0.000931,-0.000443
"2022-10-25",-0.001595,0.000459,0.001332,0.003471,0.001207,-0.000673,0.000784,-0.002346,0.00152
"2022-10-26",0.011939,0.002115,-0.001373,-0.004605,-0.000231,-0.000258,0.000918,0.001931,-0.00107
"2022-10-27",-0.00351,-0.001529,-0.000376,-0.002165,-0.000869,-0.004601,-0.000138,-0.00156,0.000845
"2022-10-28",-0.025272,-0.003802,0.003085,0.002378,0.000192,-0.000128,-0.003423,0.001859,-0.001367
"2022-10-31",-0.005234,-0.000179,-0.00599,-0.005022,-0.000688,-0.001186,0.00234,0.001475,-0.000033
"2022-11-01",0.027505,0.004915,0.000582,-0.003823,-0.000078,0.001329,0.001465,-0.001271,0.001713
"2022-11-02",0.013454,0.005222,0.000415,-0.00109,0.000676,0.005087,-0.001018,0.000804,-0.0013
"2022-11-03",-0.001339,-0.000027,-0.001419,0.002727,-0.000782,0.000668,-0.001249,-0.000348,-0.001674
"2022-11-04",0.026378,0.004955,0.002367,0.000459,-0.000042,0.003242,0.001472,-0.000426,0.001018
"2022-11-07",0.00197,0.001044,-0.004131,-0.003222,-0.000021,0.00194,-0.000173,-0.001409,0.00213
"2022-11-08",-0.004835,-0.002757,-0.002037,0.00083,0.000354,-0.000904,0.000375,0.000016,0.0007
"2022-11-09",-0.005391,-0.000774,-0.001326,-0.000845,0.000544,0.000339,0.001375,0.000184,0.001196
"2022-11-10",-0.006284,-0.002636,-0.001724,-0.001787,0.000192,-0.002023,0.001073,-0.00057,0.001157
"2022-11-11",0.016966,0.00218,0.002595,-0.003353,-0.000081,0.000315,-0.001747,0.000674,-0.000563
"2022-11-14",-0.001417,-0.001705,-0.000793,-0.005148,0.001089,0.000238,0.00051,0.002317,0.000193
"2022-11-15",0.017799,0.003002,0.000935,-0.003111,-0.000454,0.003604,0.001143,0.001643,-0.001434
"2022-11-16",-0.006465,-0.001057,-0.003244,-0.001969,-0.000522,-0.000872,-0.000992,-0.000313,-0.000033
"2022-11-17",-0.000525,-0.003298,-0.000683,-0.002074,0.000085,-0.000716,0.001101,0.001619,-0.000159
"2022-11-18",-0.004946,-0.000382,0.001323,0.000714,0.000041,-0.001178,-0.00136,0.000101,-0.000277
"2022-11-21",-0.003654,-0.000196,-0.003143,0.003224,-0.000449,0.001949,0.00097,0.000146,-0.000335
"2022-11-22",-0.003479,-0.002334,0.001611,0.000331,0.00099,-0.002552,-0.001959,-0.001205,0.001469
"2022-11-23",0.000799,0.00074,0.002764,0.004786,0.002021,-0.000119,-0.002277,-0.000554,-0.00009
"2022-11-24",-0.000922,0.000181,-0.002849,0.000856,0.000819,0.002869,0.001415,0.000882,-0.000315
"2022-11-25",0.001284,-0.001914,0.002838,-0.002805,0.001245,-0.001853,-0.000945,-0.00047,0.000907
"2022-11-28",-0.005904,-0.000473,0.000022,0.001744,0.001124,0.001161,-0.00001,-0.000668,0.0005
"2022-11-29",0.021661,0.003085,0.000136,-0.008383,0.000656,0.001788,0.002219,0.001161,0.001418
"2022-11-30",0.000773,0.000219,0.000258,0.001673,0.001133,-0.000023,0.000632,-0.000122,0.001244
"2022-12-01",0.007551,0.002399,0.000726,-0.001503,-0.001733,0.001631,-0.001868,0.001539,-0.002126
"2022-12-02",-0.00333,-0.000662,-0.004415,-0.000612,-0.000154,-0.001058,0.000663,-0.001358,-0.000137
"2022-12-05",0.01483,0.000079,0.002359,-0.004706,0.001082,-0.002281,0.001248,-0.000056,0.002556
"2022-12-06",0.002245,0.001232,0.003022,-0.000808,-0.001505,-0.000607,-0.000961,0.000584,-0.000301
"2022-12-07",-0.00268,-0.000622,-0.001444,0.000385,-0.001087,-0.001378,0.001074,-0.000813,0.000465
"2022-12-08",-0.001433,0.000207,-0.001254,0.00018,0.000553,0.000385,0.000182,0.000645,-0.000689
"2022-12-09",0.004483,0.001467,0.002237,-0.002255,0.000469,0.001677,0.000339,0.002014,0.000252
"2022-12-12",-0.009266,-0.000935,-0.002035,0.00111,-0.000956,0.001032,0.000248,-0.000365,-0.00099
"2022-12-13",-0.002108,-0.001683,-0.001776,-0.003081,0.000052,-0.002047,0.001615,-0.000809,0.001866
"2022-12-14",0.000345,0.001966,0.000534,-0.000648,-0.001386,0.000671,-0.001632,-0.000847,-0.000875
"2022-12-15",-0.003004,0.002399,-0.002164,0.000294,0.00058,0.001816,0.000908,-0.00018,0.000388
"2022-12-16",-0.00084,-0.002209,0.003513,-0.002009,0.00087,0.000008,-0.000959,-0.001219,0.001265
"2022-12-19",-0.019024,0.000914,0.001465,0.002843,-0.001395,0.00054,-0.001324,0.000479,-0.000286
"2022-12-20",-0.012372,-0.000736,-0.003859,0.001131,0.000545,-0.00154,-0.000215,-0.000506,0.000262
"2022-12-21",-0.002005,-0.000754,0.001934,-0.000841,-0.000455,-0.001501,0.000239,-0.000144,0.000041
"2022-12-22",-0.004295,0.001955,0.004386,-0.002486,-0.001091,0.000075,-0.002126,0.000869,0.00016
"2022-12-23",-0.003263,0.000848,-0.001562,-0.000936,0.000741,-0.002562,-0.000218,0.000531,0.000907
"2022-12-26",0.009133,0.001583,-0.001735,0.004285,-0.001239,0.004576,0.000257,-0.001775,-0.001541
"2022-12-27",0.011017,0.002316,0.001551,0.000798,0.000851,0.000511,-0.002433,0.001961,-0.001075
"2022-12-28",-0.004454,-0.001159,0.002472,0.00136,0.000753,0.000329,-0.002953,0.000124,0.000079
"2022-12-29",-0.003046,-0.001195,0.000891,0.002539,-0.001706,-0.001631,-0.002905,0.001011,-0.001678
"2022-12-30",0.003638,-0.001611,-0.001827,0.000606,-0.000301,-0.001319,-0.000734,-0.000864,0.000378
"2023-01-03",0.009055,-0.000877,-0.003614,-0.000152,0.00102,0.005646,0.00236,-0.000178,0.000847
"2023-01-04",0.000998,0.000344,-0.001636,-0.000966,0.000537,-0.000801,0.000071,0.000291,-0.000265
"2023-01-05",0.012352,0.004456,0.002441,-0.001139,-0.000333,0.001641,-0.00077,0.001671,-0.000518
"2023-01-06",0.000817,0.002762,0.000886,0.000182,-0.000552,0.002685,-0.001761,0.000773,-0.001283
"2023-01-09",0.00636,0.000974,-0.000413,-0.000986,-0.000834,-0.000088,0.000864,0.00057,0.000632
"2023-01-10",0.000132,0.001314,0.001981,0.000166,-0.000484,0.000034,0.000092,0.001449,-0.000527
"2023-01-11",-0.00399,0.000225,0.001111,0.000456,-0.00088,0.000303,-0.000751,0.000222,0.000787
"2023-01-12",-0.000413,0.000017,-0.000615,-0.001773,-0.000501,-0.000474,-0.000222,0.000446,0.000728
"2023-01-13",0.01053,0.001697,0.003196,-0.001465,0.00004,-0.002983,-0.001333,0.00154,0.000358
"2023-01-16",0.011129,0.001039,0.000189,-0.005738,-0.000135,0.001262,-0.000211,0.001213,-0.000909
"2023-01-17",-0.000094,0.000805,0.001276,0.000393,0.000869,0.0004,-0.002769,0.001297,-0.001252
"2023-01-18",0.000208,-0.001401,-0.002388,-0.000216,0.000185,-0.000682,-0.000338,-0.000065,0.000966
"2023-01-19",0.006149,0.00043,0.0009,-0.000896,-0.000425,-0.002502,-0.001252,0.001456,-0.00079
"2023-01-20",0.006847,-0.000449,-0.000647,0.001014,0.000976,0.000618,0.001858,-0.001246,0.001836
"2023-01-30",0.002087,0.00026,-0.005657,-0.002516,0.001036,0.002873,0.001435,0.000386,0.00132
"2023-01-31",-0.004359,0.000549,-0.005034,-0.000573,-0.000032,0.000921,-0.000224,-0.001766,0.001148
"2023-02-01",0.010247,0.001084,-0.001551,-0.003756,0.000233,0.002271,0.001612,0.000143,0.000639
"2023-02-02",0.000874,0.000248,-0.000004,0.000581,-0.000066,0.000787,-0.001641,-0.000151,-0.001567
"2023-02-03",-0.006388,-0.000166,-0.001514,-0.001392,-0.000173,0.000639,-0.000282,0.001196,-0.000034
"2023-02-06",-0.009062,-0.002282,-0.003063,-0.000484,0.000279,-0.00132,0.000495,0.00001,-0.000124
"2023-02-07",0.002043,0.002043,-0.00099,-0.003473,0.00044,0.001823,-0.000048,-0.000292,0.001138
"2023-02-08",-0.005621,0.000034,-0.001848,0.000709,-0.001196,0.000324,-0.00199,-0.00116,-0.000264
"2023-02-09",0.01346,0.000884,0.00224,-0.001945,0.000429,0.000061,0.000563,0.001654,-0.000686
"2023-02-10",-0.002636,0.000019,-0.000922,-0.000422,0.000795,-0.001771,-0.00085,-0.000478,0.000787
"2023-02-13",0.009225,0.001568,0.000494,0.001677,-0.000364,-0.000066,0.000004,0.00127,-0.000878
"2023-02-14",0.002218,-0.000257,-0.000005,-0.001256,-0.000185,-0.000105,-0.001006,0.00097,0.000402
"2023-02-15",-0.003287,-0.000792,-0.000833,-0.003478,-0.000102,0.000828,0.000397,0.000243,0.001566
"2023-02-16",-0.011796,-0.002629,0.003611,0.00173,0.001703,-0.001778,-0.00139,0.001212,0.000419
"2023-02-17",-0.009503,-0.000901,-0.00404,0.000343,0.000685,-0.000362,-0.000713,0.000229,0.000863
"2023-02-20",0.020185,0.001333,0.003865,0.00116,0.001147,-0.002054,0.001914,0.001721,-0.001088
"2023-02-21",0.003853,0.00045,0.000044,0.000418,-0.000161,-0.000737,0.0002,-0.000795,0.000992
"2023-02-22",-0.003359,-0.000796,-0.001907,0.000385,-0.000058,0.000374,-0.001138,0.000259,-0.000886
"2023-02-23",-0.001578,0.000345,-0.001225,0.001995,-0.000203,-0.000672,-0.001363,-0.000517,-0.001052
"2023-02-24",-0.006048,-0.002697,-0.00039,0.000365,-0.000635,-0.002757,-0.000101,-0.000443,0.000053
"2023-02-27",-0.003883,-0.000506,0.00126,0.003911,-0.000407,-0.002085,-0.001455,0.00057,-0.000059
"2023-02-28",0.006758,-0.000979,-0.000783,0.000175,0.000961,-0.000973,0.001682,0.000133,0.000763
"2023-03-01",0.008429,0.000897,0.000046,-0.002221,0.000802,0.000372,0.00206,-0.000078,0.000999
"2023-03-02",-0.001296,-0.001179,0.000859,-0.001033,0.001666,-0.0011,-0.000643,0.000741,0.000068
"2023-03-03",0.003306,-0.002163,0.001837,-0.000111,0.00172,-0.000253,0.001603,-0.000769,0.000432
"2023-03-06",-0.000466,-0.002174,0.000516,0.004067,0.000451,0.00012,-0.003199,-0.00115,-0.001397
"2023-03-07",-0.014078,-0.00121,0.000999,0.000584,0.000205,0.001026,-0.001582,0.000039,0.000097
"2023-03-08",-0.001074,-0.00029,-0.003614,-0.001239,-0.000322,-0.001688,0.002352,-0.000527,-0.000122
"2023-03-09",-0.003098,-0.000752,-0.002835,-0.001346,-0.001082,-0.001032,-0.001166,0.000208,-0.000947
"2023-03-10",-0.013989,-0.000599,0.000599,-0.00086,-0.001981,-0.002153,-0.001426,-0.000001,-0.000448
"2023-03-13",0.010216,-0.001196,0.004368,0.002909,0.000297,-0.000225,0.000727,0.001477,-0.000414
"2023-03-14",-0.00744,-0.001861,0.004713,-0.002737,-0.000798,-0.00012,-0.000027,-0.001316,-0.002344
"2023-03-15",0.003736,-0.001266,-0.002646,-0.000195,0.002014,-0.001643,0.000463,-0.000389,0.001241
"2023-03-16",-0.012523,-0.001439,0.001617,-0.00052,0.001364,-0.002176,-0.000118,0.002548,0.000621
"2023-03-17",0.005629,-0.000703,0.001544,-0.002998,0.001003,-0.000856,0.003682,-0.00028,0.001466
"2023-03-20",-0.004277,0.00035,0.000266,-0.000197,0.000101,-0.000665,-0.000736,0.000787,0.000377
"2023-03-21",0.009293,0.004096,-0.003256,0.001087,-0.000895,-0.000718,-0.000002,-0.00066,0.000144
"2023-03-22",0.003036,-0.000022,-0.001933,-0.001649,0.000074,-0.002438,0.002223,-0.000512,0.000103
"2023-03-23",0.007586,0.000987,0.003091,-0.001133,0.000842,0.000762,0.000601,0.002131,0.000406
"2023-03-24",-0.00263,0.002862,-0.002321,-0.001289,0.001089,0.000126,0.00069,0.000809,-0.00076
"2023-03-27",-0.002357,0.001385,0.000422,-0.00084,-0.001775,0.00208,0.000116,-0.000861,0.000018
"2023-03-28",-0.001909,-0.000871,0.001318,0.005189,0.001372,-0.002868,-0.003141,-0.000181,-0.000497
"2023-03-29",-0.001326,-0.000666,0.001868,0.000756,-0.001155,-0.000871,0.000351,0.000012,-0.001282
"2023-03-30",0.006855,0.000523,0.004617,0.000993,-0.000426,0.000644,-0.001497,0.001137,-0.001339
"2023-03-31",0.004756,-0.000889,-0.000817,0.001805,0.000132,0.000261,0.001766,0.000452,0.001368
"2023-04-03",0.010694,0.001419,0.002244,-0.002127,0.000862,0.000499,0.004346,-0.000392,0.000899
"2023-04-04",0.004253,-0.002283,0.007596,0.001291,0.001937,-0.001485,-0.000032,0.000073,0.000346
"2023-04-06",0.000888,-0.000398,0.003572,-0.00235,-0.001669,0.003887,-0.002072,-0.000535,-0.001752
"2023-04-07",0.005927,0.001551,-0.00051,-0.000705,-0.000239,0.000792,-0.000798,0.000631,-0.000978
"2023-04-10",-0.005414,0.000344,0.003971,0.001718,-0.000365,-0.002086,-0.003553,-0.0019,-0.001581
"2023-04-11",-0.000049,-0.000249,0.00041,-0.000471,0.000403,-0.000827,0.001912,-0.000287,0.000974
"2023-04-12",0.001935,-0.000429,-0.002572,0.000846,0.002703,-0.000489,0.002466,0.000241,0.000279
"2023-04-13",-0.005137,-0.002108,-0.001624,0.000275,0.000807,0.000064,-0.001959,-0.000275,-0.000669
"2023-04-14",0.004853,-0.001165,0.001607,0.0004,0.000217,0.00019,0.001209,-0.000481,-0.001285
"2023-04-17",0.009988,-0.000123,0.001392,0.004135,0.000971,-0.001807,-0.00078,-0.000032,0.000062
"2023-04-18",0.001707,0.001016,0.002368,0.001177,-0.000168,0.002442,-0.00229,0.000336,-0.000341
"2023-04-19",-0.007145,-0.001781,-0.001054,0.003989,-0.000639,-0.00204,0.000244,-0.001301,-0.000264
"2023-04-20",-0.000352,-0.000681,0.00376,0.004157,0.002827,-0.000123,0.00169,0.00015,0.000513
"2023-04-21",-0.020663,-0.003021,0.001667,-0.000131,-0.000369,0.00116,-0.004587,0.000194,0.000797
"2023-04-24",-0.009096,-0.002391,-0.00291,0.001075,0.000768,-0.000974,0.001258,-0.000492,0.001693
"2023-04-25",-0.005359,-0.003295,0.003775,0.007039,0.001969,-0.003088,-0.003403,0.001624,-0.000482
"2023-04-26",0.000342,0.001507,-0.005026,-0.003926,-0.001347,0.002145,-0.001351,-0.001605,0.000538
"2023-04-27",0.004316,-0.001827,0.001096,0.00072,-0.000979,-0.00235,-0.005091,-0.000865,-0.001291
"2023-04-28",0.012032,-0.00037,-0.005322,0.001286,0.002756,-0.001349,0.006118,-0.000073,0.002356
"2023-05-04",0.004472,-0.003226,-0.003179,0.001021,0.003075,-0.001584,-0.000139,0.000307,0.003026
"2023-05-05",-0.006074,-0.000071,-0.002449,-0.000525,0.001576,0.000542,-0.002492,-0.001322,-0.000024
"2023-05-08",0.012835,-0.000068,0.000092,0.001286,0.002891,-0.000575,0.000537,-0.00105,0.001286
"2023-05-09",-0.009568,-0.000214,0.001714,0.001705,0.00175,-0.004506,0.000485,0.00042,0.000492
"2023-05-10",-0.007467,0.003588,-0.001831,-0.003737,-0.00118,0.001797,0.000361,0.000234,0.001171
"2023-05-11",-0.003037,0.000719,-0.004886,-0.003242,-0.00056,-0.000566,-0.000037,-0.000473,-0.000327
"2023-05-12",-0.011849,-0.001565,-0.002607,0.001815,0.000718,-0.001509,-0.000965,0.001145,-0.000707
"2023-05-15",0.011025,0.001827,-0.000343,-0.001684,-0.001395,0.002679,0.000405,0.000704,-0.000866
"2023-05-16",-0.007752,-0.001465,-0.002198,0.000947,-0.001363,-0.001371,-0.000612,0.000456,-0.002286
"2023-05-17",-0.001963,-0.000666,-0.006288,0.000633,-0.000245,-0.001027,0.00276,0.000078,0.000864
"2023-05-18",0.001921,0.000787,-0.003317,0.006124,0.000277,-0.0002,0.000096,0.000478,0.000514
"2023-05-19",-0.002455,0.001115,-0.000766,0.000106,-0.002093,0.000093,-0.002472,0.000912,-0.001
"2023-05-22",0.00257,0.000075,-0.001761,-0.001515,-0.00196,-0.000819,-0.001117,0.000049,-0.000371
"2023-05-23",-0.012943,-0.000683,-0.002458,-0.002737,-0.000968,0.001009,-0.001928,0.000925,-0.000539
"2023-05-24",-0.011048,-0.000915,-0.004027,0.00159,-0.001605,-0.000845,0.002076,0.000025,-0.001451
"2023-05-25",-0.001522,-0.000285,-0.001266,0.00108,-0.000235,0.000588,0.000935,-0.000604,-0.000071
"2023-05-26",0.00457,0.0001,-0.000192,0.006977,0.00176,-0.001345,-0.000184,0.000629,0.000448
"2023-05-29",-0.000425,-0.000847,0.001573,0.004642,0.002643,-0.001161,-0.000701,0.000367,-0.001088
"2023-05-30",0.002953,0.000418,-0.000861,0.003561,0.002259,0.000642,0.001905,0.000088,0.000687
"2023-05-31",-0.004265,0.000432,-0.00045,0.002858,0.000817,-0.000727,-0.000064,-0.00108,-0.000002
"2023-06-01",0.000123,0.002466,-0.000684,-0.002781,0.002504,0.003739,0.000399,0.000693,0.000298
"2023-06-02",0.008765,0.004708,-0.000661,-0.005284,0.001094,0.00402,-0.001268,0.001004,0.000393
"2023-06-05",-0.001932,-0.001018,-0.003164,0.004357,0.000192,-0.000623,0.00081,-0.001,0.000814
"2023-06-06",-0.013975,-0.001769,0.00081,0.00131,-0.000622,0.000287,-0.001496,-0.000693,-0.000942
"2023-06-07",-0.001275,-0.001385,-0.002235,0.003324,0.000642,-0.000991,0.001946,-0.001943,0.000148
"2023-06-08",0.002488,0.000098,0.00042,-0.000881,0.001085,-0.002249,0.000219,-0.000389,0.000369
"2023-06-09",0.006647,-0.000788,0.003059,-0.000235,0.000377,0.001875,0.003086,0.000025,-0.000724
"2023-06-12",0.002245,0.003796,-0.001552,-0.002614,-0.002323,0.000999,-0.000746,0.000655,0.000394
"2023-06-13",0.00312,0.001512,-0.000661,-0.000078,0.000634,0.000925,-0.00023,0.000576,0.000324
"2023-06-14",0.001627,0.001521,0.00095,0.00237,0.000436,0.001228,-0.001242,0.001837,0.000026
"2023-06-15",0.009965,0.002933,0.004153,-0.004494,-0.001984,0.002072,-0.001501,-0.00028,-0.000316
"2023-06-16",0.007188,0.002217,0.000389,0.001606,0.001762,0.002265,0.001432,0.000826,0.000004
"2023-06-19",-0.002683,0.002363,0.000282,0.003604,0.000152,0.002231,0.000413,0.000498,-0.001622
"2023-06-20",-0.002133,0.001392,0.001746,0.000794,-0.000331,0.00157,-0.002071,0.00168,-0.000066
"2023-06-21",-0.016806,-0.001943,-0.003226,0.000061,-0.000679,-0.005113,-0.00189,-0.000713,0.000997
"2023-06-26",-0.015361,-0.002231,-0.000238,-0.002896,-0.000509,-0.001831,-0.002091,-0.000096,-0.000777
"2023-06-27",0.011402,0.000817,-0.004203,0.000749,0.001473,0.000321,0.001509,-0.000733,0.001999
"2023-06-28",-0.000795,-0.00195,-0.00097,0.001461,-0.000329,-0.003333,-0.001522,-0.000005,0.000196
"2023-06-29",-0.001838,-0.000478,-0.00567,0.003445,-0.000777,-0.002096,-0.000306,0.000433,-0.000298
"2023-06-30",0.007815,0.001312,-0.001247,-0.002366,-0.00022,0.001355,0.000906,-0.000236,0.000685
"2023-07-03",0.009503,-0.000636,0.002483,-0.005596,0.000024,0.001905,0.001111,-0.0021,0.000422
"2023-07-04",0.000716,0.002573,-0.002233,-0.001919,-0.001185,0.000455,-0.000047,-0.000927,-0.000439
"2023-07-05",-0.007427,-0.00044,-0.001617,0.000337,-0.000039,-0.002761,-0.00162,-0.000435,-0.000228
"2023-07-06",-0.005027,0.000371,-0.001805,0.000561,0.000538,0.000083,0.002013,-0.001606,0.000312
"2023-07-07",-0.00289,-0.001498,-0.000836,0.002034,0.00081,-0.003411,-0.001534,-0.00011,0.000353
"2023-07-10",0.00287,-0.000458,0.001381,-0.004252,-0.001136,-0.000279,-0.000209,-0.000016,0.000096
"2023-07-11",0.006077,0.00087,0.000224,0.000331,-0.000645,-0.001594,-0.000621,-0.000181,-0.000778
"2023-07-12",-0.009073,-0.000936,0.000311,-0.003532,-0.00241,-0.001342,-0.002404,-0.000565,-0.000543
"2023-07-13",0.013292,0.001766,0.000437,0.001315,0.000817,0.000975,0.000146,-0.000295,-0.000476
"2023-07-14",-0.000386,-0.000132,-0.001634,0.003295,0.002375,0.000541,-0.00035,0.00095,0.00064
"2023-07-17",-0.00408,-0.002218,-0.001359,0.001504,-0.000071,-0.0021,-0.000856,-0.000072,0.00075
"2023-07-18",-0.002247,0.00012,-0.000633,-0.001971,-0.000679,-0.002581,-0.001152,-0.000424,-0.000553
"2023-07-19",-0.000205,-0.000484,0.000272,-0.000349,0.00153,0.000006,-0.000135,0.001324,0.001075
"2023-07-20",-0.010117,-0.00159,0.000129,-0.004249,-0.001151,-0.000599,-0.00091,0.000113,0.000656
"2023-07-21",0.000369,-0.000254,0.001631,-0.003266,0.000784,0.000189,-0.002953,0.000346,0.000413
"2023-07-24",-0.001922,-0.001295,-0.002245,0.004213,0.001227,-0.001643,-0.000657,-0.000761,-0.000345
"2023-07-25",0.019886,0.00549,-0.000115,-0.004804,0.000429,0.001018,0.001662,0.001149,0.000368
"2023-07-26",-0.003093,-0.002327,-0.000343,-0.004994,-0.000366,-0.000914,-0.001725,0.00004,-0.000519
"2023-07-27",-0.003138,-0.00015,0.000069,0.000414,0.001317,-0.001763,-0.000989,-0.000564,0.000735
"2023-07-28",0.017241,0.00224,0.002708,-0.003911,0.001725,-0.000946,-0.000243,0.000939,0.000966
"2023-07-31",0.007382,0.001994,-0.000125,-0.004855,0.001667,0.004039,0.000597,-0.000928,0.001869
"2023-08-01",-0.000893,-0.001402,0.001654,0.000315,0.001267,0.000607,-0.002578,0.000042,0.000271
"2023-08-02",-0.005372,-0.000308,-0.001341,0.001002,-0.000768,-0.001517,-0.000038,0.000542,-0.000557
"2023-08-03",0.005887,0.000624,0.001841,-0.002208,0.000589,0.001523,0.000284,-0.000253,-0.00053
"2023-08-04",0.003317,0.001882,0.001071,0.001463,0.000726,0.001381,0.000357,0.000758,0.00087
"2023-08-07",-0.007124,-0.001885,0.000218,0.002266,-0.00111,-0.000382,0.000524,-0.000864,0.000188
"2023-08-08",-0.003201,-0.000998,-0.001891,0.001702,-0.000647,-0.001905,-0.000687,-0.000341,-0.000157
"2023-08-09",-0.006166,-0.001183,0.001203,-0.005268,-0.001114,-0.000196,-0.000666,-0.001087,-0.000094
"2023-08-10",0.003111,-0.00036,-0.001525,-0.000898,-0.000754,-0.002177,0.001312,-0.00034,-0.000512
"2023-08-11",-0.020452,-0.001956,-0.002367,0.00173,0.000543,-0.000525,-0.000917,0.000458,-0.000651
"2023-08-14",-0.001949,-0.00114,-0.001474,0.004819,0.000947,-0.000302,0.001489,0.000518,0.000658
"2023-08-15",-0.003221,-0.001298,-0.0006,0.001835,0.000834,-0.002126,0.000221,-0.000086,0.000449
"2023-08-16",-0.008481,-0.000849,-0.001017,-0.001616,-0.000283,-0.002573,0.000934,-0.000386,0.000159
"2023-08-17",0.004769,0.001225,-0.003014,0.002028,-0.000695,-0.000529,0.001199,0.000531,0.00036
"2023-08-18",-0.013417,-0.000985,-0.001905,0.000353,-0.000686,-0.00278,-0.002362,-0.000207,-0.001564
"2023-08-21",-0.012331,-0.000836,-0.002426,0.001411,0.001139,-0.00125,0.002578,0.000841,0.000323
"2023-08-22",0.007829,0.001842,0.002841,0.00497,0.000811,0.00394,0.0002,-0.000746,0.000373
"2023-08-23",-0.016746,-0.002911,-0.001835,0.001504,0.0005,-0.003998,0.000284,-0.000413,0.00022
"2023-08-24",0.00384,0.001104,0.002283,0.000886,-0.002236,0.000359,-0.001525,0.000936,-0.001296
"2023-08-25",-0.007883,-0.002313,0.002476,-0.000297,0.000697,-0.004377,-0.001786,0.000477,0.00007
"2023-08-28",0.01041,0.002133,-0.001192,0.000625,0.003583,-0.002891,0.002374,0.001065,0.002084
"2023-08-29",0.01399,0.003677,-0.006271,-0.000983,-0.003331,0.006668,0.001004,-0.00079,-0.002566
"2023-08-30",0.000066,0.00235,-0.002296,0.000516,-0.002238,0.004988,-0.003016,0.000112,-0.001714
"2023-08-31",-0.006101,-0.001359,-0.001241,0.001106,-0.001105,0.000018,-0.000688,0.000127,-0.000798
"2023-09-01",0.005413,0.001625,-0.000437,0.001013,0.00056,-0.00113,-0.000904,-0.000744,0.000187
"2023-09-04",0.014128,0.002725,-0.002774,-0.003418,0.002922,0.001805,0.000397,0.001282,0.002753
"2023-09-05",-0.008,-0.000674,-0.000379,-0.001302,-0.002188,-0.002144,-0.000287,-0.00022,-0.000161
"2023-09-06",-0.001329,0.000545,-0.001542,-0.001446,-0.001318,-0.000236,-0.000589,-0.001503,0.000158
"2023-09-07",-0.012917,-0.001502,-0.000487,0.002001,-0.000622,-0.002585,-0.000537,0.000107,-0.000073
"2023-09-08",-0.001707,-0.000386,0.000258,-0.000169,-0.000554,-0.001129,-0.000186,-0.001485,0.000085
"2023-09-11",0.009579,0.001489,0.001718,0.0007,0.001614,0.000883,-0.000887,0.000323,-0.000113
"2023-09-12",-0.001845,-0.000279,0.000664,-0.000466,0.001087,-0.000274,-0.000064,-0.000392,-0.000004
"2023-09-13",-0.006456,-0.002345,0.000385,0.000754,-0.000151,-0.000004,-0.000934,0.000044,-0.000552
"2023-09-14",-0.000411,-0.001524,0.001702,0.000234,0.001018,-0.001047,-0.001573,-0.000433,0.001295
"2023-09-15",-0.001886,-0.000019,0.000307,-0.000355,-0.0003,-0.00104,-0.00139,-0.000892,-0.000338
"2023-09-18",0.00156,0.001183,-0.005191,-0.001258,-0.001179,-0.001127,0.000776,0.000282,0.000491
"2023-09-19",-0.002544,-0.001119,0.002319,0.001803,0.001413,-0.001005,-0.002073,-0.000246,-0.000786
"2023-09-20",-0.004836,-0.001106,-0.000429,0.001719,0.000709,-0.001539,0.00015,0.000143,0.000057
"2023-09-21",-0.007856,0.000114,-0.001091,0.000007,0.000756,-0.000106,0.000402,0.000315,0.001113
"2023-09-22",0.01368,0.003389,-0.001131,0.000718,0.00118,0.003563,0.001095,0.000749,-0.001006
"2023-09-25",-0.004517,-0.001356,-0.000305,0.000633,-0.000994,-0.00003,0.001055,-0.000147,-0.000288
"2023-09-26",-0.003842,-0.000249,0.00049,0.003532,0.000411,0.000915,-0.000687,0.001002,-0.000346
"2023-09-27",0.003225,0.000847,0.000901,-0.002081,-0.001225,0.001553,-0.001202,-0.000209,-0.000339
"2023-09-28",0.000559,0.000312,-0.004271,0.001149,-0.000384,-0.000532,0.001849,-0.000245,0.001471
"2023-10-09",-0.002223,-0.000171,0.001443,-0.0003,-0.000873,-0.000223,0.002284,-0.000887,0.001374
"2023-10-10",-0.007133,0.000317,-0.00147,-0.001148,-0.001978,-0.002389,0.003175,-0.001194,0.001145
"2023-10-11",0.000182,0.002381,0.000592,-0.001947,0.000197,0.003185,-0.000333,-0.000223,-0.001565
"2023-10-12",0.007762,0.000447,0.001711,-0.003516,0.001006,-0.000096,0.000315,-0.001443,0.001785
"2023-10-13",-0.007014,-0.001084,0.001429,-0.000563,-0.000064,0.000967,-0.00059,-0.00168,0.000865
"2023-10-16",-0.006319,-0.002763,-0.002091,0.002969,-0.000335,-0.002373,0.000582,-0.001404,0.001328
"2023-10-17",0.002566,-0.00063,0.000901,0.001065,0.000161,-0.001884,-0.000072,0.00051,-0.000861
"2023-10-18",-0.010746,-0.000827,0.002105,0.000719,-0.000206,-0.000517,-0.000517,-0.000291,0.000447
"2023-10-19",-0.016082,0.000617,-0.002916,0.000098,-0.0002,-0.001711,-0.00031,-0.000098,-0.001235
"2023-10-20",-0.007836,-0.000485,-0.001777,-0.002993,0.001176,-0.000854,-0.000035,0.001551,0.000909
"2023-10-23",-0.016796,-0.001535,0.002123,0.000952,-0.000393,0.000345,-0.001135,0.000069,0.000705
"2023-10-24",0.007314,-0.000631,-0.009313,0.001124,-0.001073,-0.000659,0.002578,-0.000699,-0.001777
"2023-10-25",0.006048,-0.000311,-0.003014,-0.000296,0.000768,-0.001062,0.001898,-0.002935,0.001731
"2023-10-26",0.004389,-0.000116,0.002334,0.001423,0.00108,-0.001256,-0.000606,-0.000367,-0.00051
"2023-10-27",0.014938,0.002733,0.001158,-0.004754,-0.000648,0.002676,-0.003017,0.001405,-0.002184
"2023-10-30",0.005838,0.00383,-0.001041,-0.000673,-0.000914,0.002222,-0.000597,-0.001431,-0.00179
"2023-10-31",-0.003287,-0.001036,-0.001303,-0.000835,-0.000865,-0.001979,-0.000264,-0.000217,0.000278
"2023-11-01",-0.003321,-0.000576,-0.003562,-0.000366,-0.000136,-0.002104,-0.000759,0.000537,0.000889
"2023-11-02",-0.007379,-0.001251,-0.000537,0.000683,0.001156,-0.002101,-0.000531,-0.000038,0.001036
"2023-11-03",0.007896,0.002905,-0.000222,-0.001779,-0.001082,0.002182,0.00058,-0.000432,-0.00153
"2023-11-06",0.01335,0.003905,-0.000958,-0.003249,0.001203,0.006821,0.001142,0.00087,-0.000399
"2023-11-07",-0.000461,-0.000758,-0.002581,0.001204,-0.000348,0.001839,0.002225,-0.000083,0.000271
"2023-11-08",-0.001322,0.000342,-0.002067,-0.000845,0.000385,0.003904,-0.000779,0.001263,0.000527
"2023-11-09",-0.001465,-0.00006,-0.000408,-0.000866,0.000885,0.000176,-0.001929,0.000565,-0.000874
"2023-11-10",-0.004972,-0.001554,-0.002027,0.000793,-0.000209,-0.003212,0.000288,0.001085,-0.000152
"2023-11-13",0.001926,-0.000526,-0.002899,-0.001025,0.000718,0.000629,0.002832,-0.000257,0.001203
"2023-11-14",0.003326,0.001551,0.000906,-0.00018,0.000169,0.003104,0.000053,-0.000913,0.000123
"2023-11-15",0.005031,0.001936,-0.000983,-0.00035,0.000014,0.000996,-0.001143,-0.00036,-0.000207
"2023-11-16",-0.008614,-0.002803,-0.000908,0.002193,-0.000855,-0.002231,0.000065,-0.000649,0.000564
"2023-11-17",0.001742,0.000609,-0.001651,0.00042,-0.00065,0.000203,-0.001201,0.000173,0.000104
"2023-11-20",0.004128,-0.000367,-0.002978,-0.00159,-0.001061,0.002277,0.000234,-0.001393,0.000931
"2023-11-21",-0.002176,0.001169,-0.004333,-0.000609,0.001858,0.002143,-0.004742,0.000661,0.00068
"2023-11-22",-0.010458,-0.002216,-0.00885,0.000845,0.000242,0.00022,-0.005157,0.000181,0.000703
"2023-11-23",0.006851,0.001663,0.000702,0.001835,0.001084,-0.002435,0.000526,0.000714,-0.000112
"2023-11-24",-0.006741,-0.000508,-0.007188,0.000975,0.001707,0.00258,-0.006478,0.001135,0.000347
"2023-11-27",-0.002084,0.000777,-0.010101,0.001707,0.00147,0.00679,-0.008215,0.00102,-0.001535
"2023-11-28",0.002103,0.000433,0.001118,0.000137,-0.000524,-0.00531,0.00306,0.000018,-0.000342
"2023-11-29",-0.006959,-0.001458,0.00511,0.003368,-0.002906,-0.007046,0.002648,-0.000457,-0.000778
"2023-11-30",0.001452,-0.001931,0.002772,0.002105,0.000195,0.000193,-0.000585,-0.000257,-0.0005
"2023-12-01",0.001166,0.000392,0.001882,0.002059,0.001445,-0.000928,0.003498,0.000396,0.001235
"2023-12-04",-0.00346,-0.003513,-0.002092,0.001864,-0.000803,-0.001759,0.001296,0.000091,0.001262
"2023-12-05",-0.01653,-0.001191,-0.009354,-0.000803,0.001821,0.009074,-0.007625,0.001294,0.000176
"2023-12-06",0.001532,0.001148,-0.001028,-0.001255,0.000147,-0.002482,0.001134,0.000925,-0.000128
"2023-12-07",-0.000986,0.001473,-0.002163,0.001041,0.001873,0.003301,-0.003611,0.000442,-0.000522
"2023-12-08",0.002347,0.001816,0.006182,-0.000033,0.001081,0.004977,-0.0016,0.000937,-0.001931
"2023-12-11",0.008823,-0.00032,0.003118,0.003016,-0.001893,-0.004164,0.001293,0.000375,-0.0002
"2023-12-12",0.002433,-0.001472,-0.003545,0.001285,0.000853,0.000649,-0.000185,-0.000019,0.001264
"2023-12-13",-0.012494,-0.002281,-0.005673,0.002365,0.000767,0.001139,-0.003638,0.001023,0.000036
"2023-12-14",-0.0041,-0.000786,-0.002876,-0.000996,0.000274,-0.000218,-0.003015,0.000736,-0.000195
"2023-12-15",-0.005604,0.000805,-0.003165,-0.002217,0.000193,-0.000428,0.001429,-0.000047,-0.000065
"2023-12-18",-0.007222,-0.001823,-0.002011,0.003778,0.0008,0.002708,-0.002743,0.001638,-0.000782
"2023-12-19",-0.000423,0.001779,-0.00072,0.000578,-0.000848,-0.002127,0.0014,-0.000245,-0.000865
"2023-12-20",-0.011654,-0.001895,-0.005432,0.000411,0.000078,-0.000105,-0.00122,0.000211,-0.000817
"2023-12-21",0.005673,0.001615,0.005388,-0.003931,-0.001924,-0.006076,0.005528,-0.000423,0.001435
"2023-12-22",-0.002833,-0.00059,0.002642,-0.001977,0.000251,0.002226,-0.003636,-0.0001,-0.000664
"2023-12-25",0.003086,0.001365,0.000876,0.002127,0.000593,0.006241,-0.003853,-0.000023,-0.000361
"2023-12-26",-0.008207,-0.0029,-0.000535,-0.000726,0.000433,0.003778,-0.002626,0.00075,0.000203
"2023-12-27",0.006106,-0.000891,0.000283,0.005379,-0.000331,-0.004746,0.001132,-0.00144,-0.000668
"2023-12-28",0.015655,0.005926,-0.004667,-0.013995,-0.00027,0.003735,0.001493,0.000136,0.000905
"2023-12-29",0.007201,0.001766,-0.004138,0.004583,-0.000666,0.002,-0.001896,0.00045,-0.000012
"2024-01-02",-0.005273,-0.004166,-0.008837,0.00303,0.000514,-0.003394,-0.001426,0.000102,0.00191
"2024-01-03",-0.001302,-0.002781,-0.000383,-0.000721,0.002151,-0.001557,0.000419,-0.000557,0.001539
"2024-01-04",-0.006973,-0.002268,-0.002401,0.003657,0.000005,-0.002871,-0.000157,-0.00049,-0.000086
"2024-01-05",-0.009268,-0.000758,0.003536,0.000162,-0.000141,-0.006091,-0.000213,0.000113,-0.000608
"2024-01-08",-0.016656,-0.001887,0.000874,0.000285,-0.000925,-0.004149,0.004203,-0.00057,0.000948
"2024-01-09",0.002566,0.000455,-0.000443,-0.001122,-0.001227,-0.002988,0.002078,-0.001421,0.000852
"2024-01-10",-0.003997,0.000727,-0.000753,-0.003096,0.000673,0.002368,-0.004549,0.001568,-0.000264
"2024-01-11",0.00661,0.003279,-0.001959,-0.002978,-0.000184,0.002825,0.003289,-0.000024,0.000683
"2024-01-12",-0.002886,-0.001442,0.007284,-0.001311,-0.001846,-0.008369,0.001419,-0.001325,0.000124
"2024-01-15",0.000125,-0.001542,0.003902,0.003598,-0.001002,-0.004451,0.001865,-0.001218,0.000722
"2024-01-16",0.003127,0.001039,-0.003365,0.001332,0.001181,0.006074,-0.004228,0.000595,-0.000487
"2024-01-17",-0.021407,-0.002129,-0.000139,0.002975,0.000313,-0.003096,-0.000599,0.000971,0.00072
"2024-01-18",0.004341,0.003557,0.002571,-0.00208,-0.000158,0.00894,0.000448,0.001943,0.00004
"2024-01-19",-0.005196,-0.000143,0.000067,0.001828,0.001884,0.001858,-0.005239,0.001684,-0.00001
"2024-01-22",-0.03374,-0.001691,0.008502,0.000758,0.000006,0.002054,-0.000643,0.000361,0.001102
"2024-01-23",0.010866,0.000753,0.00821,-0.00024,0.000252,0.005669,-0.000345,0.001815,0.000859
"2024-01-24",0.016011,-0.003053,-0.000101,0.000586,0.001799,-0.00426,0.001659,-0.000824,0.003147
"2024-01-25",0.027151,0.001536,-0.002889,-0.000946,0.002026,-0.003001,-0.000741,-0.003817,0.00111
"2024-01-26",-0.002794,-0.003287,-0.003051,0.00131,0.000814,-0.007188,0.000605,-0.00064,0.003115
"2024-01-29",-0.012722,-0.00235,0.012331,0.002408,0.000339,-0.009752,-0.000306,-0.001883,0.000292
"2024-01-30",-0.020216,-0.000822,0.004729,0.003704,0.00194,-0.00146,-0.001064,0.000043,-0.000725
"2024-01-31",-0.015848,-0.003699,0.011078,0.005606,0.001017,0.003322,-0.006483,0.001583,-0.002348
"2024-02-01",-0.002902,0.001268,0.008895,0.00055,-0.000927,0.000527,0.002619,0.001718,-0.001952
"2024-02-02",-0.017184,-0.00507,0.01245,0.00367,-0.000768,-0.003195,0.00197,0.000163,-0.000396
"2024-02-05",-0.012728,-0.010307,0.031234,0.003115,-0.002932,0.00121,-0.007428,0.006014,-0.002187
"2024-02-06",0.045425,0.006151,0.025921,0.001116,0.003239,0.006934,-0.006052,0.005172,-0.004727
"2024-02-07",0.02348,0.004748,0.039696,-0.001608,0.001121,0.003954,-0.010549,0.002205,-0.000551
"2024-02-08",0.012599,0.006816,-0.028475,-0.004148,0.003825,-0.007165,0.004522,-0.003306,-0.003534
"2024-02-19",0.015021,-0.003977,-0.015814,0.00426,-0.001402,0.005644,0.00584,-0.003075,0.002773
"2024-02-20",0.006377,-0.00428,-0.006258,0.000965,-0.001019,0.005225,0.002479,-0.001543,0.000671
"2024-02-21",0.01016,-0.001839,-0.008648,-0.007167,-0.000032,0.001808,0.000375,-0.000789,0.001507
"2024-02-22",0.011788,-0.001116,-0.00794,-0.001972,-0.001186,0.003482,0.004657,-0.002444,0.001238
"2024-02-23",0.005183,0.000457,-0.011339,-0.004095,-0.000085,0.004443,0.00229,-0.002966,0.000889
"2024-02-26",-0.005325,-0.000024,-0.007231,-0.001901,-0.001529,0.000121,0.001062,0.000088,0.000431
"2024-02-27",0.017066,0.002175,-0.00572,-0.000217,0.000698,0.00537,0.002199,0.000963,-0.000181
"2024-02-28",-0.018271,-0.0038,0.02143,0.003127,0.000872,-0.004361,-0.00432,0.001714,0.000707
"2024-02-29",0.024678,0.004398,-0.004234,-0.000463,-0.000604,0.002636,0.002488,0.001393,0.001181
"2024-03-01",0.005305,0.004401,-0.003027,0.0002,-0.00039,-0.000199,0.002704,0.000615,0.000392
"2024-03-04",0.003176,0.000772,0.001728,0.005216,-0.002212,0.001973,0.002509,-0.001178,0.000418
"2024-03-05",0.001199,-0.002604,0.008832,0.003728,-0.001481,-0.001842,-0.000592,-0.000678,-0.000788
"2024-03-06",-0.001909,-0.001044,-0.006787,-0.000081,-0.00029,-0.000507,0.003135,-0.001272,0.000518
"2024-03-07",-0.00732,-0.004458,-0.001686,0.000228,-0.000288,-0.005748,0.000044,-0.000691,0.001404
"2024-03-08",0.007855,0.002354,-0.000093,0.001735,0.000003,0.002991,0.000468,-0.000436,-0.000006
"2024-03-11",0.01102,0.003166,-0.001896,-0.004668,0.000668,0.00306,-0.000091,0.001308,-0.001332
"2024-03-12",-0.001443,0.001538,-0.004979,-0.007077,0.000026,0.000461,0.000568,0.001142,0.000167
"2024-03-13",-0.003529,0.00151,-0.00094,-0.000037,-0.001062,0.000659,-0.000974,-0.000135,-0.000249
"2024-03-14",-0.002609,-0.001339,0.000199,0.002662,0.000584,-0.0006,-0.000688,-0.001415,0.000374
"2024-03-15",0.00701,0.002386,-0.006719,0.003306,0.000999,0.001258,-0.001142,-0.000347,0.00007
"2024-03-18",0.011263,0.002461,-0.00377,-0.002336,-0.000277,0.003147,0.000697,-0.000604,0.000056
"2024-03-19",-0.007372,-0.000528,-0.003164,-0.002149,-0.000519,0.000174,-0.000078,0.00005,0.000255
"2024-03-20",0.003141,-0.000188,-0.003921,-0.003065,-0.000044,0.00294,0.000243,-0.00059,0.000826
"2024-03-21",-0.002309,-0.002162,-0.001541,-0.000828,-0.000347,-0.001782,0.00138,-0.001964,0.001102
"2024-03-22",-0.011945,-0.001343,0.000951,0.004789,0.000222,-0.00152,-0.000561,-0.000365,-0.000457
"2024-03-25",-0.009928,-0.003652,0.005271,0.003736,-0.00061,-0.006017,-0.00068,-0.000108,-0.001266
"2024-03-26",0.001421,-0.001885,0.000026,-0.002903,-0.00049,-0.001982,0.001059,-0.000352,0.000092
"2024-03-27",-0.016707,-0.004384,0.001064,0.005027,0.000646,-0.004104,-0.004953,0.000876,-0.000723
"2024-03-28",0.00868,0.003037,-0.004052,-0.00244,-0.000389,0.002222,0.003799,-0.000877,0.001636
"2024-03-29",0.008513,-0.000982,-0.002081,0.002686,-0.000635,-0.004151,-0.000276,-0.000218,-0.000183
"2024-04-01",0.016022,0.004506,-0.000796,-0.004188,0.000865,0.001368,0.000733,0.000625,-0.000495
"2024-04-02",-0.003491,-0.001799,-0.001948,-0.002633,0.0006,-0.002133,-0.002237,0.000332,0.000312
"2024-04-03",-0.002347,-0.002706,0.001458,0.002274,0.000101,-0.005815,-0.001956,-0.000158,-0.000337
"2024-04-08",-0.009759,-0.004728,0.008077,0.006338,-0.000064,-0.005825,0.001509,-0.000783,-0.00034
"2024-04-09",0.002051,0.003303,-0.004283,-0.006004,0.000233,0.0013,-0.001902,0.00084,-0.000977
"2024-04-10",-0.008996,-0.002904,0.001858,0.003366,0.000155,-0.001155,-0.002191,0.00103,-0.000556
"2024-04-11",0.002951,-0.001879,0.00148,0.003423,0.001463,-0.003644,-0.000952,-0.000826,0.000468
"2024-04-12",-0.004936,-0.001326,-0.000321,0.005812,-0.001595,-0.003143,-0.00179,0.000721,-0.001187
"2024-04-15",0.015004,-0.002585,0.026413,0.005701,0.000414,-0.008148,-0.00212,0.004518,-0.002456
"2024-04-16",-0.018199,-0.003849,0.023387,0.00548,0.00077,-0.006709,-0.004044,0.00292,-0.004171
"2024-04-17",0.022711,0.006613,-0.020648,-0.001202,0.001361,0.007021,0.002945,-0.00223,0.00198
"2024-04-18",0.001301,0.000873,0.000327,0.002394,-0.001383,-0.000519,-0.000885,0.001519,0.000048
"2024-04-19",-0.005107,-0.003902,0.001414,0.001233,-0.000541,-0.002881,0.000853,0.000247,0.000705
"2024-04-22",-0.007503,0.001701,0.001636,-0.00264,-0.00251,-0.004176,-0.003772,0.001287,-0.00253
"2024-04-23",-0.008539,0.00206,-0.011278,-0.002232,-0.00009,0.004231,-0.001074,0.000211,-0.000083
"2024-04-24",0.00732,0.00329,-0.006847,0.00475,-0.000014,0.002349,0.000915,-0.001703,0.000268
"2024-04-25",0.001551,0.00104,-0.002696,-0.001822,0.000138,0.001404,-0.000235,-0.001304,0.000368
"2024-04-26",0.014719,0.005441,0.002159,0.00182,0.001437,0.001968,0.000228,-0.000162,0.000626
"2024-04-29",0.014142,0.004249,-0.004514,-0.007494,0.001115,0.004625,-0.000662,-0.000979,0.000548
"2024-04-30",-0.003766,-0.002309,-0.00073,0.001039,-0.001277,-0.001748,-0.002408,-0.000749,-0.000408
"2024-05-06",0.016369,0.000325,-0.002508,-0.002251,0.000647,0.003312,0.000391,0.002235,-0.001062
"2024-05-07",0.000337,0.000099,-0.002576,-0.00357,-0.000761,0.003872,-0.00067,-0.000983,-0.000044
"2024-05-08",-0.008963,-0.002413,-0.000481,0.00126,-0.000398,0.0005,-0.001726,-0.001844,-0.000345
"2024-05-09",0.012207,0.000251,0.000209,-0.002893,0.00025,-0.001141,0.000357,0.001091,-0.001396
"2024-05-10",-0.000334,-0.002153,0.003292,0.001105,0.001122,-0.003852,0.000148,0.001101,0.000229
"2024-05-13",-0.000736,-0.001754,0.006672,0.003273,-0.000663,-0.005395,0.000585,0.0015,-0.000079
"2024-05-14",0.000179,-0.001588,-0.004093,-0.000134,-0.000329,-0.000899,0.001855,0.001443,0.001088
"2024-05-15",-0.008405,0.000211,-0.001618,-0.000156,-0.000008,0.002191,-0.001706,0.000197,0.001013
"2024-05-16",0.000377,0.001808,-0.004444,-0.002908,0.001648,0.003403,0.001004,0.000546,0.001556
"2024-05-17",0.010157,0.002916,-0.000857,-0.003613,0.001719,0.002733,-0.000335,0.000065,0.00031
"2024-05-20",0.005328,0.00084,0.000622,0.00189,-0.001089,0.000813,0.00116,-0.000913,-0.000545
"2024-05-21",-0.004744,-0.00087,0.001513,0.001294,0.000051,-0.000347,-0.000192,0.0005,-0.00034
"2024-05-22",0.000231,0.00125,-0.002662,-0.005858,0.00067,0.002428,0.001166,-0.000673,-0.000472
"2024-05-23",-0.014685,-0.001804,-0.001971,0.003204,0.000064,0.00096,-0.002265,0.000722,-0.001764
"2024-05-24",-0.009467,-0.003584,0.000174,0.001432,-0.000009,-0.006134,0.000418,-0.001291,0.001099
"2024-05-27",0.010744,0.000422,0.001425,0.003511,0.000374,-0.003647,0.002118,0.000299,0.000517
"2024-05-28",-0.008522,-0.00098,0.000372,0.000009,-0.001633,-0.001761,-0.001437,-0.000413,-0.000479
"2024-05-29",0.000919,0.000396,-0.001575,-0.0011,0.000104,-0.000044,0.001043,0.000245,-0.000946
"2024-05-30",-0.005029,0.001853,0.003569,-0.000405,0.000033,-0.004348,-0.001707,-0.000681,-0.001658
"2024-05-31",-0.001704,0.000219,-0.003152,-0.000252,-0.000398,-0.000381,0.000879,-0.001167,0.000202
"2024-06-03",-0.002617,0.000903,0.007518,0.004936,-0.000398,0.000607,0.000517,0.000376,-0.003319
"2024-06-04",0.010368,-0.000803,0.010544,0.003628,0.000723,-0.002636,0.001189,0.003153,-0.000365
"2024-06-05",-0.008854,0.000311,0.007033,-0.001826,-0.001554,-0.001912,-0.002222,-0.000433,-0.000651
"2024-06-06",-0.004501,-0.000815,0.013862,0.005992,-0.000081,-0.004192,0.000584,0.001912,-0.001703
"2024-06-07",-0.000919,-0.002623,-0.013295,-0.002118,0.001602,-0.001881,0.001043,-0.003125,0.002725
"2024-06-11",-0.004544,0.003105,-0.000899,-0.003159,-0.003123,0.001424,-0.000171,0.000535,-0.00204
"2024-06-12",0.00313,-0.000032,-0.006677,-0.000062,-0.000812,0.002677,0.002834,-0.001455,0.001512
"2024-06-13",-0.005774,0.001476,-0.000938,-0.000447,-0.000781,0.002056,-0.002465,0.000589,-0.002594
"2024-06-14",0.001889,0.001336,-0.001395,0.002825,0.00149,-0.002132,0.002345,0.000433,0.001778
"2024-06-17",-0.00292,0.000162,0.004971,0.000124,-0.001652,-0.001207,0.000539,0.000013,-0.000648
"2024-06-18",0.004159,0.000672,-0.004583,0.000953,0.001505,0.000932,0.002578,-0.00165,0.002293
"2024-06-19",-0.007426,-0.00118,-0.00573,0.00194,0.000913,-0.000185,0.001126,-0.001202,0.000185
"2024-06-20",-0.009601,-0.000454,0.001809,0.001988,-0.000618,0.000267,-0.00655,-0.001387,-0.003078
"2024-06-21",-0.000794,-0.000117,-0.000645,0.00375,0.000095,-0.003924,0.000855,-0.000504,-0.001068
"2024-06-24",-0.014258,-0.002598,0.008351,0.002559,-0.000677,-0.002628,-0.000349,0.000677,0.000344
"2024-06-25",-0.006029,-0.002704,-0.005666,0.000738,0.000682,-0.002772,0.000775,-0.000478,0.001679
"2024-06-26",0.010131,0.005459,-0.006876,-0.003578,0.001646,-0.000039,0.001468,0.0001,0.000471
"2024-06-27",-0.012974,-0.003528,-0.000707,-0.000056,-0.000344,-0.00393,0.001045,-0.000104,0.000349
"2024-06-28",0.004976,-0.000248,-0.00196,0.006187,0.000793,-0.002697,0.003868,-0.001968,0.001633
"2024-07-01",0.010231,-0.000418,0.000255,0.002355,0.001187,-0.001555,0.003033,-0.001639,0.001252
"2024-07-02",-0.005826,-0.002766,-0.005066,-0.004169,0.002192,0.000469,-0.000293,-0.000962,0.002983
"2024-07-03",-0.005646,0.001155,0.0028,-0.003731,0.001601,-0.001883,-0.000778,-0.000817,0.001196
"2024-07-04",-0.010302,-0.001949,0.005761,0.005021,0.000103,-0.00172,-0.000575,0.000071,-0.0003
"2024-07-05",0.001057,0.000307,-0.002579,0.000076,-0.001043,-0.001375,-0.000404,0.000017,0.000594
"2024-07-08",-0.010635,-0.002558,0.005055,0.003696,-0.001206,-0.002184,0.000272,-0.000805,-0.000754
"2024-07-09",0.013821,0.003921,-0.002443,0.004311,0.000642,-0.001387,0.003933,0.000047,0.000029
"2024-07-10",-0.005057,0.002717,0.002824,-0.001683,-0.000125,0.000688,-0.000796,0.000964,-0.001574
"2024-07-11",0.014477,0.003065,-0.004706,-0.006232,0.000932,0.000661,0.000526,0.000279,0.001363
"2024-07-12",-0.000088,0.000144,0.000963,-0.001416,0.001526,-0.000288,-0.000883,0.000734,0.000689
"2024-07-15",-0.001057,-0.003348,0.004861,0.002468,-0.000604,-0.00101,0.000413,-0.001238,-0.00047
"2024-07-16",0.003522,0.002157,-0.001342,-0.001119,0.000842,0.001153,0.001724,0.000478,-0.000496
"2024-07-17",-0.003371,-0.000732,-0.000959,-0.004229,-0.000536,-0.001849,-0.00395,0.002509,-0.001326
"2024-07-18",0.005991,-0.003302,0.007053,-0.001641,-0.001614,-0.000415,0.001227,0.000038,0.000216
"2024-07-19",0.001241,0.000935,-0.000283,-0.004065,-0.001214,-0.001572,0.00004,-0.001165,-0.001534
"2024-07-22",-0.005015,0.000957,-0.003067,-0.000579,-0.000391,0.000699,0.001433,-0.00099,0.001735
"2024-07-23",-0.022341,-0.003771,-0.003132,-0.001582,0.002061,0.00085,0.000506,-0.002566,0.002366
"2024-07-24",-0.007276,-0.002638,0.00245,0.002419,0.000767,-0.002859,0.001021,-0.001915,0.000202
"2024-07-25",-0.003616,-0.000909,-0.001776,-0.006001,-0.000391,-0.000946,0.000437,0.000876,-0.000545
"2024-07-26",0.006943,0.001542,-0.002204,0.00053,0.000298,-0.00278,0.001271,-0.000411,0.001808
"2024-07-29",-0.002289,-0.001849,-0.003989,0.00246,0.00176,0.005096,0.000239,-0.002403,0.00358
"2024-07-30",-0.003986,-0.000979,-0.002106,-0.003386,0.000256,0.000907,0.000462,-0.001634,0.001182
"2024-07-31",0.026978,0.007884,0.001346,-0.002115,-0.000204,0.000781,-0.000145,0.00271,-0.001232
"2024-08-01",-0.005157,-0.001376,-0.00248,0.000049,0.00017,0.000414,0.001085,-0.002564,0.00191
"2024-08-02",-0.009886,-0.004609,0.003238,-0.001918,-0.000658,-0.002574,0.000121,-0.000592,0.000739
"2024-08-05",-0.016279,-0.003438,0.004767,-0.0053,-0.001219,-0.003947,-0.001147,0.002288,0.000743
"2024-08-06",0.005605,0.002953,-0.005154,-0.003036,-0.000289,0.001107,0.000106,0.000309,-0.000881
"2024-08-07",-0.000075,-0.001001,-0.001956,0.002365,0.000159,-0.000455,-0.001029,0.000643,-0.000124
"2024-08-08",0.000257,-0.00085,0.001449,-0.000872,0.001431,-0.003524,-0.002824,0.001069,-0.000091
"2024-08-09",-0.005025,0.00103,-0.002179,0.004898,0.002246,-0.000237,-0.001093,0.001115,-0.000025
"2024-08-12",-0.001812,-0.000898,0.000329,0.002224,0.000602,-0.001069,-0.002297,0.001024,-0.001175
"2024-08-13",0.003182,0.000578,-0.002222,0.00138,0.000377,-0.000585,0.00122,-0.000456,-0.000421
"2024-08-14",-0.009523,-0.001546,-0.003982,0.000102,-0.000138,0.000818,0.001545,-0.000852,0.00176
"2024-08-15",0.008561,0.000841,0.000704,-0.002091,0.000485,0.001058,0.000154,-0.001576,0.002857
"2024-08-16",-0.002806,0.001227,-0.002506,0.00284,0.000158,-0.001285,-0.000891,-0.000365,-0.000262
"2024-08-19",0.004777,-0.000675,0.003057,0.001577,0.001351,-0.002329,-0.001281,0.001162,0.001363
"2024-08-20",-0.011743,-0.001842,-0.000076,0.001964,-0.000477,-0.000409,-0.000307,-0.000584,-0.000486
"2024-08-21",-0.004794,0.001108,-0.001754,0.001599,-0.000131,0.000241,-0.000102,0.000803,-0.000388
"2024-08-22",-0.005364,-0.001896,0.001917,0.003939,0.000742,-0.000327,-0.003964,0.000657,-0.000038
"2024-08-23",0.001955,0.000255,0.004419,-0.000369,-0.001188,-0.001056,-0.00148,-0.000215,0.001042
"2024-08-26",-0.000447,0.002781,-0.005806,-0.002735,0.001396,-0.000099,0.000355,-0.001113,0.000301
"2024-08-27",-0.006476,-0.002407,0.001845,0.000201,0.000205,-0.00094,-0.002671,0.001419,-0.00168
"2024-08-28",-0.003362,-0.000009,-0.002911,-0.000906,-0.001461,-0.003546,0.000236,-0.000995,0.000042
"2024-08-29",0.000488,0.004535,-0.001136,-0.002879,-0.002192,0.000507,0.000253,0.001527,0.000323
"2024-08-30",0.011953,0.004909,-0.002263,-0.002078,0.000526,0.004156,0.001594,0.001035,0.001096
"2024-09-02",-0.014481,-0.004319,-0.001994,0.001696,-0.000024,-0.000203,-0.001954,-0.001989,0.001547
"2024-09-03",0.003589,0.001134,0.001125,-0.003465,-0.001598,-0.000847,0.001812,0.001027,0.000186
"2024-09-04",-0.005516,-0.001278,0.002446,-0.002046,-0.001451,-0.000893,-0.001365,0.000908,-0.001506
"2024-09-05",0.003037,0.000432,-0.002013,-0.001138,0.00062,0.000645,0.000207,0.00125,-0.000179
"2024-09-06",-0.009841,-0.002765,0.002737,0.002745,0.000559,-0.000984,0.000196,-0.000352,0.001356
"2024-09-09",-0.010934,-0.000523,-0.003665,-0.000806,-0.000955,-0.001865,0.001188,-0.000795,0.000902
"2024-09-10",0.000957,0.002171,-0.003124,0.000027,-0.001664,-0.002001,0.000152,-0.000858,-0.000015
"2024-09-11",-0.003544,0.002592,0.003509,-0.002444,-0.00076,0.000563,-0.001618,0.002509,-0.002647
"2024-09-12",-0.002918,-0.001369,0.000026,0.000041,0.000751,0.000354,-0.002685,-0.001798,0.001787
"2024-09-13",-0.005649,-0.002036,0.000561,0.003961,-0.000181,-0.001018,-0.002647,-0.001373,0.001939
"2024-09-18",0.004763,-0.001477,0.004479,0.002282,-0.000243,-0.000372,0.000208,0.001789,-0.000281
"2024-09-19",0.00971,0.001574,-0.003922,-0.005497,0.000845,-0.000034,0.002298,-0.000317,0.002597
"2024-09-20",-0.001026,-0.00114,-0.000188,0.000854,-0.000852,-0.000628,0.001267,-0.000343,0.001658
"2024-09-23",0.002324,0.000298,-0.001,-0.001022,0.000372,0.00122,0.000254,-0.001473,0.002326
"2024-09-24",0.040317,0.005116,0.002482,-0.004086,0.002151,0.004313,-0.001847,0.001099,-0.0012
"2024-09-25",0.011072,-0.000384,-0.001291,-0.001606,0.00489,0.002003,0.001562,-0.000955,0.00168
"2024-09-26",0.040972,0.006865,0.004622,-0.00643,0.002073,0.003376,-0.001469,0.004011,0.000092
"2024-09-27",0.043761,0.009428,-0.001083,-0.007312,-0.001649,0.005555,0.002172,0.003648,-0.003105
"2024-09-30",0.092474,0.013676,-0.011881,-0.000223,0.000288,0.014037,-0.00451,0.00217,-0.007026
"2024-10-08",0.06142,0.029554,-0.018268,0.003949,0.002638,0.023683,-0.007789,0.001662,-0.006754
"2024-10-09",-0.070085,-0.0066,0.015542,0.002885,-0.001682,-0.005679,-0.000395,-0.001896,0.003433
"2024-10-10",0.006166,-0.011825,-0.003692,0.000409,0.002089,0.00261,-0.002492,-0.001824,-0.000226
"2024-10-11",-0.029656,-0.009885,0.001975,0.002683,0.000488,-0.001957,0.002113,-0.000796,0.00153
"2024-10-14",0.023309,0.009818,-0.007276,0.006665,0.000993,0.006808,0.00121,0.000003,0.000849
"2024-10-15",-0.025959,-0.000818,-0.00485,0.00168,-0.001296,-0.000403,0.003761,-0.00037,0.00152
"2024-10-16",-0.000961,-0.002416,-0.0054,0.000948,0.001735,0.000225,0.000907,0.000091,0.00091
"2024-10-17",-0.009014,0.004328,-0.005554,0.004963,-0.001416,0.003738,-0.00073,-0.000804,-0.000026
"2024-10-18",0.034237,0.016417,0.001237,0.004255,-0.000889,0.002952,-0.003944,0.000082,-0.002253
"2024-10-21",0.008243,0.012483,-0.010527,0.00305,-0.000684,0.008992,0.000595,-0.00126,0.001336
"2024-10-22",0.006083,-0.00693,0.002866,-0.004703,-0.000682,-0.005235,0.00438,-0.001558,0.001889
"2024-10-23",0.004681,0.000548,-0.000104,-0.002683,0.000257,0.00184,-0.004148,-0.000865,0.000066
"2024-10-24",-0.007713,0.00122,-0.008066,0.004132,0.000075,0.001196,-0.003973,0.000264,0.001619
"2024-10-25",0.00907,0.002086,-0.000163,-0.005097,-0.001089,0.00082,-0.000006,-0.002157,-0.001192
"2024-10-28",0.009101,0.000254,-0.00815,-0.000162,0.000961,0.002934,0.000991,-0.001602,0.004924
"2024-10-29",-0.009636,-0.000909,-0.001138,0.005567,-0.000827,0.004126,-0.002227,0.000939,0.000862
"2024-10-30",-0.003384,-0.00356,-0.000039,0.001994,0.000388,-0.000946,0.004222,-0.001925,0.003818
"2024-10-31",0.003973,0.000353,0.000365,-0.004996,0.000016,0.001127,0.003723,-0.004111,0.002172
"2024-11-01",-0.006199,-0.007793,0.010011,-0.002415,0.000352,-0.009127,-0.003293,0.003408,-0.002406
"2024-11-04",0.015185,0.004583,-0.006161,0.001256,-0.001224,-0.004774,0.001075,0.001388,-0.001424
"2024-11-05",0.026337,0.011749,-0.00232,0.001308,0.00036,0.003728,-0.001629,-0.001684,0.000694
"2024-11-06",0.001191,0.003512,-0.003059,-0.001554,0.000626,0.001066,0.000325,-0.000839,0.002044
"2024-11-07",0.025415,0.005962,-0.004565,0.001606,0.002504,-0.003259,-0.001241,0.001891,0.003046
"2024-11-08",-0.005422,-0.001462,0.00125,-0.001393,-0.002031,0.000683,-0.000358,-0.002716,-0.000839
"2024-11-11",0.007768,0.004539,0.000212,-0.005859,-0.001717,-0.005052,0.002746,-0.001209,-0.003756
"2024-11-12",-0.010861,-0.003965,-0.001345,-0.000748,0.000824,-0.001444,0.00203,0.001551,-0.000284
"2024-11-13",0.004511,-0.000226,-0.002141,0.001567,0.000064,-0.001356,-0.001969,0.000295,-0.002372
"2024-11-14",-0.021327,-0.003955,0.000101,0.00237,0.000186,-0.000626,-0.002724,0.000633,-0.000521
"2024-11-15",-0.016535,-0.002724,-0.00385,-0.000929,0.001959,-0.001375,-0.001384,0.00068,0.001654
"2024-11-18",-0.008106,-0.000421,0.004086,0.000899,0.012218,-0.000417,-0.006188,0.001743,0.000269
"2024-11-19",0.009234,0.002959,-0.001015,-0.001627,-0.005067,-0.003154,0.004031,-0.002404,-0.00173
"2024-11-20",0.007278,0.001488,-0.006189,-0.001466,-0.000667,0.003789,0.001187,-0.002246,0.002484
"2024-11-21",0.000718,-0.00252,-0.004415,0.002342,-0.000907,-0.000805,0.00013,-0.001133,0.000397
"2024-11-22",-0.033351,-0.00663,0.000982,-0.001343,-0.000577,-0.000627,0.000898,0.000917,0.001536
"2024-11-25",-0.001262,-0.000436,-0.00926,-0.004299,-0.000723,-0.000827,0.00055,-0.000552,0.000029
"2024-11-26",-0.005069,-0.004934,0.00037,0.0016,-0.000644,-0.005959,-0.002101,0.000941,0.001269
"2024-11-27",0.018558,0.004576,0.002799,-0.00016,-0.001658,0.000866,0.000007,-0.000124,-0.00103
"2024-11-28",-0.00648,-0.00202,-0.005693,0.002014,0.00046,-0.000948,-0.000506,-0.002072,0.001327
"2024-11-29",0.012793,0.004599,-0.000069,0.000642,-0.00052,-0.001004,0.001369,0.001496,-0.000122
"2024-12-02",0.012419,0.00208,-0.002817,0.001942,0.0012,0.001704,0.000273,-0.000298,0.002262
"2024-12-03",0.00132,-0.001584,-0.001776,0.00056,0.000825,0.001162,-0.0008,-0.001393,0.001315
"2024-12-04",-0.006941,-0.001682,0.003238,0.000006,-0.001772,-0.003474,0.000512,-0.001143,-0.000247
"2024-12-05",0.001323,0.002001,-0.004258,-0.002347,-0.000337,0.001095,0.00162,-0.001006,0.001547
"2024-12-06",0.010201,-0.000391,0.002505,-0.003037,0.00099,-0.001573,-0.000934,-0.001214,0.00231
"2024-12-09",-0.003433,-0.005141,0.000785,-0.006208,-0.00222,-0.002451,0.00273,-0.00166,-0.000282
"2024-12-10",0.006718,0.003626,0.000242,-0.002608,-0.002035,0.002997,-0.000334,0.000569,-0.000359
"2024-12-11",0.004128,-0.002353,-0.001748,-0.001453,0.000109,-0.00209,0.000956,-0.000151,0.002953
"2024-12-12",0.00871,-0.001443,-0.003464,0.00058,-0.000201,-0.000311,0.00106,0.001077,0.001396
"2024-12-13",-0.019922,-0.005023,-0.002393,0.000104,-0.001794,0.000524,0.00025,-0.000193,-0.000205
"2024-12-16",-0.00718,-0.004237,-0.002651,-0.000812,0.000032,-0.001348,-0.000942,-0.001555,0.001756
"2024-12-17",-0.008256,-0.000594,0.014821,0.003913,-0.000514,-0.004691,-0.003935,0.002306,-0.002552
"2024-12-18",0.00529,-0.001627,0.002634,-0.001439,-0.000096,-0.0005,0.001596,-0.000578,-0.000254
"2024-12-19",-0.001893,0.00012,-0.001058,0.0043,-0.000529,-0.005639,0.000168,0.001479,-0.000794
"2024-12-20",-0.000608,0.002873,-0.004039,0.001256,-0.00141,-0.00095,0.001565,-0.000037,-0.000743
"2024-12-23",-0.008423,-0.001001,0.015299,0.004353,0.001643,-0.004033,-0.00411,0.001464,-0.002896
"2024-12-24",0.011728,-0.00009,0.001522,0.001905,0.001454,-0.003216,0.000321,0.003248,-0.001355
"2024-12-25",-0.003782,-0.001545,0.008419,0.001026,0.001115,-0.004647,-0.00094,0.001818,-0.001427
"2024-12-26",0.002403,-0.000751,-0.004021,-0.002778,-0.001982,-0.001672,0.00373,0.000828,-0.000369
"2024-12-27",0.000486,-0.003936,-0.003838,0.003258,0.001241,-0.004674,-0.000048,-0.000543,0.002693
"2024-12-30",0.001277,-0.002872,0.007239,0.000567,-0.000849,-0.005263,0.000622,-0.001191,-0.000972
"2024-12-31",-0.018391,-0.003797,-0.001339,0.003487,-0.001401,0.001055,-0.006762,-0.000331,-0.00216
"2025-01-02",-0.026924,-0.001573,-0.006517,-0.00164,-0.000167,0.00744,0.000145,-0.000663,-0.000002
"2025-01-03",-0.016897,-0.000704,0.006175,0.001964,0.000217,-0.002723,-0.005447,0.002387,-0.001598
"2025-01-06",-0.002328,-0.001841,0.000975,0.001675,0.000313,-0.007436,-0.000105,0.000707,-0.000122
"2025-01-07",0.009082,0.002123,-0.00719,0.001122,-0.001079,0.002635,0.003614,-0.000726,0.001517
"2025-01-08",-0.000192,-0.001819,-0.001286,0.002526,-0.001077,0.005077,-0.000876,0.00012,-0.00036
"2025-01-09",-0.003234,0.002587,-0.003232,0.001931,0.000121,-0.000021,0.001618,0.00062,-0.000299
"2025-01-10",-0.014818,-0.001112,0.008273,0.006376,-0.000321,-0.008122,-0.004233,-0.00012,-0.001419
"2025-01-13",-0.001871,0.004275,-0.000061,-0.001552,-0.000402,-0.004657,0.000036,-0.000881,0.000743
"2025-01-14",0.030402,0.007722,-0.008374,0.003882,0.000243,0.00471,0.003282,0.000282,0.000937
"2025-01-15",-0.00601,-0.001235,-0.002366,0.000541,0.001359,0.001423,0.000071,0.00062,-0.000239
"2025-01-16",0.005092,0.000717,-0.002206,-0.00189,0.000946,0.003188,0.000052,0.000313,0.001839
"2025-01-17",0.003567,-0.000566,0.003255,0.003457,-0.000903,-0.005393,-0.002793,0.001694,-0.001587
"2025-01-20",0.002511,-0.002238,-0.003841,0.00223,0.000286,-0.002139,0.001776,0.001875,0.000064
"2025-01-21",0.00056,0.000789,0.002878,0.005622,-0.000951,-0.004246,0.001412,0.001714,-0.001851
"2025-01-22",-0.008104,-0.003331,0.002607,0.001934,0.000041,-0.005433,0.000353,0.000025,-0.000429
"2025-01-23",0.001555,0.00216,-0.001644,-0.000551,0.001941,-0.000362,-0.001752,0.000397,-0.000202
"2025-01-24",0.008935,0.002321,0.000783,-0.000995,0.000605,0.000266,0.001957,-0.000493,-0.000998
"2025-01-27",-0.004133,-0.007357,0.000167,0.000002,0.000407,-0.004406,-0.005086,0.000928,-0.000371
"2025-02-05",-0.003899,0.004507,-0.002754,-0.008391,-0.000325,0.001232,0.006416,-0.002564,0.002715
"2025-02-06",0.015382,0.008124,-0.001397,-0.00037,0.000567,0.003861,0.002112,0.000506,-0.000849
"2025-02-07",0.012787,0.004786,-0.001271,-0.002006,0.002249,0.007208,-0.000636,0.000453,0.000921
"2025-02-10",0.006004,0.004232,-0.006632,-0.005322,0.000462,0.010595,-0.001863,-0.002917,0.002026
"2025-02-11",-0.00258,-0.002818,-0.002248,0.002867,0.000691,0.000896,-0.000463,0.001458,-0.000824
"2025-02-12",0.00976,0.003745,0.001641,-0.001784,0.000748,0.00351,0.001241,0.000675,0.000088
"2025-02-13",-0.005785,-0.000402,0.002938,-0.006978,0.000155,0.005776,-0.000821,-0.001529,0.001535
"2025-02-14",0.005265,0.001925,0.002037,-0.005196,-0.002414,-0.001342,-0.001607,0.000012,0.000374
"2025-02-17",0.003319,0.002121,-0.005907,0.001812,0.001717,0.002254,0.00321,0.001041,0.000783
"2025-02-18",-0.012824,-0.005643,0.004807,0.001316,-0.00153,-0.005458,-0.00282,-0.000505,-0.001812
"2025-02-19",0.010573,0.006493,-0.001593,0.000953,-0.001809,0.000138,0.002882,-0.00117,-0.001553
"2025-02-20",0.000534,0.001509,-0.00392,0.001127,-0.000925,0.000892,-0.000501,0.000145,0.000127
"2025-02-21",0.010611,0.004712,0.004026,0.00393,-0.000203,-0.001832,0.001561,-0.000155,-0.002005
"2025-02-24",-0.000872,-0.001137,-0.001142,0.001775,0.000911,-0.004853,0.001932,-0.000877,0.000995
"2025-02-25",-0.009463,0.0021,-0.000814,-0.000977,-0.00091,0.001287,-0.001065,-0.002089,-0.000227
"2025-02-26",0.01005,0.00257,-0.001339,-0.000482,0.000993,-0.00062,0.000797,-0.000733,-0.000044
"2025-02-27",0.000459,0.001073,-0.001538,0.001094,-0.000653,0.001994,-0.003303,-0.000163,-0.000036
"2025-02-28",-0.022027,-0.00789,0.000674,0.000371,0.000661,-0.002409,-0.004553,0.00124,0.000636
"2025-03-03",-0.000248,0.001403,-0.004703,-0.001001,-0.000389,-0.000816,-0.001883,0.000858,-0.001887
"2025-03-04",0.004021,0.002403,-0.004987,0.00208,-0.000995,-0.000549,-0.001105,0.000091,-0.000276
"2025-03-05",0.004472,0.000054,-0.000252,0.005472,-0.001108,-0.000455,0.001403,-0.000362,-0.000254
"2025-03-06",0.012228,0.003103,0.00117,-0.002001,0.001774,0.002158,0.001835,0.001307,-0.000309
"2025-03-07",-0.003968,-0.002221,-0.000349,0.002202,-0.001092,-0.004079,-0.000933,0.001355,-0.001457
"2025-03-10",-0.001161,0.00197,-0.004722,-0.002513,-0.001021,0.002916,-0.001705,-0.000513,-0.000509
"2025-03-11",0.004244,-0.000815,-0.000038,-0.002839,-0.0017,0,0.001091,-0.000718,0.001387
"2025-03-12",-0.001997,-0.002361,-0.003497,0.001116,0.000571,-0.000408,0.002019,-0.000438,0.000965
"2025-03-13",-0.005672,-0.003584,-0.001787,-0.003661,0.000905,0.00076,-0.002127,0.00045,0.000498
"2025-03-14",0.017976,0.0063,-0.001894,0.003141,0.000718,-0.00065,-0.000438,0.000588,0.000286
"2025-03-17",0.001004,0.002404,-0.002861,-0.000484,0.000303,0.00253,-0.00078,-0.000366,0.000426
"2025-03-18",0.002016,-0.002024,-0.001456,0.002003,-0.000325,-0.002293,0.000557,0.000494,-0.000382
"2025-03-19",-0.003908,-0.006753,0.003771,-0.001026,-0.001747,-0.004984,0.002254,-0.000718,0.000404
"2025-03-20",-0.006356,-0.004558,-0.000014,-0.001046,0.000522,-0.003679,0.000381,-0.001556,0.001167
"2025-03-21",-0.013375,-0.004696,0.001605,-0.006362,-0.00006,-0.001542,-0.000805,-0.001342,0.001355
"2025-03-24",0.001493,0.000932,0.006192,0.005072,0.000067,-0.001285,-0.003329,0.003911,-0.001624
"2025-03-25",-0.001611,0.000571,-0.003235,-0.001966,0.001208,-0.002186,-0.004705,0.002323,0.000014
"2025-03-26",-0.000747,-0.001334,-0.004368,0.001948,0.001083,-0.001971,0.000835,0.000074,0.000309
"2025-03-27",0.001312,0.000288,0.003597,0.005539,-0.000996,-0.003894,-0.003859,0.001775,-0.00113
"2025-03-28",-0.006858,-0.002275,0.005149,0.002176,-0.001615,-0.002389,-0.002426,-0.000828,-0.000384
"2025-03-31",-0.007477,-0.002854,0.00269,0.004613,-0.001004,-0.001965,-0.001433,0.000433,-0.000862
"2025-04-01",0.004456,-0.001462,-0.004868,-0.003286,-0.000144,-0.00015,-0.001916,-0.000122,-0.000563
"2025-04-02",0.000845,0.000577,-0.000548,0.00469,0.000247,-0.002381,-0.00095,0.000515,-0.000507
"2025-04-03",-0.006321,0.000898,-0.003404,-0.001598,0.001956,-0.001142,-0.000462,-0.001029,0.001389
"2025-04-07",-0.079677,-0.023512,0.017753,-0.005737,-0.001135,-0.002545,0.000736,0.00286,0.001848
"2025-04-08",0.01507,0.02112,-0.002642,-0.008336,0.003273,0.012954,-0.010791,-0.00119,-0.003851
"2025-04-09",0.015721,0.008058,-0.005642,0.005393,-0.000254,0.001024,-0.000562,0.000186,-0.000104
"2025-04-10",0.017233,0.005855,-0.007391,0.001634,0.000242,0.006715,-0.001615,0.002311,0.000187
"2025-04-11",0.00359,0.001877,0.00137,0.006335,-0.002107,-0.004037,-0.002153,-0.00031,-0.001594
"2025-04-14",0.00785,-0.001722,-0.006103,0.000057,-0.000141,0.003851,0.0015,0.000143,0.002011
"2025-04-15",-0.00071,-0.002359,-0.002678,0.002756,0.000382,-0.002809,0.000478,0.00092,-0.000272
"2025-04-16",-0.001749,-0.002183,0.00447,0.000725,0.000247,-0.003522,-0.000926,0.000358,-0.000384
"2025-04-17",-0.000104,-0.000348,-0.004912,0.00115,0.001047,-0.000811,-0.001835,0.001744,-0.000166
"2025-04-18",-0.000187,0.001044,-0.000418,0.005419,0.000727,-0.004981,-0.001189,-0.001022,0.00146
"2025-04-21",0.007896,0.00049,-0.001097,0.004529,-0.00085,0.001459,0.000988,0.000102,-0.000381
"2025-04-22",-0.001345,-0.00401,-0.002096,-0.002583,0.000972,-0.00239,-0.000379,0.001256,0.000061
"2025-04-23",0.000693,0.004026,-0.001083,0.005626,0.000921,-0.002784,0.001677,-0.001787,-0.001059
"2025-04-24",-0.002654,-0.004447,0.002821,0.002621,-0.000098,-0.004153,-0.001994,0.000065,-0.000093
"2025-04-25",0.00114,0.000154,-0.000185,0.001438,0.00119,-0.002875,0.001121,0.000043,0.000655
"2025-04-28",-0.003663,-0.001332,0.003833,0.001684,-0.000455,-0.001656,-0.001496,-0.000245,-0.000668
"2025-04-29",-0.000512,0.001239,-0.004227,0.001677,0.000824,-0.000914,-0.000531,-0.000644,-0.001141
"2025-04-30",0.001185,0.006924,-0.003708,0.0011,0.000403,0.004613,-0.001391,-0.000085,-0.000923
"2025-05-06",0.013694,0.004175,-0.006326,-0.00432,-0.001089,0.006067,0.00421,-0.001628,0.001431
"2025-05-07",0.004706,-0.001738,-0.003126,-0.002023,0.000245,0.002522,-0.000631,-0.001176,0.000953
"2025-05-08",0.00351,0.001973,-0.005113,-0.004178,-0.001161,0.001703,0.000435,-0.000176,0.000681
"2025-05-09",-0.004179,-0.003704,0.000445,0.002001,-0.000061,-0.003604,-0.002683,0.000215,-0.000695
"2025-05-12",0.009816,0.005594,-0.000225,-0.004192,-0.000243,0.005415,0.000667,-0.000652,-0.000007
"2025-05-13",0.001246,-0.001468,0.000413,-0.002329,0.001659,0.002456,-0.000161,0.001333,-0.000221
"2025-05-14",0.006501,0.00216,0.000088,-0.000918,0.000438,0.00258,0.001349,-0.000423,0.001229
"2025-05-15",-0.009845,-0.004115,-0.003678,0.002327,0.000229,-0.002106,-0.003201,-0.000214,-0.000393
"2025-05-16",-0.001855,-0.000817,-0.001907,-0.000343,-0.001086,0.000547,0.001198,-0.000504,-0.000209
"2025-05-19",0.001001,-0.002663,-0.003764,-0.000748,-0.000899,0.000994,-0.002369,-0.001708,0.001105
"2025-05-20",0.005564,0.000968,-0.004544,0.000044,-0.000819,0.00251,-0.000827,0.001332,0.000124
"2025-05-21",0.002387,-0.001786,0.003166,0.000936,-0.000557,-0.002938,-0.000507,0.000429,0.000116
"2025-05-22",-0.004188,-0.002788,0.004211,-0.000473,-0.000654,-0.002426,-0.000951,-0.000258,0.000638
"2025-05-23",-0.00933,-0.001943,0.001202,0.001981,-0.000484,-0.003771,-0.000264,-0.000179,-0.000962
"2025-05-26",-0.000014,0.001134,-0.005193,-0.001247,-0.001111,0.001918,0.001978,-0.001503,0.000929
"2025-05-27",-0.002715,-0.002927,-0.002673,-0.001393,0.000142,0.000165,-0.000175,-0.001376,0.000977
"2025-05-28",-0.000698,-0.002072,0.000644,0.001325,-0.000048,-0.001705,-0.001286,0.001114,-0.000323
"2025-05-29",0.00925,0.005912,-0.002968,-0.001799,0.000007,0.002081,-0.001047,-0.000012,0.001791
"2025-05-30",-0.005237,-0.002678,0.003419,0.004491,-0.00007,-0.00562,-0.002859,0.000186,-0.000039
"2025-06-03",0.005282,-0.000707,-0.003393,0.000125,-0.000677,0.000954,0.000461,0.002341,0.000096
"2025-06-04",0.006871,0.001665,-0.001869,0.000135,0.001102,0.001624,-0.000286,0.001229,-0.000693
"2025-06-05",0.002162,0.00352,0.001276,0.001592,-0.00065,0.000523,-0.000602,-0.000181,-0.00014
"2025-06-06",-0.000125,-0.001498,-0.002513,0.001002,-0.000243,-0.001967,-0.002032,-0.000832,0.000275
"2025-06-09",0.006309,0.002774,-0.003138,-0.003801,-0.000936,0.005061,0.001704,-0.000828,0.000863
"2025-06-10",-0.006055,-0.002727,-0.001141,-0.002018,-0.000117,0.002768,0.000252,0.000615,0.000171
"2025-06-11",0.005192,0.001579,-0.001282,0.00069,0.000073,-0.001597,-0.000267,0.000534,-0.000528
"2025-06-12",0.001408,0.001334,-0.001684,0.000361,-0.000179,0.001317,-0.000055,0.001189,-0.000283
"2025-06-13",-0.008334,-0.003476,0.004564,0.00319,-0.00037,-0.004851,-0.000642,-0.000615,-0.000835
"2025-06-16",0.003118,0.002719,-0.00416,-0.002551,0.000114,0.002793,0.002541,-0.001392,0.000764
"2025-06-17",-0.002143,-0.000048,-0.000394,-0.002197,0.00012,-0.001981,0.001283,-0.002549,0.001086
"2025-06-18",0.001201,0.002145,0.001229,0.000518,-0.000605,0.000043,-0.001209,-0.000068,-0.000722
"2025-06-19",-0.010042,-0.000061,0.003552,-0.000504,-0.000254,-0.002555,-0.00273,0.000724,-0.001617
"2025-06-20",-0.002319,-0.001501,0.000684,-0.000373,-0.000653,-0.003631,-0.001081,-0.000189,0.000276
"2025-06-23",0.004989,-0.000072,-0.005957,-0.002413,-0.000085,0.001554,0.003505,-0.002216,0.000841
"2025-06-24",0.011824,0.005773,-0.001151,0.004814,0.001095,-0.003161,-0.000717,0.000495,0.000354
"2025-06-25",0.012591,0.004117,0.002657,0.002089,0.00039,-0.001158,0.000182,0.000547,-0.000198
"2025-06-26",-0.002234,-0.002257,-0.001852,-0.000747,-0.000237,-0.000446,0.001387,-0.000872,0.000621
"2025-06-27",-0.002058,0.000838,-0.002291,-0.00121,0.00103,0.000834,-0.00041,0.000941,0.000145
"2025-06-30",0.006593,0.00048,-0.000729,-0.00103,-0.001289,0.002529,0.001177,0.000842,-0.000879
"2025-07-01",0.003634,-0.002911,-0.000021,0.003718,0.000111,-0.001706,-0.000413,0.000641,0.000348
"2025-07-02",-0.00292,-0.002224,-0.002533,-0.003693,0.003287,-0.000365,-0.000435,0.000027,0.000295
"2025-07-03",0.004271,0.000884,-0.001194,-0.000174,0.000057,-0.000262,0.000807,0.001139,0.000176
"2025-07-04",0.00133,-0.002177,0.004523,0.002168,0.000642,-0.000859,-0.000699,0.000171,0.000606
"2025-07-07",-0.00044,-0.004664,-0.004093,0.000451,-0.0003,-0.001188,0.002125,-0.001114,0.000024
"2025-07-08",0.008448,0.005361,-0.00029,-0.004136,0.000498,0.002095,0.001337,-0.000065,-0.000208
"2025-07-09",-0.001129,-0.002034,0.000162,-0.000353,0.000386,-0.000428,-0.001224,0.000698,-0.000614
"2025-07-10",0.00407,0.001557,-0.000659,-0.002318,0.002066,-0.001281,-0.000697,0.000771,0.001787
"2025-07-11",0.002184,0.003374,0.001905,0.001844,-0.000631,0.000159,-0.001184,-0.000876,-0.0001
"2025-07-14",0.001976,-0.000658,-0.0029,0.002739,0.001042,-0.000978,-0.001619,-0.000048,-0.000494
"2025-07-15",-0.00194,0.003067,0.004658,0.003039,0.000281,-0.000408,-0.001861,0.002747,-0.001373
"2025-07-16",-0.000858,0.000619,-0.002438,-0.001411,-0.000719,0.002059,-0.001241,0.00031,0.00042
"2025-07-17",0.008061,0.002782,0.001847,0.00089,-0.000302,0.000921,0.000996,-0.001774,0.000589
"2025-07-18",0.005049,-0.001103,0.001756,0.000298,0.000484,-0.001786,-0.000435,-0.0004,0.000137
"2025-07-21",0.008944,-0.000726,-0.001985,0.000498,0.002505,-0.00058,-0.000878,0.000044,0.001637
"2025-07-22",0.008427,0.000572,0.001947,-0.003426,0.001205,0.0018,-0.002639,0.000077,0.000157
"2025-07-23",-0.002707,0.001666,0.002145,0.000535,-0.000857,-0.001149,-0.001801,0.000201,-0.001304
"2025-07-24",0.008717,0.002934,0.000425,-0.004756,-0.000128,0.000149,0.002472,-0.001401,0.000292
"2025-07-25",-0.002352,0.000797,-0.00125,0.002473,-0.002277,-0.00388,-0.001167,-0.000882,-0.000945
"2025-07-28",0.001988,0.000251,-0.001059,0.005199,-0.000338,-0.002482,0.001836,-0.001393,0.00029
"2025-07-29",0.003311,0.004591,0.002435,-0.002111,0.000441,0.004361,-0.001459,0.001479,0.000465
"2025-07-30",-0.001799,-0.002116,-0.001431,-0.00183,-0.001489,-0.00025,-0.001612,0.000644,0.001045
"2025-07-31",-0.015313,0.00032,0.000044,0.001896,-0.000321,0.000991,0.000502,-0.000468,-0.000351
"2025-08-01",-0.002645,-0.000601,-0.004983,-0.000708,0.000042,-0.002318,-0.001665,0.000572,-0.000725
"2025-08-04",0.005547,0.000686,-0.001245,0.003404,-0.002032,-0.001538,-0.000584,0.000106,-0.001092
"2025-08-05",0.007996,-0.000937,-0.000536,0.002004,-0.000267,-0.002682,0.00131,-0.000423,0.00016
"2025-08-06",0.005452,0.002434,0.001254,0.002848,-0.00021,-0.000414,-0.000246,-0.000096,-0.000214
"2025-08-07",-0.000193,-0.0003,-0.000811,-0.002109,-0.000591,0.001443,0.000603,-0.000527,0.000857
"2025-08-08",-0.001283,-0.004738,-0.001326,0.00107,0.000587,-0.001537,-0.000512,-0.00059,0.000094
"2025-08-11",0.006417,0.00434,-0.001055,-0.001963,-0.000483,0.002572,0.000762,-0.000332,-0.000744
"2025-08-12",0.002776,0.000425,0.001527,0.000282,-0.000691,-0.000576,0.001319,0.000216,0.000176
"2025-08-13",0.008043,0.002175,0.004952,0.004141,-0.000232,0.000152,0.000859,0.000222,0.000524
"2025-08-14",-0.008025,-0.002831,0.005407,0.002767,0.000401,-0.000395,0.000761,0.001044,0.000874
"2025-08-15",0.012652,0.006176,0.000301,-0.000485,-0.000583,0.001876,-0.000112,-0.000224,-0.000484
"2025-08-18",0.011625,0.006282,-0.001527,-0.000756,0.000049,0.004392,0.002061,0.000462,0
"2025-08-19",-0.001402,-0.00006,-0.004872,0.000241,0.001838,0.000039,0.00155,0.001091,0.001137
"2025-08-20",0.010961,-0.001157,0.001547,0.001914,-0.000954,-0.004621,-0.002343,0.001287,0.00088
"2025-08-21",0.000066,-0.003674,0.000097,-0.000234,0.000122,-0.00119,-0.001983,0.000032,-0.000143
"2025-08-22",0.015011,0.004618,0.008045,0.001921,0.000261,-0.001316,-0.000233,-0.000602,-0.000851
"2025-08-25",0.01831,0.003735,0.006074,0.002375,0.001406,0.001957,0.001945,-0.001735,0.00083
"2025-08-26",-0.001174,-0.003616,-0.00135,-0.000607,-0.002203,-0.005856,0.000853,0.000937,0.001622
"2025-08-27",-0.016595,0.000911,0.004459,0.000955,-0.000443,0.00112,-0.002002,0.001525,-0.000981
"2025-08-28",0.01548,0.004989,0.005782,0.001264,-0.000306,0.001019,-0.000543,-0.00062,0.000784
"2025-08-29",0.004089,-0.001493,0.004392,0.007677,-0.000075,-0.004132,-0.001419,0.001107,-0.001809
"2025-09-01",0.006517,0.000696,-0.001529,-0.002532,-0.00148,0.002246,0.001,-0.000039,0.000469
"2025-09-02",-0.011439,0.00031,-0.002966,-0.001946,-0.0004,0.00066,-0.002576,-0.000492,0.000269
"2025-09-03",-0.011993,0.000813,0.004297,-0.000366,0.000589,0.002191,-0.003761,0.001001,-0.001879
"2025-09-04",-0.018364,-0.005127,-0.011414,-0.006066,0.001657,0.000558,-0.000186,0.000549,0.000055
"2025-09-05",0.021047,0.007272,0.001853,0.001719,-0.001385,-0.000191,-0.000692,-0.000362,-0.002072
"2025-09-08",0.006843,-0.000254,0.000971,-0.000098,-0.003132,-0.006323,0.000632,-0.000671,-0.001798
"2025-09-09",-0.006079,-0.00451,0.001276,-0.000694,0.000075,-0.000169,-0.001058,-0.000139,0.000604
"2025-09-10",0.000777,0.00089,-0.000884,0.00151,0.000753,0.001357,0.000737,-0.001039,0.001653
"2025-09-11",0.021265,0.006849,0.004266,0.005625,0.000736,-0.001046,-0.000004,-0.000056,0.000521
"2025-09-12",-0.003053,0.001078,0.000848,0.001026,-0.000085,0.000769,0.000779,-0.002085,0.001856
"2025-09-15",-0.000908,0.000889,0.000993,-0.004199,-0.000056,0.002336,0.001336,-0.000017,-0.000621
"2025-09-16",0.002358,0.00182,-0.002091,0.001651,0.000144,-0.002185,0.002611,0.00052,0.000311
"2025-09-17",0.006803,0.002254,0.002149,0.003097,-0.000083,-0.002738,-0.000581,0.001081,-0.000496
"2025-09-18",-0.009993,-0.000056,0.003306,0.002039,0.000127,0.000196,-0.000365,0.000186,0.000124
"2025-09-19",-0.001236,-0.003319,0.001526,0.000615,-0.000296,-0.001597,-0.002286,0.001009,-0.001528
"2025-09-22",0.002983,0.002186,0.002699,0.003961,-0.001021,-0.001822,0.000941,-0.000845,0.00013
"2025-09-23",-0.004095,-0.002112,0.002779,-0.002455,-0.00135,0.000957,-0.002115,0.000159,-0.002094
"2025-09-24",0.011948,-0.00024,0.000133,0.001228,-0.002239,-0.006682,0.000086,0.000165,-0.002281
"2025-09-25",0.001428,-0.001178,0.004683,0.002576,-0.000661,-0.003546,0.000461,0.001765,-0.000735
"2025-09-26",-0.009231,-0.004637,-0.003694,-0.000031,0.000502,-0.00462,-0.003181,-0.001014,-0.00057
"2025-09-29",0.013113,0.002852,0.001452,0.002141,0.000222,-0.001239,0.000196,-0.001292,-0.000397
"2025-09-30",0.00583,0.000115,0.003709,-0.000898,-0.001379,-0.001476,0.001539,-0.000222,-0.001249
"2025-10-09",0.013878,-0.001823,0.004923,-0.003392,0.000907,-0.001687,0.003395,-0.001676,0.000402
"2025-10-10",-0.013155,-0.007931,-0.007089,-0.000245,0.001323,0.000015,-0.001833,0.000432,0.002128
"2025-10-13",-0.003567,-0.002675,0.000253,-0.002548,-0.002342,0.002119,0.0005,-0.004151,-0.001053
"2025-10-14",-0.01213,-0.006337,-0.003598,-0.004312,0.00119,0.000441,0.000704,-0.00068,0.00079
"2025-10-15",0.012884,0.001566,-0.001392,0.006387,0.000449,-0.001614,-0.000471,0.00185,0.00028
"2025-10-16",-0.002512,-0.001306,0.001155,0.000713,-0.000016,-0.001019,-0.00134,0.000111,-0.000769
"2025-10-17",-0.022926,-0.004171,-0.003471,0.000686,0.000765,-0.000753,-0.002129,-0.000335,-0.000456
"2025-10-20",0.005371,0.00231,-0.005686,0.002474,0.000091,-0.001551,0.001267,-0.000876,0.000931
"2025-10-21",0.013562,0.002939,-0.003287,0.004665,0.00136,-0.000025,-0.002432,0.00049,0.0013
"2025-10-22",-0.002749,-0.000083,-0.002791,0.000523,0.000126,0.00041,-0.001758,-0.000889,0.000888
"2025-10-23",0.001744,-0.002176,-0.001016,0.000999,-0.000411,-0.007137,-0.000505,-0.000145,-0.000144
"2025-10-24",0.010131,0.004525,0.000465,0.006811,-0.000451,-0.002626,0.000498,0.000761,-0.001217
"2025-10-27",0.01246,0.002315,0.001157,0.00065,0.000651,0.003012,0.001537,-0.00041,-0.000408
"2025-10-28",-0.004093,-0.000526,-0.002238,-0.000664,-0.001769,0.001627,-0.001098,-0.000847,0.000203
"2025-10-29",0.01283,0.002292,0.008657,0.000294,0.000231,0.001545,0.000798,-0.000009,-0.000789
"2025-10-30",-0.009189,-0.000619,0.001339,-0.00394,-0.000971,-0.00149,-0.000736,-0.003304,-0.000769
"2025-10-31",-0.007479,0.00061,-0.005567,-0.00326,-0.001056,0.003987,-0.000184,0.000396,-0.000624
"2025-11-03",0.004045,-0.001017,-0.002986,-0.007371,0.000577,0.005283,0.001389,-0.000999,0.001247
"2025-11-04",-0.008688,-0.003866,-0.003473,-0.00494,0.000066,0.00164,0.000346,-0.000455,0.002039
"2025-11-05",0.002524,-0.003018,-0.002653,-0.00167,-0.00057,0.000932,0.000238,-0.000061,-0.000107
"2025-11-06",0.012835,0.003509,0.00191,0.00686,0.00121,-0.003433,-0.001545,-0.000519,-0.001055
"2025-11-07",-0.00176,-0.003213,0.001818,-0.001788,0.000421,-0.002232,0.000558,-0.002019,-0.000914
"2025-11-10",0.005642,-0.000769,0.000615,-0.006833,-0.000583,0.003183,-0.000669,0.000295,0.000299
"2025-11-11",-0.006367,-0.002657,-0.002448,-0.001662,0.000069,0.000447,-0.000127,-0.001655,0.000528
"2025-11-12",-0.003668,-0.000782,-0.002072,0.003173,-0.000186,-0.002303,-0.001726,0.000169,-0.000409
"2025-11-13",0.010334,0.000748,0.002363,-0.000188,-0.000737,0.000666,0.002296,-0.000876,0.000157
"2025-11-14",-0.012429,-0.003921,-0.004937,-0.001747,-0.000694,0.000496,-0.001333,-0.000979,0.000348
"2025-11-17",-0.003418,0.000416,-0.000166,-0.003943,-0.001242,0.002107,0.003937,-0.003453,0.000714
"2025-11-18",-0.00901,0.001576,-0.000481,0.00176,-0.001028,-0.002654,-0.002182,0.001382,-0.000755
"2025-11-19",-0.000239,-0.001787,0.005065,0.000278,0.000141,0.000215,-0.000983,-0.00046,-0.000423
"2025-11-20",-0.005454,-0.000992,-0.000399,0.002583,-0.000143,-0.00407,-0.000836,-0.000262,0.000306
"2025-11-21",-0.028381,-0.0012,0.005229,-0.002431,-0.002418,0.000893,-0.004041,0.001615,-0.000407
"2025-11-24",0.002606,0.002291,-0.005555,-0.000777,0.000048,0.001378,-0.001156,0.000548,0.00021
"2025-11-25",0.010658,0.002688,-0.003182,0.000791,0.000958,0.005591,0.001155,0.000226,0.000912
"2025-11-26",0.001602,0.003168,0.002318,0.004026,0.001117,0.001145,-0.001691,0.000666,0.000332
"2025-11-27",0.000356,0.0011,-0.004293,0.001475,-0.000437,-0.001216,-0.001437,-0.000739,-0.00056
"2025-11-28",0.007023,-0.0009,-0.002092,0.003572,0.000473,-0.00136,0.000564,-0.000188,-0.00038
"2025-12-01",0.009254,0.000607,0.001127,-0.001953,-0.001221,-0.001477,0.002788,0.000745,0.00116
"2025-12-02",-0.006413,-0.004194,-0.001886,-0.001415,0.001468,0.00003,0.000397,0.000525,0.000907
"2025-12-03",-0.005573,-0.001758,-0.000215,0.003378,-0.000072,-0.003487,-0.003345,0.000257,-0.000137
"2025-12-04",-0.000216,0.002681,0.004841,0.003358,0.00027,-0.002385,-0.001307,-0.000076,-0.000402
"2025-12-05",0.008495,0.001962,-0.001739,0.000015,0.000671,0.000565,0.001008,-0.000797,0.001399
"2025-12-08",0.007621,0.00534,-0.001733,0.001917,0.00064,0.005051,0.001927,0.000175,-0.000635
"2025-12-09",-0.005907,0.000295,-0.000251,0.00146,-0.000674,0.00163,-0.001748,-0.000292,0.000712
"2025-12-10",0.001858,-0.000147,0.004616,-0.002126,-0.001429,0.00163,0.000235,0.000334,-0.000347
"2025-12-11",-0.009611,-0.002549,0.004345,0.001926,-0.001878,-0.003221,-0.0024,-0.001461,-0.000613
"2025-12-12",0.00778,0.001368,0.004903,-0.002215,-0.001033,0.00292,-0.001075,0.001441,-0.001402
"2025-12-15",-0.005237,-0.0049,-0.003305,-0.000315,0.00033,-0.002044,0.000715,-0.00129,0.000277
"2025-12-16",-0.011875,-0.000113,0.001836,-0.001105,0.000034,-0.002504,-0.002232,0.001068,0.000191
"2025-12-17",0.015899,0.006158,0.002846,0.005894,0.001769,-0.000107,-0.001672,0.001462,-0.001333
"2025-12-18",-0.00268,-0.002057,-0.005764,-0.002459,0.000432,-0.001791,0.000621,-0.000592,0.000252
"2025-12-19",0.006505,-0.002146,-0.003258,-0.00204,0.000099,0.000661,0.001745,0.000881,0.002014
"2025-12-22",0.009302,0.00334,0.003034,0.003562,-0.001004,0.000372,0.00082,-0.00005,-0.000179
"2025-12-23",-0.00007,0.001518,0.001443,0.005904,0.00026,-0.001814,-0.000359,-0.000229,-0.00174
"2025-12-24",0.007358,0.003077,-0.000511,-0.001882,0.000223,0.004167,0.000814,-0.001108,0.000462
"2025-12-25",0.004533,0.001423,-0.000316,-0.001027,-0.001333,0.00029,0.001099,-0.001168,-0.000184
"2025-12-26",0.003416,-0.001636,0.004402,-0.00003,-0.000897,-0.000058,0.003243,-0.001435,0.000052
"2025-12-29",-0.0022,0.002383,-0.001697,0.000839,0.000368,0.000055,-0.001497,-0.000517,-0.000663
"2025-12-30",0.001849,0.002228,0.002643,0.004246,-0.001005,-0.004337,0.000591,0.000633,0.000789
"2025-12-31",-0.000731,-0.002277,-0.000437,-0.000201,-0.001754,-0.002582,0.00028,-0.001384,-0.000124
"2026-01-05",0.016863,0.005571,0.000666,-0.000467,-0.000283,0.002454,0.000118,0.000028,-0.001105
"2026-01-06",0.016134,0.001584,0.004349,-0.005285,0.001294,0.002394,0.002341,-0.00115,0.001183
"2026-01-07",0.002652,0.000867,0.00101,0.003545,-0.00058,0.001753,-0.001128,-0.000795,-0.00216
"2026-01-08",-0.001631,-0.002323,-0.002248,-0.007275,-0.0005,0.004072,0.002468,-0.001001,0.000461
"2026-01-09",0.010611,0.001656,0.001023,-0.000475,-0.000377,0.001916,0.001055,0.001035,0.000142
"2026-01-12",0.013938,0.006637,0.001479,-0.011432,0.000547,0.008303,0.005219,0.000374,-0.000132
"2026-01-13",-0.00823,-0.001403,-0.002951,0.000763,0.000434,-0.000118,-0.004857,-0.000284,-0.000626
"2026-01-14",0.001195,0.004238,-0.001871,-0.002862,-0.000568,0.004372,-0.000012,0.000676,-0.000303
"2026-01-15",-0.001241,-0.003145,-0.001872,0.011358,-0.000641,-0.014518,-0.000853,0.002281,-0.001131
"2026-01-16",-0.001005,0.003293,-0.002452,0.008809,-0.00119,-0.006907,-0.003717,0.001628,-0.002196
"2026-01-19",0.004743,-0.005702,-0.003566,0.004579,-0.000935,-0.004595,0.000558,-0.000584,0.00062
"2026-01-20",-0.001712,-0.002903,-0.000605,-0.001505,0.000917,-0.002473,-0.003637,0.00052,0.001133
"2026-01-21",0.003743,0.0022,-0.002162,0.004927,-0.001529,-0.003939,0.000033,-0.000201,-0.000946
"2026-01-22",0.004007,0.00069,-0.001883,0.000413,0.001941,0.002357,0.000512,-0.001065,0.001159
"2026-01-23",0.007214,0.005694,0.002804,-0.006557,0.001154,0.007531,0.001696,-0.001116,-0.001407
"2026-01-26",-0.004023,-0.005178,-0.000573,0.0015,0.000549,-0.004763,-0.000363,-0.00042,0.000262
"2026-01-27",-0.000478,0.003198,0.001228,0.001289,-0.001593,0.00205,-0.002283,0.000159,-0.001873
"2026-01-28",0.004268,-0.002957,0.004641,0.00217,0.002175,-0.002945,-0.000323,0.000472,0.000264
"2026-01-29",0.000325,0.000173,0.00234,-0.010813,0.001837,0.006573,0.001944,0.001942,0.001112
"2026-01-30",-0.010198,-0.000635,-0.008454,0.009739,-0.000858,-0.005593,-0.002697,-0.000885,-0.001508
"2026-02-02",-0.026612,-0.005117,-0.004952,-0.000111,-0.001287,-0.000893,0.002243,0.000167,0.001169
"2026-02-03",0.017857,0.005056,0.002961,-0.002461,-0.001045,0.005974,0.002233,-0.000722,-0.000845
"2026-02-04",0.007407,-0.002126,0.000374,-0.004166,0.000894,0.001242,-0.000674,-0.000902,0.000849
"2026-02-05",-0.008541,-0.003107,-0.002897,0.000553,-0.002906,-0.002227,-0.003224,-0.000742,-0.000253
"2026-02-06",-0.001869,0.000206,-0.003071,-0.000039,-0.000743,0.000104,0.000806,-0.002174,0.000553
"2026-02-09",0.015501,0.003298,0.000661,-0.001337,0.000693,0.003413,0.001392,-0.001373,0.000677
"2026-02-10",0.001753,-0.002393,0.000581,0.001325,-0.00278,-0.004171,-0.001739,-0.001372,0.001147
"2026-02-11",0.000485,-0.001266,0.000612,0.002096,-0.00124,-0.00451,-0.000597,-0.00065,-0.000604
"2026-02-12",0.003309,0.003227,0.004209,0.00304,-0.000197,-0.002554,0.002067,0.000952,-0.00114
"2026-02-13",-0.011915,-0.000999,-0.00423,0.003204,-0.002137,-0.00455,-0.000643,-0.001447,-0.000294
"2026-02-24",0.011836,-0.004883,-0.002897,0.000883,0.001775,-0.0002,0.003397,-0.000543,0.001662
"2026-02-25",0.008269,0.002961,0.002191,0.002464,0.000536,-0.000328,0.001143,-0.001752,0.000258
"2026-02-26",0.001769,-0.000426,-0.001106,0.00593,-0.001704,-0.005219,0.001078,0.000181,-0.00093
"2026-02-27",0.00398,0.001458,0.000103,-0.001272,0.000271,0.001982,0.002095,-0.000612,-0.000104
"2026-03-02",0.002369,-0.005585,0.007702,0.006679,0.00212,0.000154,-0.00149,0.000454,-0.001582
"2026-03-03",-0.021452,-0.00591,-0.000882,-0.004893,0.001356,0.001608,-0.002305,0.001352,-0.000709
"2026-03-04",-0.009059,-0.004316,-0.000126,0.001047,-0.002231,-0.002137,0.005092,-0.001775,0.000558
"2026-03-05",0.008144,-0.000342,-0.002198,0.004734,-0.000355,-0.004088,-0.001027,-0.002053,0.002688
"2026-03-06",0.006147,-0.000631,-0.005299,-0.000627,0.000646,-0.000033,-0.001087,0.001088,-0.000121
"2026-03-09",-0.00847,-0.002677,0.00102,-0.002873,-0.000224,-0.001216,0.003529,-0.001839,-0.000008
"2026-03-10",0.011356,0.004388,-0.004075,0.004501,-0.000632,0.000259,-0.001391,0.001017,-0.001168
"2026-03-11",0.003941,-0.001344,0.004716,-0.003526,0.001061,-0.000997,0.001893,-0.002245,-0.000263
"2026-03-12",-0.001878,-0.000344,0.003656,-0.002831,0.00154,0.000117,-0.001589,-0.002072,-0.000042
"2026-03-13",-0.008438,-0.000597,-0.002712,0.001626,0.000883,-0.003553,-0.002313,0.000595,0.00007
"2026-03-16",-0.003075,0.002095,-0.002571,-0.003339,-0.001724,0.003199,0.000635,-0.00131,-0.00037
"2026-03-17",-0.012867,-0.00342,0.002548,-0.002481,-0.000603,-0.001434,-0.001727,0.002114,0.001195
"2026-03-18",0.00387,0.003808,-0.005838,0.005666,-0.000233,-0.000662,0.00112,0.000957,-0.00035
"2026-03-19",-0.019088,-0.001232,0.002618,-0.006088,0.000038,0.003413,-0.000109,-0.001242,-0.000882
"2026-03-20",-0.010398,0.000256,0.005471,0.003538,-0.000026,-0.001392,-0.004365,0.001463,-0.002033
"2026-03-23",-0.036185,-0.001693,0.009546,-0.005033,-0.001193,0.004275,0.001345,-0.000458,-0.000613
"2026-03-24",0.019472,-0.000642,-0.011667,0.003555,-0.00052,0.001507,-0.002659,-0.00098,0.002065
"2026-03-25",0.016235,0.000076,-0.002026,0.00393,0.000397,-0.001509,0.000909,-0.000449,0.000598
"2026-03-26",-0.012732,-0.001974,-0.000146,0.004076,0.000979,-0.003566,-0.002155,-0.000772,-0.000975
"2026-03-27",0.008219,0.000432,-0.001242,-0.001433,-0.001078,0.001746,-0.000196,-0.000561,-0.000628
"2026-03-30",0.000439,-0.001824,-0.002729,0.005176,-0.000623,-0.001518,-0.000184,-0.001242,0.000317
"2026-03-31",-0.01353,-0.001887,0.000079,-0.000639,0.000671,-0.001434,-0.001745,0.000179,0.00106
"2026-04-01",0.01552,0.00669,0.000216,0.00173,0.001256,0.003961,-0.003118,0.002149,-0.001044
"2026-04-02",-0.010319,-0.004444,0.000797,0.000993,0.000105,0.000198,-0.001652,0.00092,-0.000071
"2026-04-03",-0.010041,0.002167,0.005425,0.005353,-0.000443,-0.000849,-0.00416,0.000846,-0.000493
"2026-04-07",0.0034,-0.00115,-0.005232,0.001283,0.001833,-0.003623,0.003909,-0.000907,0.001613
"2026-04-08",0.034434,0.010446,-0.000285,0.003884,-0.000148,0.001782,-0.000602,0.001186,-0.001161
"2026-04-09",-0.006477,-0.002448,0.001941,0.007915,-0.000948,-0.004073,0.000185,-0.00014,-0.000184
"2026-04-10",0.008695,0.003065,-0.001899,0.002358,0.000446,-0.005078,-0.000123,0.000851,-0.000573
"2026-04-13",0.00154,0.00096,0.001987,-0.001523,0.000177,0.001956,0.002699,-0.001979,-0.000095
"2026-04-14",0.009758,0.005844,0.001167,0.002601,-0.000155,-0.000062,0.000666,-0.00079,-0.000386
"2026-04-15",-0.003407,-0.00293,-0.000192,-0.000925,0.000645,0.003028,-0.002105,0.002006,-0.001076
"2026-04-16",0.01026,0.002053,-0.002598,0.002482,-0.001841,-0.000016,0.000055,-0.00096,-0.001241
"2026-04-17",0.001176,0.005381,-0.00157,0.002444,-0.000125,0.001279,-0.002395,0.000046,-0.001313
"2026-04-20",0.007136,-0.002237,-0.000372,-0.00136,-0.000315,0.002025,0.00304,0.000002,-0.00033
"2026-04-21",0.000595,-0.000276,0.00076,0.003865,-0.000705,-0.002094,-0.000347,0.00005,-0.00036
"2026-04-22",0.008408,0.003532,0.000983,0.004243,0.000459,-0.00052,-0.00069,0.000307,-0.000577
"2026-04-23",-0.004956,-0.004201,0.002825,-0.001101,0.000718,-0.00059,-0.000966,-0.000202,0.000245
"2026-04-24",-0.004665,0.000356,-0.002183,0.00481,-0.0014,-0.007684,-0.000304,-0.001296,0.000685
"2026-04-27",0.003465,0.003226,-0.002678,0.00102,-0.00147,-0.000967,-0.0016,-0.000699,0.000541
"2026-04-28",-0.004808,-0.003534,-0.000884,0.003826,-0.000029,-0.002998,0.000139,-0.000216,0.000248
"2026-04-29",0.012174,0.00265,-0.000837,0.001474,-0.000932,-0.001149,0.002568,-0.002035,-0.000125
"2026-04-30",0.000892,0.002874,-0.00082,0.001206,-0.001469,-0.000761,-0.00142,-0.00193,-0.000649
"2026-05-06",0.016917,0.005924,0.003641,0.000122,-0.000018,0.003819,0.004848,-0.001217,0.001619
"2026-05-07",0.007268,0.004702,0.000837,0.000598,-0.001237,0.004685,0.000269,0.000047,-0.000549
"2026-05-08",-0.000878,-0.001036,-0.00421,-0.00129,-0.001344,0.001741,-0.000841,-0.002127,-0.000116
"2026-05-11",0.013354,0.005196,0.002707,0.000441,0.000509,-0.000633,0.001315,0.001043,-0.000937
"2026-05-12",-0.003701,0.000022,0.001805,0.003523,-0.000792,-0.000606,-0.002426,-0.000507,-0.000188
"2026-05-13",0.010922,0.002472,0.001274,0.001208,0.000638,0.001068,0.002426,0.000301,-0.000068
"2026-05-14",-0.019106,-0.001937,-0.003067,0.001037,-0.002095,-0.002479,-0.003363,-0.001939,-0.001823
"2026-05-15",-0.011355,0.000826,-0.000342,-0.002698,-0.003574,-0.003795,0.000646,-0.001024,-0.00134
"2026-05-18",-0.001194,0.000718,-0.00222,0.00446,-0.000681,-0.003568,0.00044,-0.001122,0.000285
"2026-05-19",0.00776,0.003006,-0.000585,-0.00294,0.000013,0.000849,-0.002324,0.000158,0.000349
"2026-05-20",0.000334,0.002502,0.002108,0.008055,-0.00313,-0.004204,-0.002392,-0.000316,-0.002423
"2026-05-21",-0.021101,-0.002131,0.0044,-0.001495,-0.001855,-0.003167,-0.002326,-0.00004,0.000154
"2026-05-22",0.01325,0.002999,-0.00305,0.007887,-0.000173,-0.003401,0.002525,-0.00088,-0.000342
"2026-05-25",0.011597,0.004358,0.006306,-0.000053,0.001141,0.000198,-0.001477,-0.000088,-0.000586
"2026-05-26",-0.001872,-0.000432,0.005256,0.000285,-0.001721,-0.002138,-0.003155,0.001044,0.001569
"2026-05-27",-0.010979,-0.004516,0.003223,0.001555,-0.000648,-0.000974,-0.000464,0.001061,0.000303
"2026-05-28",0.00273,0.002985,-0.003422,0.004936,0.000415,-0.000284,0.002937,-0.002884,-0.000352
"2026-05-29",-0.010464,-0.006417,0.001376,0.002189,0.006046,0.001144,-0.002009,0.003979,0.00095
"2026-06-01",-0.006258,-0.006526,-0.010979,-0.005578,0.001881,-0.001971,0.001042,0.002245,0.001178
"2026-06-02",0.005427,0.002965,0.00392,0.006278,0.000931,-0.000991,0.000167,0.001284,-0.000048
"2026-06-03",0.003052,0.001647,0.003642,0.005359,-0.000377,0.000212,0.001,-0.002189,0.000519
"2026-06-04",-0.003996,0.002263,0.004448,0.002411,-0.000253,0.002425,0.000276,-0.001939,-0.000327
"2026-06-05",-0.010277,-0.001325,-0.008126,-0.002794,-0.000745,-0.004784,-0.000308,-0.001015,0.0006
"2026-06-08",-0.023641,-0.002796,-0.001054,-0.000782,-0.000539,-0.000325,-0.003398,-0.000264,0.000583
"2026-06-09",0.020605,0.006017,0.003076,0.006651,-0.002417,-0.001132,0.000631,-0.002285,-0.001035
"2026-06-10",-0.008998,-0.00555,0.000278,0.005057,-0.0015,-0.006471,-0.002175,-0.001588,-0.00184
"2026-06-11",-0.002005,-0.002138,0.001742,0.007186,-0.000123,-0.001076,-0.000596,-0.000183,-0.001477
"2026-06-12",0.010914,0.002938,-0.001332,-0.001263,0.000596,-0.002604,-0.003017,0.00144,-0.000004
"2026-06-15",0.025375,0.011421,0.004532,0.008097,0.00192,0.002812,0.001892,0.001431,0.000762
"2026-06-16",0.003819,0.004369,-0.000085,0.004374,-0.00029,-0.000244,0.002597,-0.001322,0.000463
"2026-06-17",0.008314,0.004294,0.004526,0.00568,-0.000045,0.001859,-0.000393,-0.000997,-0.001732
"2026-06-18",-0.002163,0.004335,0.001292,0.007283,0.000171,-0.002654,0.000537,0.000218,-0.001261
"2026-06-22",0.01874,0.003555,0.002568,-0.002356,0.00172,0.002259,0.00612,-0.000554,0.00161
"2026-06-23",-0.018353,-0.004819,-0.012643,0.002275,-0.001564,-0.003656,-0.003548,-0.00211,0.000584
"2026-06-24",0.007058,0.008476,0.010502,0.007641,-0.002019,0.000965,0.001975,-0.000332,-0.000052
"2026-06-25",0.007816,0.003847,0.009509,0.003923,0.001511,-0.000209,0.002011,0.002523,0.001119
"2026-06-26",-0.023836,-0.00287,-0.000123,-0.000329,-0.002784,0.001939,-0.003972,-0.000639,-0.000818
"2026-06-29",0.008906,-0.00259,0.00639,-0.007438,0.000909,0.001633,-0.001365,0.002759,-0.001869
"2026-06-30",0.012043,0.005767,0.003605,0.000731,-0.004244,-0.003183,0.002643,-0.000595,-0.000667
"2026-07-01",0.004629,0.00181,-0.003842,-0.010774,-0.00187,0.005008,-0.000878,-0.000834,0.000371
"2026-07-02",-0.022769,-0.009433,-0.003908,-0.005217,-0.002005,-0.003246,-0.000888,-0.000521,0.000164
"2026-07-03",0.007443,0.000985,-0.005885,0.000041,0.000425,-0.002121,-0.00597,0.002118,0.001094
"2026-07-06",-0.003767,-0.002118,0.000869,0.001195,0.002493,-0.003467,-0.003569,0.002387,-0.000407
"2026-07-07",-0.01538,-0.003281,0.003081,0.001448,-0.001427,-0.003861,-0.000015,-0.000698,-0.000273
"2026-07-08",-0.010921,-0.002605,-0.002482,0.001138,0.004088,-0.003879,-0.005904,0.002661,-0.001556
"2026-07-09",0.02014,0.007747,0.004917,0.005286,0.000953,0.002762,0.000022,0.000727,-0.000961
"2026-07-10",-0.009582,-0.001522,-0.002479,-0.01709,0.000686,0.004485,0.003081,-0.001168,0.002705
"2026-07-13",-0.028397,-0.012271,0.003774,-0.001962,0.003341,-0.005668,-0.002793,0.00232,-0.001051
"2026-07-14",0.017815,0.001074,-0.008404,0.01594,0.004002,-0.002559,-0.002411,0.001785,0.001358
"2026-07-15",-0.00417,-0.000622,-0.000417,-0.012022,0.001338,0.001612,-0.002733,0.00182,0.001083
"2026-07-16",-0.01713,-0.003077,-0.001649,-0.015912,0.000515,-0.000526,0.000354,0.000469,0.001082
"2026-07-17",-0.038272,-0.010334,0.001352,-0.009568,0.000765,-0.004286,-0.002299,-0.00239,0.000295
"2026-07-20",0.001358,-0.005383,0.017474,-0.022091,0.001613,0.000123,-0.002737,0.003668,0.001621
"2026-07-21",0.028538,0.018868,0.006493,0.012567,0.001223,0.003229,-0.002383,0.001685,-0.000768
"2026-07-22",-0.002346,-0.002955,0.005269,-0.008769,-0.001138,0.003584,0.002512,-0.000196,-0.000686
"2026-07-23",0.001337,-0.007786,-0.009855,0.000321,-0.00188,-0.002393,0.0038,-0.001793,0.00177
"2026-07-24",-0.020739,-0.007048,-0.002472,0.009637,-0.001174,-0.007539,-0.002265,-0.000149,-0.001423
"2026-07-27",0.017492,0.005223,-0.003846,0.000247,-0.000729,0.005308,0.001734,-0.00029,0.000756
"2026-07-28",-0.021342,-0.008127,-0.003223,-0.016755,-0.003912,-0.002984,0.00053,-0.002618,0.00149
"2026-07-29",0.008127,0.001193,-0.000824,-0.010309,0.000335,-0.000788,-0.003222,0.003146,0.00155
"2026-07-30",-0.011886,-0.005607,0.003998,-0.017136,-0.000702,-0.002953,-0.002565,0.000747,0.000644
"2026-07-31",0.014016,0.0102,-0.004299,0.00372,0.001239,0.004708,0.000246,0.001651,-0.000712
"2026-08-03",-0.007903,-0.005835,-0.005837,-0.007081,-0.001369,-0.003762,0.002729,-0.00349,0.001912
"2026-08-04",0.011484,0.013541,-0.004283,0.011791,-0.000629,0.005773,0.001383,-0.000567,-0.000505
"2026-08-05",0.01937,0.011808,-0.001301,0.008159,-0.001503,0.007197,0.000096,0.000207,-0.000116
"2026-08-06",0.003884,0.001333,-0.006969,0.009794,0.000769,0.002848,-0.001851,-0.000869,0.000009
"2026-08-07",0.013112,0.012369,0.000955,0.00505,0.001055,0.004907,-0.00065,-0.000501,-0.000332
"2026-08-10",0.006323,-0.00826,-0.005688,0.000572,-0.001433,-0.000015,0.001354,0.000332,-0.000101
"2026-08-11",-0.007321,-0.002394,0.000204,-0.000259,-0.000159,-0.000845,0.001657,0.000454,-0.001402
"2026-08-12",0.005431,0.006151,-0.002947,-0.000103,0.001249,0.004108,0.00021,-0.001256,0.000739
"2026-08-13",-0.008021,-0.000791,-0.000609,0.003511,-0.000088,-0.001792,0.000057,-0.000457,-0.001075
"2026-08-14",0.001123,0.005963,-0.002744,0.005691,0.00119,-0.000635,-0.001027,0.000382,-0.000478
"2026-08-17",0.0167,0.007897,-0.003576,0.004906,0.000648,0.003004,-0.00085,0.000649,-0.000836
"2026-08-18",0.000281,-0.000135,-0.002532,0.001966,-0.000443,0.001356,-0.003273,0.000923,-0.001185
"2026-08-19",-0.031987,-0.017094,0.00029,-0.000479,0.000885,-0.007363,-0.00181,0.001072,-0.000173
"2026-08-20",0.005662,0.004927,-0.003822,-0.001302,0.002522,0.000775,-0.004688,0.002057,0.00027
"2026-08-21",0.000475,0.003457,-0.001474,0.001466,-0.001834,0.000353,0.001087,-0.001087,-0.000404
"2026-08-24",-0.010405,-0.007159,-0.000775,-0.000061,-0.000937,-0.004007,-0.000313,-0.000968,-0.000795
"2026-08-25",-0.000128,-0.003547,-0.005313,-0.002461,0.001388,-0.000699,0.003084,-0.00044,0.001565
"2026-08-26",0.006868,0.000497,0.001495,-0.000091,0.000667,-0.001435,-0.001382,-0.000689,0.000686
"2026-08-27",0.014016,0.010712,0.002401,0.002653,-0.000287,0.003681,0.001926,-0.000852,-0.000059
"2026-08-28",-0.003065,-0.00731,-0.00382,-0.000849,0.000736,-0.001898,0.001557,0.001912,0.00095
"2026-08-31",0.00608,0.004803,-0.00448,0.002412,-0.002065,-0.000502,-0.000686,-0.001185,0.00011
